date,value
1998-01-05,0.490
1998-01-06,0.420
1998-01-07,0.400
1998-01-08,0.350
1998-01-09,0.330
1998-01-12,0.450
1998-01-13,0.490
1998-01-14,0.480
1998-01-16,0.400
1998-01-19,0.420
1998-01-20,0.460
1998-01-21,0.450
1998-01-22,0.440
1998-01-23,0.440
1998-01-26,0.460
1998-01-27,0.440
1998-01-28,0.430
1998-01-29,0.440
1998-01-30,0.480
1998-02-02,0.430
1998-02-03,0.440
1998-02-04,0.440
1998-02-05,0.420
1998-02-06,0.380
1998-02-09,0.410
1998-02-10,0.420
1998-02-12,0.430
1998-02-13,0.470
1998-02-16,0.460
1998-02-17,0.430
1998-02-18,0.410
1998-02-19,0.400
1998-02-20,0.420
1998-02-23,0.450
1998-02-24,0.450
1998-02-25,0.460
1998-02-26,0.450
1998-02-27,0.470
1998-03-02,0.450
1998-03-03,0.430
1998-03-04,0.370
1998-03-05,0.390
1998-03-06,0.370
1998-03-09,0.430
1998-03-10,0.460
1998-03-11,0.450
1998-03-12,0.420
1998-03-13,0.440
1998-03-16,0.430
1998-03-17,0.390
1998-03-18,0.380
1998-03-19,0.390
1998-03-20,0.410
1998-03-23,0.430
1998-03-24,0.430
1998-03-25,0.450
1998-03-26,0.430
1998-03-27,0.440
1998-03-30,0.390
1998-03-31,0.700
1998-04-01,0.460
1998-04-02,0.400
1998-04-03,0.350
1998-04-06,0.350
1998-04-07,0.420
1998-04-08,0.470
1998-04-09,0.480
1998-04-10,0.460
1998-04-13,0.460
1998-04-14,0.480
1998-04-15,0.490
1998-04-16,0.460
1998-04-17,0.430
1998-04-20,0.450
1998-04-21,0.450
1998-04-22,0.460
1998-04-23,0.450
1998-04-24,0.440
1998-04-27,0.450
1998-04-28,0.440
1998-04-30,0.460
1998-05-01,0.450
1998-05-06,0.440
1998-05-07,0.390
1998-05-08,0.370
1998-05-11,0.410
1998-05-12,0.400
1998-05-13,0.430
1998-05-14,0.420
1998-05-15,0.460
1998-05-18,0.470
1998-05-19,0.420
1998-05-20,0.420
1998-05-21,0.430
1998-05-22,0.420
1998-05-25,0.430
1998-05-26,0.420
1998-05-27,0.430
1998-05-28,0.450
1998-05-29,0.470
1998-06-01,0.460
1998-06-02,0.460
1998-06-03,0.440
1998-06-04,0.420
1998-06-05,0.400
1998-06-08,0.430
1998-06-09,0.440
1998-06-10,0.450
1998-06-11,0.450
1998-06-12,0.420
1998-06-15,0.480
1998-06-16,0.460
1998-06-17,0.440
1998-06-18,0.410
1998-06-19,0.440
1998-06-22,0.460
1998-06-23,0.480
1998-06-24,0.450
1998-06-25,0.470
1998-06-26,0.460
1998-06-29,0.350
1998-06-30,0.340
1998-07-01,0.280
1998-07-02,0.330
1998-07-03,0.350
1998-07-06,0.400
1998-07-07,0.430
1998-07-08,0.450
1998-07-09,0.430
1998-07-10,0.420
1998-07-13,0.420
1998-07-14,0.420
1998-07-15,0.510
1998-07-16,0.460
1998-07-17,0.420
1998-07-21,0.450
1998-07-22,0.430
1998-07-23,0.420
1998-07-24,0.390
1998-07-27,0.410
1998-07-28,0.390
1998-07-29,0.410
1998-07-30,0.410
1998-07-31,0.460
1998-08-03,0.420
1998-08-04,0.420
1998-08-05,0.430
1998-08-06,0.450
1998-08-07,0.460
1998-08-10,0.440
1998-08-11,0.430
1998-08-12,0.420
1998-08-13,0.430
1998-08-14,0.490
1998-08-17,0.410
1998-08-18,0.410
1998-08-19,0.430
1998-08-20,0.420
1998-08-21,0.410
1998-08-24,0.420
1998-08-25,0.420
1998-08-26,0.410
1998-08-27,0.410
1998-08-28,0.390
1998-08-31,0.450
1998-09-01,0.410
1998-09-02,0.380
1998-09-03,0.380
1998-09-04,0.420
1998-09-07,0.430
1998-09-08,0.450
1998-09-09,0.450
1998-09-10,0.230
1998-09-11,0.260
1998-09-14,0.280
1998-09-16,0.240
1998-09-17,0.240
1998-09-18,0.240
1998-09-21,0.260
1998-09-22,0.260
1998-09-24,0.260
1998-09-25,0.260
1998-09-28,0.260
1998-09-29,0.250
1998-09-30,0.470
1998-10-01,0.290
1998-10-02,0.260
1998-10-05,0.240
1998-10-06,0.210
1998-10-07,0.200
1998-10-08,0.210
1998-10-09,0.210
1998-10-12,0.230
1998-10-13,0.240
1998-10-14,0.260
1998-10-15,0.270
1998-10-16,0.240
1998-10-19,0.230
1998-10-20,0.230
1998-10-21,0.230
1998-10-22,0.260
1998-10-23,0.220
1998-10-26,0.200
1998-10-27,0.210
1998-10-28,0.200
1998-10-29,0.210
1998-10-30,0.330
1998-11-02,0.240
1998-11-04,0.210
1998-11-05,0.200
1998-11-06,0.190
1998-11-09,0.190
1998-11-10,0.190
1998-11-11,0.160
1998-11-12,0.150
1998-11-13,0.220
1998-11-16,0.210
1998-11-17,0.200
1998-11-18,0.190
1998-11-19,0.170
1998-11-20,0.170
1998-11-24,0.180
1998-11-25,0.210
1998-11-26,0.220
1998-11-27,0.230
1998-11-30,0.300
1998-12-01,0.240
1998-12-02,0.220
1998-12-03,0.220
1998-12-04,0.210
1998-12-07,0.280
1998-12-08,0.280
1998-12-09,0.240
1998-12-10,0.240
1998-12-11,0.220
1998-12-14,0.280
1998-12-15,0.280
1998-12-16,0.220
1998-12-17,0.220
1998-12-18,0.260
1998-12-21,0.290
1998-12-22,0.280
1998-12-24,0.260
1998-12-25,0.240
1998-12-28,0.240
1998-12-29,0.230
1998-12-30,0.320
1999-01-04,0.250
1999-01-05,0.240
1999-01-06,0.200
1999-01-07,0.210
1999-01-08,0.200
1999-01-11,0.210
1999-01-12,0.220
1999-01-13,0.230
1999-01-14,0.180
1999-01-18,0.230
1999-01-19,0.230
1999-01-20,0.230
1999-01-21,0.220
1999-01-22,0.230
1999-01-25,0.230
1999-01-26,0.240
1999-01-27,0.250
1999-01-28,0.240
1999-01-29,0.240
1999-02-01,0.260
1999-02-02,0.240
1999-02-03,0.230
1999-02-04,0.240
1999-02-05,0.240
1999-02-08,0.240
1999-02-09,0.250
1999-02-10,0.260
1999-02-12,0.280
1999-02-15,0.120
1999-02-16,0.100
1999-02-17,0.080
1999-02-18,0.110
1999-02-19,0.110
1999-02-22,0.120
1999-02-23,0.130
1999-02-24,0.120
1999-02-25,0.120
1999-02-26,0.100
1999-03-01,0.090
1999-03-02,0.070
1999-03-03,0.040
1999-03-04,0.030
1999-03-05,0.030
1999-03-08,0.040
1999-03-09,0.040
1999-03-10,0.050
1999-03-11,0.050
1999-03-12,0.030
1999-03-15,0.040
1999-03-16,0.040
1999-03-17,0.030
1999-03-18,0.030
1999-03-19,0.030
1999-03-23,0.030
1999-03-24,0.040
1999-03-25,0.040
1999-03-26,0.030
1999-03-29,0.030
1999-03-30,0.040
1999-03-31,0.050
1999-04-01,0.050
1999-04-02,0.040
1999-04-05,0.030
1999-04-06,0.030
1999-04-07,0.030
1999-04-08,0.030
1999-04-09,0.030
1999-04-12,0.030
1999-04-13,0.030
1999-04-14,0.030
1999-04-15,0.030
1999-04-16,0.030
1999-04-19,0.030
1999-04-20,0.030
1999-04-21,0.030
1999-04-22,0.030
1999-04-23,0.030
1999-04-26,0.030
1999-04-27,0.030
1999-04-28,0.030
1999-04-30,0.030
1999-05-06,0.030
1999-05-07,0.030
1999-05-10,0.030
1999-05-11,0.030
1999-05-12,0.030
1999-05-13,0.030
1999-05-14,0.030
1999-05-17,0.030
1999-05-18,0.030
1999-05-19,0.030
1999-05-20,0.030
1999-05-21,0.030
1999-05-24,0.030
1999-05-25,0.030
1999-05-26,0.030
1999-05-27,0.030
1999-05-28,0.030
1999-05-31,0.030
1999-06-01,0.030
1999-06-02,0.030
1999-06-03,0.030
1999-06-04,0.030
1999-06-07,0.030
1999-06-08,0.030
1999-06-09,0.030
1999-06-10,0.030
1999-06-11,0.030
1999-06-14,0.030
1999-06-15,0.030
1999-06-16,0.030
1999-06-17,0.030
1999-06-18,0.030
1999-06-21,0.030
1999-06-22,0.030
1999-06-23,0.030
1999-06-24,0.030
1999-06-25,0.030
1999-06-28,0.030
1999-06-29,0.030
1999-06-30,0.030
1999-07-01,0.030
1999-07-02,0.030
1999-07-05,0.030
1999-07-06,0.030
1999-07-07,0.030
1999-07-08,0.030
1999-07-09,0.030
1999-07-12,0.030
1999-07-13,0.030
1999-07-14,0.030
1999-07-15,0.030
1999-07-16,0.030
1999-07-19,0.030
1999-07-21,0.030
1999-07-22,0.030
1999-07-23,0.030
1999-07-26,0.030
1999-07-27,0.030
1999-07-28,0.030
1999-07-29,0.030
1999-07-30,0.030
1999-08-02,0.030
1999-08-03,0.030
1999-08-04,0.030
1999-08-05,0.030
1999-08-06,0.030
1999-08-09,0.030
1999-08-10,0.030
1999-08-11,0.030
1999-08-12,0.030
1999-08-13,0.030
1999-08-16,0.030
1999-08-17,0.030
1999-08-18,0.030
1999-08-19,0.030
1999-08-20,0.030
1999-08-23,0.030
1999-08-24,0.030
1999-08-25,0.030
1999-08-26,0.030
1999-08-27,0.030
1999-08-30,0.030
1999-08-31,0.030
1999-09-01,0.030
1999-09-02,0.030
1999-09-03,0.030
1999-09-06,0.030
1999-09-07,0.030
1999-09-08,0.060
1999-09-09,0.060
1999-09-10,0.030
1999-09-13,0.030
1999-09-14,0.030
1999-09-16,0.030
1999-09-17,0.020
1999-09-20,0.030
1999-09-21,0.030
1999-09-22,0.020
1999-09-24,0.020
1999-09-27,0.030
1999-09-28,0.030
1999-09-29,0.030
1999-09-30,0.050
1999-10-01,0.030
1999-10-04,0.030
1999-10-05,0.020
1999-10-06,0.030
1999-10-07,0.020
1999-10-08,0.020
1999-10-12,0.020
1999-10-13,0.020
1999-10-14,0.020
1999-10-15,0.020
1999-10-18,0.020
1999-10-19,0.020
1999-10-20,0.020
1999-10-21,0.030
1999-10-22,0.030
1999-10-25,0.030
1999-10-26,0.030
1999-10-27,0.030
1999-10-28,0.030
1999-10-29,0.020
1999-11-01,0.030
1999-11-02,0.020
1999-11-04,0.030
1999-11-05,0.030
1999-11-08,0.020
1999-11-09,0.030
1999-11-10,0.030
1999-11-11,0.030
1999-11-12,0.030
1999-11-15,0.030
1999-11-16,0.030
1999-11-17,0.030
1999-11-18,0.030
1999-11-19,0.030
1999-11-22,0.030
1999-11-24,0.030
1999-11-25,0.030
1999-11-26,0.020
1999-11-29,0.020
1999-11-30,0.020
1999-12-01,0.030
1999-12-02,0.020
1999-12-03,0.020
1999-12-06,0.020
1999-12-07,0.020
1999-12-08,0.020
1999-12-09,0.020
1999-12-10,0.020
1999-12-13,0.020
1999-12-14,0.030
1999-12-15,0.040
1999-12-16,0.030
1999-12-17,0.030
1999-12-20,0.020
1999-12-21,0.020
1999-12-22,0.020
1999-12-24,0.020
1999-12-27,0.020
1999-12-28,0.020
1999-12-29,0.020
1999-12-30,0.050
2000-01-04,0.030
2000-01-05,0.020
2000-01-06,0.020
2000-01-07,0.020
2000-01-11,0.020
2000-01-12,0.020
2000-01-13,0.020
2000-01-14,0.020
2000-01-17,0.020
2000-01-18,0.020
2000-01-19,0.020
2000-01-20,0.020
2000-01-21,0.020
2000-01-24,0.020
2000-01-25,0.020
2000-01-26,0.020
2000-01-27,0.020
2000-01-28,0.020
2000-01-31,0.020
2000-02-01,0.020
2000-02-02,0.020
2000-02-03,0.020
2000-02-04,0.020
2000-02-07,0.020
2000-02-08,0.020
2000-02-09,0.020
2000-02-10,0.020
2000-02-14,0.020
2000-02-15,0.020
2000-02-16,0.020
2000-02-17,0.020
2000-02-18,0.020
2000-02-21,0.020
2000-02-22,0.020
2000-02-23,0.020
2000-02-24,0.020
2000-02-25,0.020
2000-02-28,0.280
2000-02-29,0.050
2000-03-01,0.020
2000-03-02,0.020
2000-03-03,0.020
2000-03-06,0.020
2000-03-07,0.020
2000-03-08,0.020
2000-03-09,0.020
2000-03-10,0.020
2000-03-13,0.020
2000-03-14,0.020
2000-03-15,0.020
2000-03-16,0.020
2000-03-17,0.020
2000-03-21,0.030
2000-03-22,0.020
2000-03-23,0.020
2000-03-24,0.020
2000-03-27,0.020
2000-03-28,0.020
2000-03-29,0.020
2000-03-30,0.020
2000-03-31,0.040
2000-04-03,0.020
2000-04-04,0.020
2000-04-05,0.020
2000-04-06,0.020
2000-04-07,0.020
2000-04-10,0.020
2000-04-11,0.020
2000-04-12,0.020
2000-04-13,0.020
2000-04-14,0.020
2000-04-17,0.020
2000-04-18,0.020
2000-04-19,0.020
2000-04-20,0.020
2000-04-21,0.020
2000-04-24,0.020
2000-04-25,0.020
2000-04-26,0.020
2000-04-27,0.020
2000-04-28,0.020
2000-05-01,0.020
2000-05-02,0.020
2000-05-08,0.030
2000-05-09,0.020
2000-05-10,0.020
2000-05-11,0.020
2000-05-12,0.020
2000-05-15,0.020
2000-05-16,0.020
2000-05-17,0.020
2000-05-18,0.020
2000-05-19,0.020
2000-05-22,0.020
2000-05-23,0.020
2000-05-24,0.020
2000-05-25,0.020
2000-05-26,0.020
2000-05-29,0.020
2000-05-30,0.020
2000-05-31,0.030
2000-06-01,0.030
2000-06-02,0.020
2000-06-05,0.020
2000-06-06,0.020
2000-06-07,0.020
2000-06-08,0.020
2000-06-09,0.020
2000-06-12,0.020
2000-06-13,0.020
2000-06-14,0.020
2000-06-15,0.020
2000-06-16,0.020
2000-06-19,0.020
2000-06-20,0.020
2000-06-21,0.020
2000-06-22,0.020
2000-06-23,0.020
2000-06-26,0.020
2000-06-27,0.020
2000-06-28,0.020
2000-06-29,0.020
2000-06-30,0.030
2000-07-03,0.020
2000-07-04,0.020
2000-07-05,0.020
2000-07-06,0.020
2000-07-07,0.020
2000-07-10,0.020
2000-07-11,0.020
2000-07-12,0.020
2000-07-13,0.020
2000-07-14,0.030
2000-07-17,0.020
2000-07-18,0.030
2000-07-19,0.020
2000-07-21,0.020
2000-07-24,0.020
2000-07-25,0.020
2000-07-26,0.020
2000-07-27,0.020
2000-07-28,0.020
2000-07-31,0.020
2000-08-01,0.020
2000-08-02,0.020
2000-08-03,0.020
2000-08-04,0.020
2000-08-07,0.020
2000-08-08,0.020
2000-08-09,0.020
2000-08-10,0.030
2000-08-11,0.040
2000-08-14,0.100
2000-08-15,0.220
2000-08-16,0.270
2000-08-17,0.280
2000-08-18,0.240
2000-08-21,0.250
2000-08-22,0.240
2000-08-23,0.250
2000-08-24,0.250
2000-08-25,0.250
2000-08-28,0.260
2000-08-29,0.250
2000-08-30,0.250
2000-08-31,0.250
2000-09-01,0.240
2000-09-04,0.250
2000-09-05,0.250
2000-09-06,0.240
2000-09-07,0.250
2000-09-08,0.250
2000-09-11,0.250
2000-09-12,0.250
2000-09-13,0.250
2000-09-14,0.240
2000-09-18,0.260
2000-09-19,0.250
2000-09-20,0.250
2000-09-21,0.250
2000-09-22,0.250
2000-09-25,0.250
2000-09-26,0.240
2000-09-27,0.240
2000-09-28,0.250
2000-09-29,0.280
2000-10-02,0.250
2000-10-03,0.240
2000-10-04,0.240
2000-10-05,0.250
2000-10-06,0.240
2000-10-10,0.250
2000-10-11,0.250
2000-10-12,0.250
2000-10-13,0.230
2000-10-16,0.260
2000-10-17,0.250
2000-10-18,0.250
2000-10-19,0.250
2000-10-20,0.250
2000-10-23,0.260
2000-10-24,0.250
2000-10-25,0.240
2000-10-26,0.250
2000-10-27,0.240
2000-10-30,0.250
2000-10-31,0.250
2000-11-01,0.250
2000-11-02,0.240
2000-11-06,0.250
2000-11-07,0.240
2000-11-08,0.250
2000-11-09,0.250
2000-11-10,0.240
2000-11-13,0.250
2000-11-14,0.240
2000-11-15,0.230
2000-11-16,0.250
2000-11-17,0.250
2000-11-20,0.250
2000-11-21,0.250
2000-11-22,0.250
2000-11-24,0.250
2000-11-27,0.250
2000-11-28,0.250
2000-11-29,0.250
2000-11-30,0.260
2000-12-01,0.250
2000-12-04,0.240
2000-12-05,0.250
2000-12-06,0.250
2000-12-07,0.250
2000-12-08,0.250
2000-12-11,0.250
2000-12-12,0.250
2000-12-13,0.240
2000-12-14,0.250
2000-12-15,0.250
2000-12-18,0.250
2000-12-19,0.220
2000-12-20,0.250
2000-12-21,0.240
2000-12-22,0.230
2000-12-25,0.240
2000-12-26,0.230
2000-12-27,0.230
2000-12-28,0.250
2000-12-29,0.200
2001-01-04,0.250
2001-01-05,0.250
2001-01-09,0.210
2001-01-10,0.240
2001-01-11,0.240
2001-01-12,0.250
2001-01-15,0.280
2001-01-16,0.250
2001-01-17,0.250
2001-01-18,0.240
2001-01-19,0.250
2001-01-22,0.280
2001-01-23,0.250
2001-01-24,0.250
2001-01-25,0.240
2001-01-26,0.240
2001-01-29,0.260
2001-01-30,0.250
2001-01-31,0.250
2001-02-01,0.240
2001-02-02,0.230
2001-02-05,0.250
2001-02-06,0.240
2001-02-07,0.240
2001-02-08,0.250
2001-02-09,0.250
2001-02-13,0.280
2001-02-14,0.240
2001-02-15,0.260
2001-02-16,0.240
2001-02-19,0.250
2001-02-20,0.250
2001-02-21,0.250
2001-02-22,0.250
2001-02-23,0.240
2001-02-26,0.250
2001-02-27,0.250
2001-02-28,0.260
2001-03-01,0.150
2001-03-02,0.140
2001-03-05,0.150
2001-03-06,0.140
2001-03-07,0.150
2001-03-08,0.150
2001-03-09,0.150
2001-03-12,0.160
2001-03-13,0.140
2001-03-14,0.140
2001-03-15,0.150
2001-03-16,0.140
2001-03-19,0.130
2001-03-21,0.060
2001-03-22,0.040
2001-03-23,0.030
2001-03-26,0.030
2001-03-27,0.030
2001-03-28,0.020
2001-03-29,0.020
2001-03-30,0.120
2001-04-02,0.070
2001-04-03,0.030
2001-04-04,0.030
2001-04-05,0.020
2001-04-06,0.020
2001-04-09,0.020
2001-04-10,0.020
2001-04-11,0.020
2001-04-12,0.010
2001-04-13,0.010
2001-04-16,0.020
2001-04-17,0.020
2001-04-18,0.020
2001-04-19,0.020
2001-04-20,0.010
2001-04-23,0.010
2001-04-24,0.010
2001-04-25,0.010
2001-04-26,0.010
2001-04-27,0.020
2001-05-01,0.010
2001-05-02,0.010
2001-05-07,0.010
2001-05-08,0.010
2001-05-09,0.010
2001-05-10,0.010
2001-05-11,0.010
2001-05-14,0.020
2001-05-15,0.160
2001-05-16,0.010
2001-05-17,0.010
2001-05-18,0.010
2001-05-21,0.010
2001-05-22,0.010
2001-05-23,0.010
2001-05-24,0.010
2001-05-25,0.010
2001-05-28,0.010
2001-05-29,0.010
2001-05-30,0.010
2001-05-31,0.030
2001-06-01,0.010
2001-06-04,0.010
2001-06-05,0.010
2001-06-06,0.010
2001-06-07,0.010
2001-06-08,0.010
2001-06-11,0.010
2001-06-12,0.010
2001-06-13,0.010
2001-06-14,0.010
2001-06-15,0.010
2001-06-18,0.010
2001-06-19,0.010
2001-06-20,0.020
2001-06-21,0.020
2001-06-22,0.030
2001-06-25,0.030
2001-06-26,0.020
2001-06-27,0.020
2001-06-28,0.040
2001-06-29,0.060
2001-07-02,0.020
2001-07-03,0.020
2001-07-04,0.010
2001-07-05,0.010
2001-07-06,0.010
2001-07-09,0.010
2001-07-10,0.010
2001-07-11,0.010
2001-07-12,0.010
2001-07-13,0.010
2001-07-16,0.020
2001-07-17,0.020
2001-07-18,0.010
2001-07-19,0.010
2001-07-23,0.020
2001-07-24,0.010
2001-07-25,0.010
2001-07-26,0.010
2001-07-27,0.010
2001-07-30,0.010
2001-07-31,0.020
2001-08-01,0.010
2001-08-02,0.010
2001-08-03,0.010
2001-08-06,0.010
2001-08-07,0.010
2001-08-08,0.010
2001-08-09,0.010
2001-08-10,0.010
2001-08-13,0.010
2001-08-14,0.010
2001-08-15,0.010
2001-08-16,0.010
2001-08-17,0.010
2001-08-20,0.010
2001-08-21,0.010
2001-08-22,0.010
2001-08-23,0.010
2001-08-24,0.010
2001-08-27,0.010
2001-08-28,0.010
2001-08-29,0.010
2001-08-30,0.010
2001-08-31,0.010
2001-09-03,0.010
2001-09-04,0.010
2001-09-05,0.010
2001-09-06,0.002
2001-09-07,0.002
2001-09-10,0.002
2001-09-11,0.003
2001-09-12,0.031
2001-09-13,0.003
2001-09-14,0.002
2001-09-17,0.003
2001-09-18,0.002
2001-09-19,0.002
2001-09-20,0.003
2001-09-21,0.002
2001-09-25,0.002
2001-09-26,0.002
2001-09-27,0.002
2001-09-28,0.003
2001-10-01,0.002
2001-10-02,0.001
2001-10-03,0.001
2001-10-04,0.001
2001-10-05,0.001
2001-10-09,0.003
2001-10-10,0.019
2001-10-11,0.009
2001-10-12,0.002
2001-10-15,0.002
2001-10-16,0.002
2001-10-17,0.002
2001-10-18,0.002
2001-10-19,0.002
2001-10-22,0.002
2001-10-23,0.002
2001-10-24,0.002
2001-10-25,0.002
2001-10-26,0.003
2001-10-29,0.003
2001-10-30,0.003
2001-10-31,0.003
2001-11-01,0.002
2001-11-02,0.002
2001-11-05,0.002
2001-11-06,0.002
2001-11-07,0.002
2001-11-08,0.002
2001-11-09,0.003
2001-11-12,0.004
2001-11-13,0.003
2001-11-14,0.003
2001-11-15,0.002
2001-11-16,0.002
2001-11-19,0.002
2001-11-20,0.002
2001-11-21,0.002
2001-11-22,0.002
2001-11-26,0.003
2001-11-27,0.003
2001-11-28,0.002
2001-11-29,0.003
2001-11-30,0.003
2001-12-03,0.002
2001-12-04,0.002
2001-12-05,0.002
2001-12-06,0.002
2001-12-07,0.002
2001-12-10,0.003
2001-12-11,0.002
2001-12-12,0.002
2001-12-13,0.002
2001-12-14,0.001
2001-12-17,0.002
2001-12-18,0.002
2001-12-19,0.002
2001-12-20,0.002
2001-12-21,0.002
2001-12-25,0.001
2001-12-26,0.001
2001-12-27,0.001
2001-12-28,0.002
2002-01-04,0.002
2002-01-07,0.001
2002-01-08,0.001
2002-01-09,0.001
2002-01-10,0.001
2002-01-11,0.002
2002-01-15,0.001
2002-01-16,0.001
2002-01-17,0.001
2002-01-18,0.001
2002-01-21,0.001
2002-01-22,0.001
2002-01-23,0.001
2002-01-24,0.001
2002-01-25,0.001
2002-01-28,0.001
2002-01-29,0.001
2002-01-30,0.001
2002-01-31,0.001
2002-02-01,0.001
2002-02-04,0.001
2002-02-05,0.001
2002-02-06,0.001
2002-02-07,0.001
2002-02-08,0.001
2002-02-12,0.001
2002-02-13,0.001
2002-02-14,0.001
2002-02-15,0.001
2002-02-18,0.001
2002-02-19,0.001
2002-02-20,0.001
2002-02-21,0.001
2002-02-22,0.001
2002-02-25,0.001
2002-02-26,0.001
2002-02-27,0.001
2002-02-28,0.001
2002-03-01,0.001
2002-03-04,0.001
2002-03-05,0.001
2002-03-06,0.002
2002-03-07,0.002
2002-03-08,0.002
2002-03-11,0.002
2002-03-12,0.002
2002-03-13,0.002
2002-03-14,0.002
2002-03-15,0.002
2002-03-18,0.002
2002-03-19,0.002
2002-03-20,0.001
2002-03-22,0.001
2002-03-25,0.001
2002-03-26,0.001
2002-03-27,0.001
2002-03-28,0.001
2002-03-29,0.012
2002-04-01,0.002
2002-04-02,0.001
2002-04-03,0.001
2002-04-04,0.001
2002-04-05,0.001
2002-04-08,0.002
2002-04-09,0.002
2002-04-10,0.003
2002-04-11,0.002
2002-04-12,0.001
2002-04-15,0.001
2002-04-16,0.001
2002-04-17,0.001
2002-04-18,0.001
2002-04-19,0.001
2002-04-22,0.001
2002-04-23,0.001
2002-04-24,0.002
2002-04-25,0.002
2002-04-26,0.002
2002-04-30,0.002
2002-05-01,0.002
2002-05-02,0.001
2002-05-07,0.002
2002-05-08,0.002
2002-05-09,0.002
2002-05-10,0.001
2002-05-13,0.002
2002-05-14,0.001
2002-05-15,0.001
2002-05-16,0.001
2002-05-17,0.001
2002-05-20,0.002
2002-05-21,0.001
2002-05-22,0.001
2002-05-23,0.001
2002-05-24,0.001
2002-05-27,0.002
2002-05-28,0.001
2002-05-29,0.001
2002-05-30,0.001
2002-05-31,0.002
2002-06-03,0.002
2002-06-04,0.002
2002-06-05,0.001
2002-06-06,0.002
2002-06-07,0.001
2002-06-10,0.001
2002-06-11,0.001
2002-06-12,0.001
2002-06-13,0.001
2002-06-14,0.001
2002-06-17,0.002
2002-06-18,0.001
2002-06-19,0.002
2002-06-20,0.002
2002-06-21,0.002
2002-06-24,0.001
2002-06-25,0.001
2002-06-26,0.001
2002-06-27,0.001
2002-06-28,0.002
2002-07-01,0.001
2002-07-02,0.002
2002-07-03,0.001
2002-07-04,0.002
2002-07-05,0.001
2002-07-08,0.002
2002-07-09,0.002
2002-07-10,0.002
2002-07-11,0.002
2002-07-12,0.002
2002-07-15,0.002
2002-07-16,0.001
2002-07-17,0.002
2002-07-18,0.002
2002-07-19,0.002
2002-07-22,0.002
2002-07-23,0.002
2002-07-24,0.002
2002-07-25,0.002
2002-07-26,0.002
2002-07-29,0.002
2002-07-30,0.002
2002-07-31,0.001
2002-08-01,0.002
2002-08-02,0.001
2002-08-05,0.002
2002-08-06,0.002
2002-08-07,0.002
2002-08-08,0.002
2002-08-09,0.002
2002-08-12,0.002
2002-08-13,0.001
2002-08-14,0.001
2002-08-15,0.002
2002-08-16,0.002
2002-08-19,0.002
2002-08-20,0.002
2002-08-21,0.002
2002-08-22,0.002
2002-08-23,0.002
2002-08-26,0.002
2002-08-27,0.002
2002-08-28,0.002
2002-08-29,0.002
2002-08-30,0.002
2002-09-02,0.002
2002-09-03,0.001
2002-09-04,0.002
2002-09-05,0.002
2002-09-06,0.002
2002-09-09,0.002
2002-09-10,0.002
2002-09-11,0.002
2002-09-12,0.002
2002-09-13,0.002
2002-09-17,0.002
2002-09-18,0.002
2002-09-19,0.001
2002-09-20,0.002
2002-09-24,0.002
2002-09-25,0.001
2002-09-26,0.002
2002-09-27,0.002
2002-09-30,0.067
2002-10-01,0.002
2002-10-02,0.002
2002-10-03,0.002
2002-10-04,0.002
2002-10-07,0.002
2002-10-08,0.002
2002-10-09,0.002
2002-10-10,0.002
2002-10-11,0.002
2002-10-15,0.002
2002-10-16,0.002
2002-10-17,0.002
2002-10-18,0.002
2002-10-21,0.001
2002-10-22,0.002
2002-10-23,0.002
2002-10-24,0.002
2002-10-25,0.002
2002-10-28,0.001
2002-10-29,0.002
2002-10-30,0.002
2002-10-31,0.002
2002-11-01,0.002
2002-11-05,0.002
2002-11-06,0.002
2002-11-07,0.002
2002-11-08,0.002
2002-11-11,0.002
2002-11-12,0.002
2002-11-13,0.002
2002-11-14,0.002
2002-11-15,0.002
2002-11-18,0.002
2002-11-19,0.002
2002-11-20,0.002
2002-11-21,0.002
2002-11-22,0.002
2002-11-25,0.002
2002-11-26,0.002
2002-11-27,0.001
2002-11-28,0.002
2002-11-29,0.002
2002-12-02,0.002
2002-12-03,0.002
2002-12-04,0.002
2002-12-05,0.002
2002-12-06,0.002
2002-12-09,0.002
2002-12-10,0.002
2002-12-11,0.002
2002-12-12,0.002
2002-12-13,0.002
2002-12-16,0.002
2002-12-17,0.002
2002-12-18,0.002
2002-12-19,0.002
2002-12-20,0.002
2002-12-24,0.002
2002-12-25,0.002
2002-12-26,0.002
2002-12-27,0.001
2002-12-30,0.002
2003-01-06,0.002
2003-01-07,0.002
2003-01-08,0.002
2003-01-09,0.002
2003-01-10,0.002
2003-01-14,0.002
2003-01-15,0.002
2003-01-16,0.002
2003-01-17,0.002
2003-01-20,0.002
2003-01-21,0.002
2003-01-22,0.002
2003-01-23,0.001
2003-01-24,0.001
2003-01-27,0.001
2003-01-28,0.001
2003-01-29,0.002
2003-01-30,0.001
2003-01-31,0.001
2003-02-03,0.001
2003-02-04,0.001
2003-02-05,0.001
2003-02-06,0.001
2003-02-07,0.001
2003-02-10,0.002
2003-02-12,0.001
2003-02-13,0.001
2003-02-14,0.001
2003-02-17,0.002
2003-02-18,0.001
2003-02-19,0.001
2003-02-20,0.001
2003-02-21,0.001
2003-02-24,0.001
2003-02-25,0.001
2003-02-26,0.001
2003-02-27,0.001
2003-02-28,0.001
2003-03-03,0.001
2003-03-04,0.001
2003-03-05,0.001
2003-03-06,0.001
2003-03-07,0.001
2003-03-10,0.001
2003-03-11,0.001
2003-03-12,0.001
2003-03-13,0.002
2003-03-14,0.001
2003-03-17,0.001
2003-03-18,0.001
2003-03-19,0.002
2003-03-20,0.002
2003-03-24,0.001
2003-03-25,0.001
2003-03-26,0.001
2003-03-27,0.001
2003-03-28,0.001
2003-03-31,0.021
2003-04-01,0.001
2003-04-02,0.001
2003-04-03,0.001
2003-04-04,0.001
2003-04-07,0.001
2003-04-08,0.001
2003-04-09,0.001
2003-04-10,0.001
2003-04-11,0.001
2003-04-14,0.001
2003-04-15,0.002
2003-04-16,0.001
2003-04-17,0.001
2003-04-18,0.001
2003-04-21,0.002
2003-04-22,0.002
2003-04-23,0.001
2003-04-24,0.001
2003-04-25,0.001
2003-04-28,0.002
2003-04-30,0.002
2003-05-01,0.002
2003-05-02,0.001
2003-05-06,0.002
2003-05-07,0.001
2003-05-08,0.001
2003-05-09,0.002
2003-05-12,0.001
2003-05-13,0.001
2003-05-14,0.002
2003-05-15,0.001
2003-05-16,0.001
2003-05-19,0.002
2003-05-20,0.001
2003-05-21,0.001
2003-05-22,0.001
2003-05-23,0.002
2003-05-26,0.002
2003-05-27,0.001
2003-05-28,0.002
2003-05-29,0.002
2003-05-30,0.002
2003-06-02,0.002
2003-06-03,0.002
2003-06-04,0.002
2003-06-05,0.001
2003-06-06,0.002
2003-06-09,0.000
2003-06-10,0.000
2003-06-11,0.001
2003-06-12,0.001
2003-06-13,0.001
2003-06-16,0.001
2003-06-17,0.001
2003-06-18,0.001
2003-06-19,0.001
2003-06-20,0.002
2003-06-23,0.001
2003-06-24,0.002
2003-06-25,-0.001
2003-06-26,0.000
2003-06-27,-0.004
2003-06-30,0.001
2003-07-01,0.002
2003-07-02,0.001
2003-07-03,0.002
2003-07-04,0.002
2003-07-07,0.001
2003-07-08,0.001
2003-07-09,0.001
2003-07-10,0.002
2003-07-11,0.002
2003-07-14,0.001
2003-07-15,0.002
2003-07-16,0.002
2003-07-17,0.002
2003-07-18,0.002
2003-07-22,0.002
2003-07-23,0.002
2003-07-24,0.002
2003-07-25,0.002
2003-07-28,0.002
2003-07-29,0.001
2003-07-30,0.002
2003-07-31,0.002
2003-08-01,0.001
2003-08-04,0.001
2003-08-05,0.001
2003-08-06,0.001
2003-08-07,0.001
2003-08-08,0.001
2003-08-11,0.001
2003-08-12,0.001
2003-08-13,0.001
2003-08-14,0.001
2003-08-15,0.001
2003-08-18,0.001
2003-08-19,0.001
2003-08-20,0.002
2003-08-21,0.002
2003-08-22,0.001
2003-08-25,0.002
2003-08-26,0.001
2003-08-27,0.001
2003-08-28,0.001
2003-08-29,0.001
2003-09-01,0.001
2003-09-02,0.001
2003-09-03,0.001
2003-09-04,0.001
2003-09-05,0.001
2003-09-08,0.002
2003-09-09,0.002
2003-09-10,0.002
2003-09-11,0.001
2003-09-12,0.001
2003-09-16,0.001
2003-09-17,0.001
2003-09-18,0.002
2003-09-19,0.001
2003-09-22,0.002
2003-09-24,0.002
2003-09-25,0.001
2003-09-26,0.001
2003-09-29,0.001
2003-09-30,0.013
2003-10-01,0.001
2003-10-02,0.001
2003-10-03,0.001
2003-10-06,0.001
2003-10-07,0.001
2003-10-08,0.001
2003-10-09,0.000
2003-10-10,0.001
2003-10-14,-0.003
2003-10-15,0.002
2003-10-16,0.002
2003-10-17,0.001
2003-10-20,0.001
2003-10-21,0.002
2003-10-22,0.001
2003-10-23,0.002
2003-10-24,0.002
2003-10-27,0.001
2003-10-28,0.002
2003-10-29,0.001
2003-10-30,0.002
2003-10-31,0.002
2003-11-04,0.001
2003-11-05,0.001
2003-11-06,0.001
2003-11-07,0.001
2003-11-10,0.001
2003-11-11,0.001
2003-11-12,0.001
2003-11-13,0.001
2003-11-14,0.001
2003-11-17,-0.001
2003-11-18,-0.001
2003-11-19,0.001
2003-11-20,0.002
2003-11-21,0.002
2003-11-25,0.001
2003-11-26,0.001
2003-11-27,0.001
2003-11-28,0.001
2003-12-01,0.001
2003-12-02,0.002
2003-12-03,0.001
2003-12-04,0.001
2003-12-05,0.001
2003-12-08,0.001
2003-12-09,0.002
2003-12-10,0.001
2003-12-11,0.001
2003-12-12,0.001
2003-12-15,0.001
2003-12-16,0.001
2003-12-17,0.001
2003-12-18,0.001
2003-12-19,0.001
2003-12-22,0.001
2003-12-24,0.001
2003-12-25,0.001
2003-12-26,0.001
2003-12-29,0.001
2003-12-30,0.001
2004-01-05,0.001
2004-01-06,0.001
2004-01-07,0.001
2004-01-08,0.001
2004-01-09,0.001
2004-01-13,-0.006
2004-01-14,-0.012
2004-01-15,0.001
2004-01-16,0.001
2004-01-19,0.002
2004-01-20,0.001
2004-01-21,0.001
2004-01-22,0.001
2004-01-23,0.001
2004-01-26,0.001
2004-01-27,0.001
2004-01-28,0.001
2004-01-29,0.001
2004-01-30,0.001
2004-02-02,0.001
2004-02-03,0.001
2004-02-04,0.001
2004-02-05,0.001
2004-02-06,0.001
2004-02-09,0.001
2004-02-10,0.001
2004-02-12,0.001
2004-02-13,0.001
2004-02-16,0.001
2004-02-17,0.001
2004-02-18,-0.003
2004-02-19,0.001
2004-02-20,0.001
2004-02-23,0.001
2004-02-24,0.001
2004-02-25,0.001
2004-02-26,0.001
2004-02-27,0.001
2004-03-01,0.001
2004-03-02,0.001
2004-03-03,0.001
2004-03-04,0.001
2004-03-05,0.001
2004-03-08,0.001
2004-03-09,0.001
2004-03-10,0.001
2004-03-11,0.001
2004-03-12,0.001
2004-03-15,0.001
2004-03-16,0.001
2004-03-17,0.000
2004-03-18,0.001
2004-03-19,0.001
2004-03-22,0.001
2004-03-23,0.001
2004-03-24,-0.002
2004-03-25,0.001
2004-03-26,0.001
2004-03-29,0.001
2004-03-30,0.001
2004-03-31,0.005
2004-04-01,0.001
2004-04-02,0.001
2004-04-05,-0.001
2004-04-06,0.001
2004-04-07,-0.001
2004-04-08,0.002
2004-04-09,0.001
2004-04-12,0.001
2004-04-13,-0.004
2004-04-14,0.001
2004-04-15,0.001
2004-04-16,0.001
2004-04-19,-0.006
2004-04-20,0.001
2004-04-21,0.000
2004-04-22,0.001
2004-04-23,0.001
2004-04-26,0.001
2004-04-27,0.001
2004-04-28,0.001
2004-04-30,0.001
2004-05-06,0.001
2004-05-07,0.001
2004-05-10,0.001
2004-05-11,0.001
2004-05-12,0.001
2004-05-13,0.001
2004-05-14,0.001
2004-05-17,0.001
2004-05-18,0.001
2004-05-19,-0.003
2004-05-20,0.001
2004-05-21,0.001
2004-05-24,0.001
2004-05-25,0.001
2004-05-26,0.001
2004-05-27,0.001
2004-05-28,0.001
2004-05-31,0.002
2004-06-01,0.001
2004-06-02,0.001
2004-06-03,0.001
2004-06-04,0.001
2004-06-07,0.001
2004-06-08,0.001
2004-06-09,0.000
2004-06-10,0.001
2004-06-11,0.001
2004-06-14,0.001
2004-06-15,0.000
2004-06-16,0.001
2004-06-17,0.001
2004-06-18,0.001
2004-06-21,0.001
2004-06-22,0.001
2004-06-23,0.001
2004-06-24,0.002
2004-06-25,0.001
2004-06-28,0.001
2004-06-29,0.001
2004-06-30,0.002
2004-07-01,0.001
2004-07-02,0.002
2004-07-05,0.001
2004-07-06,-0.002
2004-07-07,-0.005
2004-07-08,0.002
2004-07-09,0.002
2004-07-12,0.002
2004-07-13,0.002
2004-07-14,-0.003
2004-07-15,0.001
2004-07-16,0.001
2004-07-20,0.002
2004-07-21,-0.005
2004-07-22,0.001
2004-07-23,0.001
2004-07-26,0.000
2004-07-27,0.001
2004-07-28,0.001
2004-07-29,0.001
2004-07-30,0.001
2004-08-02,0.001
2004-08-03,0.001
2004-08-04,0.001
2004-08-05,0.001
2004-08-06,0.002
2004-08-09,0.002
2004-08-10,0.001
2004-08-11,-0.002
2004-08-12,0.002
2004-08-13,0.001
2004-08-16,0.001
2004-08-17,0.001
2004-08-18,0.001
2004-08-19,0.002
2004-08-20,0.001
2004-08-23,0.002
2004-08-24,0.002
2004-08-25,0.001
2004-08-26,0.001
2004-08-27,0.001
2004-08-30,0.002
2004-08-31,0.001
2004-09-01,0.002
2004-09-02,0.001
2004-09-03,0.001
2004-09-06,0.002
2004-09-07,0.002
2004-09-08,0.001
2004-09-09,0.001
2004-09-10,0.001
2004-09-13,0.001
2004-09-14,0.001
2004-09-15,0.001
2004-09-16,0.001
2004-09-17,0.001
2004-09-21,0.002
2004-09-22,0.001
2004-09-24,0.001
2004-09-27,0.001
2004-09-28,0.001
2004-09-29,0.001
2004-09-30,0.005
2004-10-01,0.001
2004-10-04,0.001
2004-10-05,0.001
2004-10-06,0.001
2004-10-07,0.001
2004-10-08,0.002
2004-10-12,0.002
2004-10-13,0.002
2004-10-14,0.002
2004-10-15,0.002
2004-10-18,0.001
2004-10-19,0.001
2004-10-20,0.000
2004-10-21,0.001
2004-10-22,0.001
2004-10-25,0.002
2004-10-26,0.001
2004-10-27,0.000
2004-10-28,0.001
2004-10-29,0.002
2004-11-01,0.001
2004-11-02,0.001
2004-11-04,0.001
2004-11-05,0.001
2004-11-08,-0.003
2004-11-09,0.001
2004-11-10,0.001
2004-11-11,0.002
2004-11-12,0.001
2004-11-15,0.002
2004-11-16,0.001
2004-11-17,0.001
2004-11-18,0.001
2004-11-19,0.002
2004-11-22,0.001
2004-11-24,0.001
2004-11-25,0.002
2004-11-26,0.001
2004-11-29,0.001
2004-11-30,0.001
2004-12-01,0.001
2004-12-02,0.002
2004-12-03,0.001
2004-12-06,0.002
2004-12-07,0.002
2004-12-08,0.001
2004-12-09,0.001
2004-12-10,0.001
2004-12-13,0.001
2004-12-14,0.001
2004-12-15,0.001
2004-12-16,0.001
2004-12-17,0.001
2004-12-20,0.001
2004-12-21,0.001
2004-12-22,0.001
2004-12-24,0.001
2004-12-27,0.001
2004-12-28,0.001
2004-12-29,0.001
2004-12-30,0.002
2005-01-04,0.001
2005-01-05,0.001
2005-01-06,0.001
2005-01-07,0.001
2005-01-11,0.001
2005-01-12,0.001
2005-01-13,0.001
2005-01-14,0.001
2005-01-17,0.001
2005-01-18,0.001
2005-01-19,0.001
2005-01-20,0.001
2005-01-21,0.002
2005-01-24,0.002
2005-01-25,0.002
2005-01-26,0.001
2005-01-27,0.001
2005-01-28,0.001
2005-01-31,0.001
2005-02-01,0.001
2005-02-02,0.001
2005-02-03,0.001
2005-02-04,0.001
2005-02-07,0.001
2005-02-08,0.001
2005-02-09,0.002
2005-02-10,0.002
2005-02-14,0.002
2005-02-15,0.001
2005-02-16,0.001
2005-02-17,0.001
2005-02-18,0.001
2005-02-21,0.001
2005-02-22,0.001
2005-02-23,0.001
2005-02-24,0.001
2005-02-25,0.001
2005-02-28,0.001
2005-03-01,0.001
2005-03-02,0.001
2005-03-03,0.001
2005-03-04,0.001
2005-03-07,0.001
2005-03-08,0.001
2005-03-09,0.001
2005-03-10,0.001
2005-03-11,0.001
2005-03-14,0.001
2005-03-15,0.001
2005-03-16,0.001
2005-03-17,0.001
2005-03-18,0.001
2005-03-22,0.001
2005-03-23,0.001
2005-03-24,0.001
2005-03-25,0.001
2005-03-28,0.001
2005-03-29,0.002
2005-03-30,0.002
2005-03-31,0.022
2005-04-01,0.002
2005-04-04,0.002
2005-04-05,0.002
2005-04-06,0.002
2005-04-07,0.001
2005-04-08,0.001
2005-04-11,0.001
2005-04-12,0.001
2005-04-13,0.001
2005-04-14,0.001
2005-04-15,0.002
2005-04-18,0.001
2005-04-19,0.002
2005-04-20,0.002
2005-04-21,0.001
2005-04-22,0.001
2005-04-25,0.002
2005-04-26,0.001
2005-04-27,0.001
2005-04-28,0.001
2005-05-02,0.001
2005-05-06,0.001
2005-05-09,0.001
2005-05-10,0.001
2005-05-11,0.002
2005-05-12,0.001
2005-05-13,0.001
2005-05-16,0.001
2005-05-17,0.001
2005-05-18,0.001
2005-05-19,0.000
2005-05-20,0.001
2005-05-23,0.001
2005-05-24,0.001
2005-05-25,0.001
2005-05-26,0.001
2005-05-27,0.002
2005-05-30,0.002
2005-05-31,0.002
2005-06-01,0.001
2005-06-02,0.001
2005-06-03,0.001
2005-06-06,0.001
2005-06-07,0.001
2005-06-08,0.001
2005-06-09,0.001
2005-06-10,0.001
2005-06-13,0.001
2005-06-14,0.001
2005-06-15,0.001
2005-06-16,0.001
2005-06-17,0.001
2005-06-20,0.001
2005-06-21,0.001
2005-06-22,0.001
2005-06-23,0.001
2005-06-24,0.001
2005-06-27,0.001
2005-06-28,0.003
2005-06-29,0.000
2005-06-30,0.001
2005-07-01,0.002
2005-07-04,0.002
2005-07-05,0.002
2005-07-06,0.001
2005-07-07,0.001
2005-07-08,0.001
2005-07-11,0.001
2005-07-12,0.001
2005-07-13,0.001
2005-07-14,0.001
2005-07-15,0.001
2005-07-19,0.001
2005-07-20,0.001
2005-07-21,0.001
2005-07-22,0.001
2005-07-25,0.001
2005-07-26,0.001
2005-07-27,0.001
2005-07-28,0.001
2005-07-29,0.001
2005-08-01,0.001
2005-08-02,0.001
2005-08-03,0.001
2005-08-04,0.001
2005-08-05,0.001
2005-08-08,0.001
2005-08-09,0.001
2005-08-10,0.001
2005-08-11,0.001
2005-08-12,0.001
2005-08-15,0.001
2005-08-16,0.001
2005-08-17,0.001
2005-08-18,0.001
2005-08-19,0.001
2005-08-22,0.001
2005-08-23,0.001
2005-08-24,0.001
2005-08-25,0.001
2005-08-26,0.001
2005-08-29,0.001
2005-08-30,0.001
2005-08-31,0.001
2005-09-01,0.001
2005-09-02,0.001
2005-09-05,0.001
2005-09-06,0.001
2005-09-07,0.001
2005-09-08,0.001
2005-09-09,0.001
2005-09-12,0.000
2005-09-13,0.001
2005-09-14,0.001
2005-09-15,0.001
2005-09-16,0.001
2005-09-20,0.001
2005-09-21,0.001
2005-09-22,0.001
2005-09-26,0.001
2005-09-27,0.001
2005-09-28,0.001
2005-09-29,0.001
2005-09-30,0.004
2005-10-03,0.002
2005-10-04,0.002
2005-10-05,0.002
2005-10-06,0.002
2005-10-07,0.002
2005-10-11,0.002
2005-10-12,0.002
2005-10-13,0.001
2005-10-14,0.001
2005-10-17,0.001
2005-10-18,0.001
2005-10-19,0.001
2005-10-20,0.001
2005-10-21,0.001
2005-10-24,0.001
2005-10-25,0.001
2005-10-26,0.001
2005-10-27,0.001
2005-10-28,0.001
2005-10-31,0.000
2005-11-01,0.001
2005-11-02,0.001
2005-11-04,0.001
2005-11-07,0.001
2005-11-08,0.001
2005-11-09,0.001
2005-11-10,0.001
2005-11-11,0.001
2005-11-14,0.001
2005-11-15,0.001
2005-11-16,0.001
2005-11-17,0.001
2005-11-18,0.001
2005-11-21,0.001
2005-11-22,0.001
2005-11-24,0.001
2005-11-25,0.001
2005-11-28,0.001
2005-11-29,0.001
2005-11-30,0.001
2005-12-01,0.001
2005-12-02,0.001
2005-12-05,0.001
2005-12-06,0.001
2005-12-07,0.001
2005-12-08,0.001
2005-12-09,0.001
2005-12-12,0.001
2005-12-13,0.001
2005-12-14,0.001
2005-12-15,0.001
2005-12-16,0.001
2005-12-19,0.002
2005-12-20,0.001
2005-12-21,0.001
2005-12-22,0.001
2005-12-26,0.001
2005-12-27,0.003
2005-12-28,0.001
2005-12-29,0.002
2005-12-30,0.004
2006-01-04,0.002
2006-01-05,0.002
2006-01-06,0.002
2006-01-10,0.002
2006-01-11,0.001
2006-01-12,0.001
2006-01-13,0.001
2006-01-16,0.002
2006-01-17,0.001
2006-01-18,0.001
2006-01-19,0.001
2006-01-20,0.001
2006-01-23,0.001
2006-01-24,0.001
2006-01-25,0.001
2006-01-26,0.001
2006-01-27,0.001
2006-01-30,0.001
2006-01-31,0.001
2006-02-01,0.001
2006-02-02,0.001
2006-02-03,0.001
2006-02-06,0.001
2006-02-07,0.001
2006-02-08,0.002
2006-02-09,0.002
2006-02-10,0.002
2006-02-13,0.002
2006-02-14,0.001
2006-02-15,0.001
2006-02-16,0.001
2006-02-17,0.001
2006-02-20,0.001
2006-02-21,0.001
2006-02-22,0.003
2006-02-23,0.001
2006-02-24,0.001
2006-02-27,0.001
2006-02-28,0.002
2006-03-01,0.002
2006-03-02,0.002
2006-03-03,0.002
2006-03-06,0.001
2006-03-07,0.002
2006-03-08,0.002
2006-03-09,0.002
2006-03-10,0.003
2006-03-13,0.003
2006-03-14,0.002
2006-03-15,0.003
2006-03-16,0.003
2006-03-17,0.002
2006-03-20,0.002
2006-03-22,0.002
2006-03-23,0.002
2006-03-24,0.002
2006-03-27,0.002
2006-03-28,0.002
2006-03-29,0.002
2006-03-30,0.002
2006-03-31,0.004
2006-04-03,0.002
2006-04-04,0.002
2006-04-05,0.002
2006-04-06,0.001
2006-04-07,0.001
2006-04-10,0.002
2006-04-11,0.001
2006-04-12,0.002
2006-04-13,0.001
2006-04-14,0.002
2006-04-17,0.002
2006-04-18,0.002
2006-04-19,0.002
2006-04-20,0.002
2006-04-21,0.002
2006-04-24,0.002
2006-04-25,0.002
2006-04-26,0.002
2006-04-27,0.002
2006-04-28,0.006
2006-05-01,0.005
2006-05-02,0.005
2006-05-08,0.006
2006-05-09,0.005
2006-05-10,0.005
2006-05-11,0.007
2006-05-12,0.010
2006-05-15,0.010
2006-05-16,0.009
2006-05-17,0.008
2006-05-18,0.006
2006-05-19,0.006
2006-05-22,0.013
2006-05-23,0.019
2006-05-24,0.035
2006-05-25,0.059
2006-05-26,0.076
2006-05-29,0.071
2006-05-30,0.023
2006-05-31,0.021
2006-06-01,0.026
2006-06-02,0.013
2006-06-05,0.010
2006-06-06,0.006
2006-06-07,0.005
2006-06-08,0.008
2006-06-09,0.019
2006-06-12,0.032
2006-06-13,0.059
2006-06-14,0.066
2006-06-15,0.066
2006-06-16,0.062
2006-06-19,0.073
2006-06-20,0.055
2006-06-21,0.046
2006-06-22,0.030
2006-06-23,0.034
2006-06-26,0.055
2006-06-27,0.060
2006-06-28,0.028
2006-06-29,0.016
2006-06-30,0.027
2006-07-03,0.024
2006-07-04,0.024
2006-07-05,0.023
2006-07-06,0.024
2006-07-07,0.020
2006-07-10,0.037
2006-07-11,0.069
2006-07-12,0.066
2006-07-13,0.058
2006-07-14,0.089
2006-07-18,0.302
2006-07-19,0.274
2006-07-20,0.263
2006-07-21,0.258
2006-07-24,0.267
2006-07-25,0.253
2006-07-26,0.261
2006-07-27,0.264
2006-07-28,0.249
2006-07-31,0.267
2006-08-01,0.253
2006-08-02,0.216
2006-08-03,0.234
2006-08-04,0.255
2006-08-07,0.250
2006-08-08,0.249
2006-08-09,0.251
2006-08-10,0.262
2006-08-11,0.258
2006-08-14,0.256
2006-08-15,0.222
2006-08-16,0.241
2006-08-17,0.250
2006-08-18,0.255
2006-08-21,0.251
2006-08-22,0.247
2006-08-23,0.245
2006-08-24,0.249
2006-08-25,0.261
2006-08-28,0.255
2006-08-29,0.258
2006-08-30,0.256
2006-08-31,0.266
2006-09-01,0.256
2006-09-04,0.253
2006-09-05,0.239
2006-09-06,0.241
2006-09-07,0.257
2006-09-08,0.256
2006-09-11,0.260
2006-09-12,0.256
2006-09-13,0.274
2006-09-14,0.280
2006-09-15,0.249
2006-09-19,0.266
2006-09-20,0.278
2006-09-21,0.253
2006-09-22,0.254
2006-09-25,0.242
2006-09-26,0.247
2006-09-27,0.255
2006-09-28,0.263
2006-09-29,0.339
2006-10-02,0.266
2006-10-03,0.262
2006-10-04,0.248
2006-10-05,0.244
2006-10-06,0.239
2006-10-10,0.253
2006-10-11,0.260
2006-10-12,0.269
2006-10-13,0.263
2006-10-16,0.263
2006-10-17,0.258
2006-10-18,0.259
2006-10-19,0.258
2006-10-20,0.247
2006-10-23,0.244
2006-10-24,0.254
2006-10-25,0.241
2006-10-26,0.242
2006-10-27,0.257
2006-10-30,0.250
2006-10-31,0.256
2006-11-01,0.247
2006-11-02,0.246
2006-11-06,0.258
2006-11-07,0.250
2006-11-08,0.243
2006-11-09,0.253
2006-11-10,0.251
2006-11-13,0.249
2006-11-14,0.253
2006-11-15,0.282
2006-11-16,0.250
2006-11-17,0.252
2006-11-20,0.259
2006-11-21,0.260
2006-11-22,0.260
2006-11-24,0.262
2006-11-27,0.263
2006-11-28,0.267
2006-11-29,0.264
2006-11-30,0.271
2006-12-01,0.266
2006-12-04,0.260
2006-12-05,0.233
2006-12-06,0.228
2006-12-07,0.245
2006-12-08,0.249
2006-12-11,0.246
2006-12-12,0.226
2006-12-13,0.250
2006-12-14,0.283
2006-12-15,0.267
2006-12-18,0.273
2006-12-19,0.282
2006-12-20,0.258
2006-12-21,0.254
2006-12-22,0.254
2006-12-25,0.261
2006-12-26,0.255
2006-12-27,0.251
2006-12-28,0.246
2006-12-29,0.275
2007-01-04,0.246
2007-01-05,0.226
2007-01-09,0.266
2007-01-10,0.250
2007-01-11,0.258
2007-01-12,0.253
2007-01-15,0.296
2007-01-16,0.343
2007-01-17,0.315
2007-01-18,0.265
2007-01-19,0.260
2007-01-22,0.281
2007-01-23,0.276
2007-01-24,0.248
2007-01-25,0.252
2007-01-26,0.236
2007-01-29,0.260
2007-01-30,0.264
2007-01-31,0.282
2007-02-01,0.261
2007-02-02,0.250
2007-02-05,0.260
2007-02-06,0.266
2007-02-07,0.265
2007-02-08,0.266
2007-02-09,0.261
2007-02-13,0.238
2007-02-14,0.236
2007-02-15,0.260
2007-02-16,0.362
2007-02-19,0.354
2007-02-20,0.358
2007-02-21,0.402
2007-02-22,0.528
2007-02-23,0.510
2007-02-26,0.548
2007-02-27,0.572
2007-02-28,0.589
2007-03-01,0.498
2007-03-02,0.508
2007-03-05,0.448
2007-03-06,0.431
2007-03-07,0.477
2007-03-08,0.522
2007-03-09,0.529
2007-03-12,0.530
2007-03-13,0.529
2007-03-14,0.537
2007-03-15,0.468
2007-03-16,0.483
2007-03-19,0.531
2007-03-20,0.524
2007-03-22,0.515
2007-03-23,0.470
2007-03-26,0.487
2007-03-27,0.487
2007-03-28,0.503
2007-03-29,0.506
2007-03-30,0.715
2007-04-02,0.488
2007-04-03,0.469
2007-04-04,0.488
2007-04-05,0.495
2007-04-06,0.484
2007-04-09,0.511
2007-04-10,0.527
2007-04-11,0.541
2007-04-12,0.559
2007-04-13,0.474
2007-04-16,0.511
2007-04-17,0.504
2007-04-18,0.500
2007-04-19,0.514
2007-04-20,0.523
2007-04-23,0.514
2007-04-24,0.503
2007-04-25,0.529
2007-04-26,0.539
2007-04-27,0.539
2007-05-01,0.525
2007-05-02,0.516
2007-05-07,0.507
2007-05-08,0.513
2007-05-09,0.515
2007-05-10,0.519
2007-05-11,0.524
2007-05-14,0.507
2007-05-15,0.520
2007-05-16,0.516
2007-05-17,0.517
2007-05-18,0.516
2007-05-21,0.520
2007-05-22,0.523
2007-05-23,0.526
2007-05-24,0.524
2007-05-25,0.519
2007-05-28,0.527
2007-05-29,0.526
2007-05-30,0.527
2007-05-31,0.544
2007-06-01,0.508
2007-06-04,0.504
2007-06-05,0.496
2007-06-06,0.490
2007-06-07,0.502
2007-06-08,0.510
2007-06-11,0.510
2007-06-12,0.512
2007-06-13,0.503
2007-06-14,0.486
2007-06-15,0.441
2007-06-18,0.516
2007-06-19,0.519
2007-06-20,0.525
2007-06-21,0.517
2007-06-22,0.513
2007-06-25,0.517
2007-06-26,0.516
2007-06-27,0.507
2007-06-28,0.511
2007-06-29,0.605
2007-07-02,0.501
2007-07-03,0.475
2007-07-04,0.474
2007-07-05,0.490
2007-07-06,0.490
2007-07-09,0.497
2007-07-10,0.498
2007-07-11,0.499
2007-07-12,0.509
2007-07-13,0.529
2007-07-17,0.512
2007-07-18,0.506
2007-07-19,0.500
2007-07-20,0.505
2007-07-23,0.500
2007-07-24,0.494
2007-07-25,0.499
2007-07-26,0.497
2007-07-27,0.490
2007-07-30,0.502
2007-07-31,0.516
2007-08-01,0.506
2007-08-02,0.500
2007-08-03,0.490
2007-08-06,0.486
2007-08-07,0.493
2007-08-08,0.504
2007-08-09,0.517
2007-08-10,0.526
2007-08-13,0.471
2007-08-14,0.235
2007-08-15,0.330
2007-08-16,0.535
2007-08-17,0.545
2007-08-20,0.539
2007-08-21,0.518
2007-08-22,0.486
2007-08-23,0.483
2007-08-24,0.493
2007-08-27,0.493
2007-08-28,0.493
2007-08-29,0.502
2007-08-30,0.510
2007-08-31,0.498
2007-09-03,0.502
2007-09-04,0.490
2007-09-05,0.484
2007-09-06,0.481
2007-09-07,0.473
2007-09-10,0.476
2007-09-11,0.480
2007-09-12,0.483
2007-09-13,0.530
2007-09-14,0.490
2007-09-18,0.509
2007-09-19,0.519
2007-09-20,0.515
2007-09-21,0.520
2007-09-25,0.526
2007-09-26,0.527
2007-09-27,0.503
2007-09-28,0.675
2007-10-01,0.516
2007-10-02,0.500
2007-10-03,0.495
2007-10-04,0.488
2007-10-05,0.495
2007-10-09,0.508
2007-10-10,0.514
2007-10-11,0.524
2007-10-12,0.526
2007-10-15,0.548
2007-10-16,0.511
2007-10-17,0.498
2007-10-18,0.496
2007-10-19,0.498
2007-10-22,0.503
2007-10-23,0.502
2007-10-24,0.499
2007-10-25,0.495
2007-10-26,0.490
2007-10-29,0.500
2007-10-30,0.502
2007-10-31,0.524
2007-11-01,0.504
2007-11-02,0.508
2007-11-05,0.508
2007-11-06,0.497
2007-11-07,0.499
2007-11-08,0.494
2007-11-09,0.495
2007-11-12,0.497
2007-11-13,0.491
2007-11-14,0.507
2007-11-15,0.491
2007-11-16,0.497
2007-11-19,0.498
2007-11-20,0.501
2007-11-21,0.501
2007-11-22,0.499
2007-11-26,0.500
2007-11-27,0.496
2007-11-28,0.500
2007-11-29,0.499
2007-11-30,0.520
2007-12-03,0.511
2007-12-04,0.509
2007-12-05,0.504
2007-12-06,0.499
2007-12-07,0.499
2007-12-10,0.503
2007-12-11,0.504
2007-12-12,0.493
2007-12-13,0.492
2007-12-14,0.433
2007-12-17,0.513
2007-12-18,0.495
2007-12-19,0.504
2007-12-20,0.501
2007-12-21,0.506
2007-12-25,0.510
2007-12-26,0.502
2007-12-27,0.499
2007-12-28,0.459
2008-01-04,0.478
2008-01-07,0.493
2008-01-08,0.500
2008-01-09,0.505
2008-01-10,0.520
2008-01-11,0.516
2008-01-15,0.526
2008-01-16,0.504
2008-01-17,0.499
2008-01-18,0.490
2008-01-21,0.496
2008-01-22,0.500
2008-01-23,0.498
2008-01-24,0.501
2008-01-25,0.505
2008-01-28,0.502
2008-01-29,0.502
2008-01-30,0.501
2008-01-31,0.508
2008-02-01,0.496
2008-02-04,0.502
2008-02-05,0.509
2008-02-06,0.502
2008-02-07,0.495
2008-02-08,0.500
2008-02-12,0.501
2008-02-13,0.500
2008-02-14,0.511
2008-02-15,0.505
2008-02-18,0.501
2008-02-19,0.499
2008-02-20,0.504
2008-02-21,0.509
2008-02-22,0.502
2008-02-25,0.505
2008-02-26,0.504
2008-02-27,0.509
2008-02-28,0.507
2008-02-29,0.512
2008-03-03,0.506
2008-03-04,0.502
2008-03-05,0.502
2008-03-06,0.497
2008-03-07,0.502
2008-03-10,0.499
2008-03-11,0.501
2008-03-12,0.502
2008-03-13,0.519
2008-03-14,0.483
2008-03-17,0.510
2008-03-18,0.511
2008-03-19,0.511
2008-03-21,0.518
2008-03-24,0.513
2008-03-25,0.500
2008-03-26,0.496
2008-03-27,0.500
2008-03-28,0.498
2008-03-31,0.641
2008-04-01,0.505
2008-04-02,0.504
2008-04-03,0.500
2008-04-04,0.499
2008-04-07,0.510
2008-04-08,0.501
2008-04-09,0.502
2008-04-10,0.503
2008-04-11,0.504
2008-04-14,0.516
2008-04-15,0.522
2008-04-16,0.503
2008-04-17,0.503
2008-04-18,0.503
2008-04-21,0.505
2008-04-22,0.502
2008-04-23,0.503
2008-04-24,0.503
2008-04-25,0.504
2008-04-28,0.515
2008-04-30,0.522
2008-05-01,0.504
2008-05-02,0.475
2008-05-07,0.504
2008-05-08,0.501
2008-05-09,0.502
2008-05-12,0.510
2008-05-13,0.512
2008-05-14,0.519
2008-05-15,0.499
2008-05-16,0.507
2008-05-19,0.505
2008-05-20,0.503
2008-05-21,0.503
2008-05-22,0.503
2008-05-23,0.502
2008-05-26,0.505
2008-05-27,0.503
2008-05-28,0.502
2008-05-29,0.504
2008-05-30,0.527
2008-06-02,0.533
2008-06-03,0.517
2008-06-04,0.517
2008-06-05,0.504
2008-06-06,0.496
2008-06-09,0.501
2008-06-10,0.506
2008-06-11,0.506
2008-06-12,0.515
2008-06-13,0.453
2008-06-16,0.509
2008-06-17,0.505
2008-06-18,0.505
2008-06-19,0.512
2008-06-20,0.509
2008-06-23,0.509
2008-06-24,0.510
2008-06-25,0.507
2008-06-26,0.506
2008-06-27,0.507
2008-06-30,0.572
2008-07-01,0.507
2008-07-02,0.509
2008-07-03,0.504
2008-07-04,0.500
2008-07-07,0.501
2008-07-08,0.502
2008-07-09,0.502
2008-07-10,0.502
2008-07-11,0.505
2008-07-14,0.506
2008-07-15,0.454
2008-07-16,0.501
2008-07-17,0.502
2008-07-18,0.503
2008-07-22,0.503
2008-07-23,0.508
2008-07-24,0.504
2008-07-25,0.505
2008-07-28,0.507
2008-07-29,0.510
2008-07-30,0.509
2008-07-31,0.519
2008-08-01,0.504
2008-08-04,0.502
2008-08-05,0.502
2008-08-06,0.500
2008-08-07,0.499
2008-08-08,0.499
2008-08-11,0.501
2008-08-12,0.503
2008-08-13,0.504
2008-08-14,0.512
2008-08-15,0.504
2008-08-18,0.503
2008-08-19,0.503
2008-08-20,0.503
2008-08-21,0.501
2008-08-22,0.503
2008-08-25,0.502
2008-08-26,0.508
2008-08-27,0.509
2008-08-28,0.505
2008-08-29,0.516
2008-09-01,0.512
2008-09-02,0.502
2008-09-03,0.503
2008-09-04,0.503
2008-09-05,0.509
2008-09-08,0.503
2008-09-09,0.502
2008-09-10,0.506
2008-09-11,0.501
2008-09-12,0.468
2008-09-16,0.524
2008-09-17,0.550
2008-09-18,0.486
2008-09-19,0.433
2008-09-22,0.399
2008-09-24,0.464
2008-09-25,0.506
2008-09-26,0.489
2008-09-29,0.497
2008-09-30,0.544
2008-10-01,0.468
2008-10-02,0.470
2008-10-03,0.469
2008-10-06,0.484
2008-10-07,0.505
2008-10-08,0.512
2008-10-09,0.531
2008-10-10,0.585
2008-10-14,0.473
2008-10-15,0.348
2008-10-16,0.497
2008-10-17,0.502
2008-10-20,0.504
2008-10-21,0.505
2008-10-22,0.510
2008-10-23,0.510
2008-10-24,0.511
2008-10-27,0.512
2008-10-28,0.515
2008-10-29,0.439
2008-10-30,0.478
2008-10-31,0.384
2008-11-04,0.280
2008-11-05,0.289
2008-11-06,0.301
2008-11-07,0.298
2008-11-10,0.303
2008-11-11,0.306
2008-11-12,0.293
2008-11-13,0.304
2008-11-14,0.292
2008-11-17,0.305
2008-11-18,0.306
2008-11-19,0.303
2008-11-20,0.306
2008-11-21,0.305
2008-11-25,0.307
2008-11-26,0.304
2008-11-27,0.306
2008-11-28,0.318
2008-12-01,0.299
2008-12-02,0.279
2008-12-03,0.257
2008-12-04,0.263
2008-12-05,0.256
2008-12-08,0.275
2008-12-09,0.255
2008-12-10,0.247
2008-12-11,0.229
2008-12-12,0.222
2008-12-15,0.235
2008-12-16,0.242
2008-12-17,0.239
2008-12-18,0.237
2008-12-19,0.203
2008-12-22,0.124
2008-12-24,0.121
2008-12-25,0.118
2008-12-26,0.116
2008-12-29,0.111
2008-12-30,0.103
2009-01-05,0.106
2009-01-06,0.106
2009-01-07,0.109
2009-01-08,0.110
2009-01-09,0.112
2009-01-13,0.125
2009-01-14,0.131
2009-01-15,0.133
2009-01-16,0.123
2009-01-19,0.122
2009-01-20,0.120
2009-01-21,0.126
2009-01-22,0.122
2009-01-23,0.120
2009-01-26,0.122
2009-01-27,0.123
2009-01-28,0.120
2009-01-29,0.125
2009-01-30,0.128
2009-02-02,0.122
2009-02-03,0.118
2009-02-04,0.110
2009-02-05,0.109
2009-02-06,0.110
2009-02-09,0.109
2009-02-10,0.112
2009-02-12,0.113
2009-02-13,0.111
2009-02-16,0.114
2009-02-17,0.111
2009-02-18,0.107
2009-02-19,0.106
2009-02-20,0.105
2009-02-23,0.108
2009-02-24,0.109
2009-02-25,0.111
2009-02-26,0.111
2009-02-27,0.109
2009-03-02,0.099
2009-03-03,0.101
2009-03-04,0.100
2009-03-05,0.101
2009-03-06,0.099
2009-03-09,0.103
2009-03-10,0.110
2009-03-11,0.103
2009-03-12,0.105
2009-03-13,0.103
2009-03-16,0.103
2009-03-17,0.100
2009-03-18,0.101
2009-03-19,0.104
2009-03-23,0.101
2009-03-24,0.097
2009-03-25,0.095
2009-03-26,0.097
2009-03-27,0.093
2009-03-30,0.097
2009-03-31,0.088
2009-04-01,0.101
2009-04-02,0.100
2009-04-03,0.103
2009-04-06,0.100
2009-04-07,0.097
2009-04-08,0.096
2009-04-09,0.100
2009-04-10,0.105
2009-04-13,0.109
2009-04-14,0.108
2009-04-15,0.103
2009-04-16,0.103
2009-04-17,0.106
2009-04-20,0.104
2009-04-21,0.102
2009-04-22,0.101
2009-04-23,0.104
2009-04-24,0.105
2009-04-27,0.108
2009-04-28,0.109
2009-04-30,0.113
2009-05-01,0.102
2009-05-07,0.109
2009-05-08,0.104
2009-05-11,0.104
2009-05-12,0.096
2009-05-13,0.104
2009-05-14,0.099
2009-05-15,0.100
2009-05-18,0.101
2009-05-19,0.100
2009-05-20,0.104
2009-05-21,0.100
2009-05-22,0.105
2009-05-25,0.106
2009-05-26,0.104
2009-05-27,0.101
2009-05-28,0.099
2009-05-29,0.099
2009-06-01,0.102
2009-06-02,0.101
2009-06-03,0.102
2009-06-04,0.095
2009-06-05,0.097
2009-06-08,0.103
2009-06-09,0.105
2009-06-10,0.103
2009-06-11,0.103
2009-06-12,0.104
2009-06-15,0.104
2009-06-16,0.110
2009-06-17,0.105
2009-06-18,0.104
2009-06-19,0.105
2009-06-22,0.105
2009-06-23,0.100
2009-06-24,0.105
2009-06-25,0.106
2009-06-26,0.106
2009-06-29,0.112
2009-06-30,0.110
2009-07-01,0.095
2009-07-02,0.096
2009-07-03,0.097
2009-07-06,0.099
2009-07-07,0.095
2009-07-08,0.097
2009-07-09,0.099
2009-07-10,0.102
2009-07-13,0.104
2009-07-14,0.107
2009-07-15,0.108
2009-07-16,0.115
2009-07-17,0.101
2009-07-21,0.102
2009-07-22,0.103
2009-07-23,0.100
2009-07-24,0.099
2009-07-27,0.104
2009-07-28,0.104
2009-07-29,0.104
2009-07-30,0.100
2009-07-31,0.105
2009-08-03,0.100
2009-08-04,0.098
2009-08-05,0.100
2009-08-06,0.105
2009-08-07,0.097
2009-08-10,0.106
2009-08-11,0.109
2009-08-12,0.110
2009-08-13,0.110
2009-08-14,0.108
2009-08-17,0.104
2009-08-18,0.105
2009-08-19,0.108
2009-08-20,0.107
2009-08-21,0.105
2009-08-24,0.109
2009-08-25,0.107
2009-08-26,0.109
2009-08-27,0.106
2009-08-28,0.106
2009-08-31,0.110
2009-09-01,0.107
2009-09-02,0.112
2009-09-03,0.100
2009-09-04,0.101
2009-09-07,0.099
2009-09-08,0.097
2009-09-09,0.098
2009-09-10,0.097
2009-09-11,0.096
2009-09-14,0.102
2009-09-15,0.099
2009-09-16,0.104
2009-09-17,0.106
2009-09-18,0.106
2009-09-24,0.118
2009-09-25,0.107
2009-09-28,0.097
2009-09-29,0.098
2009-09-30,0.103
2009-10-01,0.097
2009-10-02,0.096
2009-10-05,0.099
2009-10-06,0.105
2009-10-07,0.101
2009-10-08,0.095
2009-10-09,0.107
2009-10-13,0.109
2009-10-14,0.105
2009-10-15,0.105
2009-10-16,0.111
2009-10-19,0.108
2009-10-20,0.107
2009-10-21,0.116
2009-10-22,0.111
2009-10-23,0.114
2009-10-26,0.109
2009-10-27,0.105
2009-10-28,0.109
2009-10-29,0.108
2009-10-30,0.112
2009-11-02,0.106
2009-11-04,0.105
2009-11-05,0.102
2009-11-06,0.099
2009-11-09,0.101
2009-11-10,0.104
2009-11-11,0.104
2009-11-12,0.102
2009-11-13,0.100
2009-11-16,0.106
2009-11-17,0.108
2009-11-18,0.107
2009-11-19,0.109
2009-11-20,0.109
2009-11-24,0.109
2009-11-25,0.106
2009-11-26,0.103
2009-11-27,0.107
2009-11-30,0.113
2009-12-01,0.104
2009-12-02,0.101
2009-12-03,0.105
2009-12-04,0.102
2009-12-07,0.107
2009-12-08,0.107
2009-12-09,0.105
2009-12-10,0.100
2009-12-11,0.091
2009-12-14,0.092
2009-12-15,0.098
2009-12-16,0.113
2009-12-17,0.106
2009-12-18,0.105
2009-12-21,0.096
2009-12-22,0.104
2009-12-24,0.102
2009-12-25,0.098
2009-12-28,0.097
2009-12-29,0.097
2009-12-30,0.094
2010-01-04,0.100
2010-01-05,0.095
2010-01-06,0.092
2010-01-07,0.092
2010-01-08,0.092
2010-01-12,0.095
2010-01-13,0.095
2010-01-14,0.094
2010-01-15,0.094
2010-01-18,0.098
2010-01-19,0.102
2010-01-20,0.101
2010-01-21,0.103
2010-01-22,0.101
2010-01-25,0.101
2010-01-26,0.091
2010-01-27,0.094
2010-01-28,0.096
2010-01-29,0.095
2010-02-01,0.094
2010-02-02,0.098
2010-02-03,0.096
2010-02-04,0.100
2010-02-05,0.108
2010-02-08,0.107
2010-02-09,0.110
2010-02-10,0.108
2010-02-12,0.101
2010-02-15,0.104
2010-02-16,0.097
2010-02-17,0.106
2010-02-18,0.097
2010-02-19,0.094
2010-02-22,0.096
2010-02-23,0.098
2010-02-24,0.100
2010-02-25,0.102
2010-02-26,0.097
2010-03-01,0.094
2010-03-02,0.091
2010-03-03,0.095
2010-03-04,0.096
2010-03-05,0.096
2010-03-08,0.094
2010-03-09,0.099
2010-03-10,0.094
2010-03-11,0.101
2010-03-12,0.094
2010-03-15,0.104
2010-03-16,0.100
2010-03-17,0.099
2010-03-18,0.100
2010-03-19,0.101
2010-03-23,0.099
2010-03-24,0.101
2010-03-25,0.101
2010-03-26,0.097
2010-03-29,0.103
2010-03-30,0.100
2010-03-31,0.082
2010-04-01,0.090
2010-04-02,0.094
2010-04-05,0.094
2010-04-06,0.093
2010-04-07,0.091
2010-04-08,0.093
2010-04-09,0.097
2010-04-12,0.094
2010-04-13,0.094
2010-04-14,0.089
2010-04-15,0.089
2010-04-16,0.095
2010-04-19,0.092
2010-04-20,0.096
2010-04-21,0.094
2010-04-22,0.091
2010-04-23,0.092
2010-04-26,0.094
2010-04-27,0.092
2010-04-28,0.090
2010-04-30,0.096
2010-05-06,0.093
2010-05-07,0.091
2010-05-10,0.087
2010-05-11,0.089
2010-05-12,0.088
2010-05-13,0.088
2010-05-14,0.102
2010-05-17,0.090
2010-05-18,0.088
2010-05-19,0.091
2010-05-20,0.092
2010-05-21,0.093
2010-05-24,0.092
2010-05-25,0.090
2010-05-26,0.089
2010-05-27,0.089
2010-05-28,0.093
2010-05-31,0.089
2010-06-01,0.089
2010-06-02,0.088
2010-06-03,0.088
2010-06-04,0.091
2010-06-07,0.086
2010-06-08,0.106
2010-06-09,0.090
2010-06-10,0.096
2010-06-11,0.091
2010-06-14,0.098
2010-06-15,0.098
2010-06-16,0.094
2010-06-17,0.096
2010-06-18,0.093
2010-06-21,0.098
2010-06-22,0.097
2010-06-23,0.097
2010-06-24,0.103
2010-06-25,0.098
2010-06-28,0.099
2010-06-29,0.094
2010-06-30,0.096
2010-07-01,0.091
2010-07-02,0.091
2010-07-05,0.091
2010-07-06,0.111
2010-07-07,0.093
2010-07-08,0.092
2010-07-09,0.098
2010-07-12,0.092
2010-07-13,0.093
2010-07-14,0.092
2010-07-15,0.091
2010-07-16,0.094
2010-07-20,0.093
2010-07-21,0.090
2010-07-22,0.093
2010-07-23,0.093
2010-07-26,0.095
2010-07-27,0.092
2010-07-28,0.105
2010-07-29,0.094
2010-07-30,0.098
2010-08-02,0.096
2010-08-03,0.094
2010-08-04,0.095
2010-08-05,0.096
2010-08-06,0.097
2010-08-09,0.098
2010-08-10,0.105
2010-08-11,0.099
2010-08-12,0.096
2010-08-13,0.093
2010-08-16,0.093
2010-08-17,0.091
2010-08-18,0.095
2010-08-19,0.091
2010-08-20,0.092
2010-08-23,0.094
2010-08-24,0.097
2010-08-25,0.095
2010-08-26,0.089
2010-08-27,0.094
2010-08-30,0.095
2010-08-31,0.095
2010-09-01,0.093
2010-09-02,0.091
2010-09-03,0.090
2010-09-06,0.097
2010-09-07,0.087
2010-09-08,0.092
2010-09-09,0.090
2010-09-10,0.093
2010-09-13,0.089
2010-09-14,0.089
2010-09-15,0.089
2010-09-16,0.090
2010-09-17,0.086
2010-09-21,0.089
2010-09-22,0.090
2010-09-24,0.089
2010-09-27,0.088
2010-09-28,0.087
2010-09-29,0.091
2010-09-30,0.113
2010-10-01,0.091
2010-10-04,0.092
2010-10-05,0.090
2010-10-06,0.085
2010-10-07,0.087
2010-10-08,0.088
2010-10-12,0.088
2010-10-13,0.089
2010-10-14,0.091
2010-10-15,0.098
2010-10-18,0.093
2010-10-19,0.093
2010-10-20,0.091
2010-10-21,0.091
2010-10-22,0.093
2010-10-25,0.094
2010-10-26,0.088
2010-10-27,0.092
2010-10-28,0.090
2010-10-29,0.093
2010-11-01,0.093
2010-11-02,0.099
2010-11-04,0.104
2010-11-05,0.093
2010-11-08,0.091
2010-11-09,0.086
2010-11-10,0.089
2010-11-11,0.086
2010-11-12,0.086
2010-11-15,0.090
2010-11-16,0.087
2010-11-17,0.087
2010-11-18,0.087
2010-11-19,0.091
2010-11-22,0.089
2010-11-24,0.089
2010-11-25,0.091
2010-11-26,0.093
2010-11-29,0.090
2010-11-30,0.090
2010-12-01,0.087
2010-12-02,0.092
2010-12-03,0.094
2010-12-06,0.093
2010-12-07,0.091
2010-12-08,0.095
2010-12-09,0.089
2010-12-10,0.090
2010-12-13,0.090
2010-12-14,0.089
2010-12-15,0.090
2010-12-16,0.086
2010-12-17,0.083
2010-12-20,0.086
2010-12-21,0.085
2010-12-22,0.083
2010-12-24,0.079
2010-12-27,0.083
2010-12-28,0.080
2010-12-29,0.080
2010-12-30,0.079
2011-01-04,0.080
2011-01-05,0.079
2011-01-06,0.079
2011-01-07,0.094
2011-01-11,0.080
2011-01-12,0.081
2011-01-13,0.089
2011-01-14,0.086
2011-01-17,0.084
2011-01-18,0.084
2011-01-19,0.082
2011-01-20,0.085
2011-01-21,0.085
2011-01-24,0.085
2011-01-25,0.082
2011-01-26,0.095
2011-01-27,0.088
2011-01-28,0.087
2011-01-31,0.087
2011-02-01,0.088
2011-02-02,0.099
2011-02-03,0.102
2011-02-04,0.093
2011-02-07,0.094
2011-02-08,0.098
2011-02-09,0.104
2011-02-10,0.100
2011-02-14,0.102
2011-02-15,0.091
2011-02-16,0.087
2011-02-17,0.098
2011-02-18,0.084
2011-02-21,0.087
2011-02-22,0.089
2011-02-23,0.093
2011-02-24,0.086
2011-02-25,0.088
2011-02-28,0.091
2011-03-01,0.092
2011-03-02,0.085
2011-03-03,0.089
2011-03-04,0.085
2011-03-07,0.087
2011-03-08,0.085
2011-03-09,0.087
2011-03-10,0.090
2011-03-11,0.087
2011-03-14,0.109
2011-03-15,0.103
2011-03-16,0.092
2011-03-17,0.095
2011-03-18,0.092
2011-03-22,0.084
2011-03-23,0.077
2011-03-24,0.074
2011-03-25,0.071
2011-03-28,0.072
2011-03-29,0.072
2011-03-30,0.071
2011-03-31,0.062
2011-04-01,0.061
2011-04-04,0.061
2011-04-05,0.060
2011-04-06,0.062
2011-04-07,0.061
2011-04-08,0.062
2011-04-11,0.062
2011-04-12,0.061
2011-04-13,0.060
2011-04-14,0.063
2011-04-15,0.063
2011-04-18,0.062
2011-04-19,0.062
2011-04-20,0.064
2011-04-21,0.063
2011-04-22,0.064
2011-04-25,0.063
2011-04-26,0.064
2011-04-27,0.063
2011-04-28,0.064
2011-05-02,0.062
2011-05-06,0.063
2011-05-09,0.065
2011-05-10,0.065
2011-05-11,0.065
2011-05-12,0.067
2011-05-13,0.065
2011-05-16,0.069
2011-05-17,0.069
2011-05-18,0.069
2011-05-19,0.070
2011-05-20,0.070
2011-05-23,0.069
2011-05-24,0.094
2011-05-25,0.078
2011-05-26,0.072
2011-05-27,0.069
2011-05-30,0.069
2011-05-31,0.067
2011-06-01,0.066
2011-06-02,0.068
2011-06-03,0.068
2011-06-06,0.064
2011-06-07,0.066
2011-06-08,0.067
2011-06-09,0.069
2011-06-10,0.068
2011-06-13,0.068
2011-06-14,0.072
2011-06-15,0.070
2011-06-16,0.069
2011-06-17,0.068
2011-06-20,0.069
2011-06-21,0.073
2011-06-22,0.069
2011-06-23,0.071
2011-06-24,0.070
2011-06-27,0.068
2011-06-28,0.068
2011-06-29,0.069
2011-06-30,0.067
2011-07-01,0.067
2011-07-04,0.068
2011-07-05,0.068
2011-07-06,0.070
2011-07-07,0.070
2011-07-08,0.073
2011-07-11,0.076
2011-07-12,0.076
2011-07-13,0.076
2011-07-14,0.084
2011-07-15,0.075
2011-07-19,0.072
2011-07-20,0.073
2011-07-21,0.075
2011-07-22,0.073
2011-07-25,0.070
2011-07-26,0.073
2011-07-27,0.072
2011-07-28,0.074
2011-07-29,0.078
2011-08-01,0.076
2011-08-02,0.078
2011-08-03,0.083
2011-08-04,0.082
2011-08-05,0.086
2011-08-08,0.079
2011-08-09,0.079
2011-08-10,0.080
2011-08-11,0.077
2011-08-12,0.081
2011-08-15,0.083
2011-08-16,0.081
2011-08-17,0.087
2011-08-18,0.080
2011-08-19,0.084
2011-08-22,0.082
2011-08-23,0.082
2011-08-24,0.087
2011-08-25,0.078
2011-08-26,0.076
2011-08-29,0.079
2011-08-30,0.078
2011-08-31,0.075
2011-09-01,0.080
2011-09-02,0.082
2011-09-05,0.078
2011-09-06,0.085
2011-09-07,0.086
2011-09-08,0.081
2011-09-09,0.081
2011-09-12,0.085
2011-09-13,0.077
2011-09-14,0.077
2011-09-15,0.081
2011-09-16,0.078
2011-09-20,0.080
2011-09-21,0.080
2011-09-22,0.081
2011-09-26,0.079
2011-09-27,0.074
2011-09-28,0.078
2011-09-29,0.083
2011-09-30,0.075
2011-10-03,0.081
2011-10-04,0.083
2011-10-05,0.078
2011-10-06,0.081
2011-10-07,0.083
2011-10-11,0.082
2011-10-12,0.095
2011-10-13,0.090
2011-10-14,0.077
2011-10-17,0.077
2011-10-18,0.077
2011-10-19,0.079
2011-10-20,0.079
2011-10-21,0.080
2011-10-24,0.081
2011-10-25,0.085
2011-10-26,0.087
2011-10-27,0.076
2011-10-28,0.075
2011-10-31,0.081
2011-11-01,0.077
2011-11-02,0.078
2011-11-04,0.077
2011-11-07,0.073
2011-11-08,0.074
2011-11-09,0.075
2011-11-10,0.075
2011-11-11,0.073
2011-11-14,0.074
2011-11-15,0.075
2011-11-16,0.077
2011-11-17,0.078
2011-11-18,0.076
2011-11-21,0.081
2011-11-22,0.079
2011-11-24,0.082
2011-11-25,0.078
2011-11-28,0.076
2011-11-29,0.076
2011-11-30,0.081
2011-12-01,0.082
2011-12-02,0.077
2011-12-05,0.078
2011-12-06,0.077
2011-12-07,0.078
2011-12-08,0.077
2011-12-09,0.076
2011-12-12,0.078
2011-12-13,0.079
2011-12-14,0.079
2011-12-15,0.078
2011-12-16,0.080
2011-12-19,0.085
2011-12-20,0.083
2011-12-21,0.082
2011-12-22,0.079
2011-12-26,0.073
2011-12-27,0.071
2011-12-28,0.074
2011-12-29,0.073
2011-12-30,0.075
2012-01-04,0.079
2012-01-05,0.074
2012-01-06,0.080
2012-01-10,0.081
2012-01-11,0.090
2012-01-12,0.079
2012-01-13,0.076
2012-01-16,0.074
2012-01-17,0.083
2012-01-18,0.083
2012-01-19,0.086
2012-01-20,0.086
2012-01-23,0.080
2012-01-24,0.079
2012-01-25,0.080
2012-01-26,0.081
2012-01-27,0.081
2012-01-30,0.082
2012-01-31,0.075
2012-02-01,0.073
2012-02-02,0.076
2012-02-03,0.079
2012-02-06,0.083
2012-02-07,0.085
2012-02-08,0.085
2012-02-09,0.087
2012-02-10,0.084
2012-02-13,0.079
2012-02-14,0.096
2012-02-15,0.084
2012-02-16,0.093
2012-02-17,0.078
2012-02-20,0.090
2012-02-21,0.095
2012-02-22,0.088
2012-02-23,0.091
2012-02-24,0.079
2012-02-27,0.093
2012-02-28,0.083
2012-02-29,0.081
2012-03-01,0.087
2012-03-02,0.080
2012-03-05,0.089
2012-03-06,0.086
2012-03-07,0.087
2012-03-08,0.096
2012-03-09,0.086
2012-03-12,0.086
2012-03-13,0.091
2012-03-14,0.088
2012-03-15,0.087
2012-03-16,0.083
2012-03-19,0.086
2012-03-21,0.082
2012-03-22,0.083
2012-03-23,0.084
2012-03-26,0.078
2012-03-27,0.073
2012-03-28,0.078
2012-03-29,0.077
2012-03-30,0.076
2012-04-02,0.074
2012-04-03,0.073
2012-04-04,0.082
2012-04-05,0.068
2012-04-06,0.068
2012-04-09,0.068
2012-04-10,0.070
2012-04-11,0.074
2012-04-12,0.073
2012-04-13,0.067
2012-04-16,0.073
2012-04-17,0.070
2012-04-18,0.072
2012-04-19,0.073
2012-04-20,0.081
2012-04-23,0.083
2012-04-24,0.081
2012-04-25,0.084
2012-04-26,0.076
2012-04-27,0.080
2012-05-01,0.079
2012-05-02,0.080
2012-05-07,0.077
2012-05-08,0.077
2012-05-09,0.081
2012-05-10,0.079
2012-05-11,0.081
2012-05-14,0.086
2012-05-15,0.085
2012-05-16,0.079
2012-05-17,0.082
2012-05-18,0.084
2012-05-21,0.088
2012-05-22,0.086
2012-05-23,0.083
2012-05-24,0.085
2012-05-25,0.087
2012-05-28,0.087
2012-05-29,0.087
2012-05-30,0.087
2012-05-31,0.095
2012-06-01,0.080
2012-06-04,0.079
2012-06-05,0.075
2012-06-06,0.076
2012-06-07,0.074
2012-06-08,0.073
2012-06-11,0.073
2012-06-12,0.074
2012-06-13,0.081
2012-06-14,0.080
2012-06-15,0.073
2012-06-18,0.076
2012-06-19,0.078
2012-06-20,0.077
2012-06-21,0.078
2012-06-22,0.078
2012-06-25,0.077
2012-06-26,0.075
2012-06-27,0.075
2012-06-28,0.076
2012-06-29,0.076
2012-07-02,0.075
2012-07-03,0.075
2012-07-04,0.079
2012-07-05,0.080
2012-07-06,0.085
2012-07-09,0.083
2012-07-10,0.084
2012-07-11,0.083
2012-07-12,0.086
2012-07-13,0.088
2012-07-17,0.086
2012-07-18,0.087
2012-07-19,0.092
2012-07-20,0.090
2012-07-23,0.082
2012-07-24,0.083
2012-07-25,0.084
2012-07-26,0.080
2012-07-27,0.080
2012-07-30,0.084
2012-07-31,0.090
2012-08-01,0.091
2012-08-02,0.094
2012-08-03,0.090
2012-08-06,0.086
2012-08-07,0.086
2012-08-08,0.086
2012-08-09,0.090
2012-08-10,0.096
2012-08-13,0.089
2012-08-14,0.089
2012-08-15,0.081
2012-08-16,0.083
2012-08-17,0.082
2012-08-20,0.084
2012-08-21,0.084
2012-08-22,0.090
2012-08-23,0.084
2012-08-24,0.082
2012-08-27,0.079
2012-08-28,0.078
2012-08-29,0.081
2012-08-30,0.088
2012-08-31,0.093
2012-09-03,0.080
2012-09-04,0.083
2012-09-05,0.084
2012-09-06,0.084
2012-09-07,0.088
2012-09-10,0.080
2012-09-11,0.084
2012-09-12,0.090
2012-09-13,0.089
2012-09-14,0.091
2012-09-18,0.088
2012-09-19,0.086
2012-09-20,0.081
2012-09-21,0.081
2012-09-24,0.091
2012-09-25,0.084
2012-09-26,0.081
2012-09-27,0.089
2012-09-28,0.078
2012-10-01,0.086
2012-10-02,0.084
2012-10-03,0.084
2012-10-04,0.085
2012-10-05,0.086
2012-10-09,0.087
2012-10-10,0.086
2012-10-11,0.091
2012-10-12,0.082
2012-10-15,0.081
2012-10-16,0.080
2012-10-17,0.079
2012-10-18,0.082
2012-10-19,0.084
2012-10-22,0.088
2012-10-23,0.083
2012-10-24,0.086
2012-10-25,0.092
2012-10-26,0.086
2012-10-29,0.085
2012-10-30,0.082
2012-10-31,0.089
2012-11-01,0.089
2012-11-02,0.080
2012-11-05,0.082
2012-11-06,0.088
2012-11-07,0.093
2012-11-08,0.089
2012-11-09,0.089
2012-11-12,0.085
2012-11-13,0.079
2012-11-14,0.079
2012-11-15,0.076
2012-11-16,0.079
2012-11-19,0.076
2012-11-20,0.086
2012-11-21,0.089
2012-11-22,0.086
2012-11-26,0.082
2012-11-27,0.085
2012-11-28,0.107
2012-11-29,0.087
2012-11-30,0.091
2012-12-03,0.082
2012-12-04,0.089
2012-12-05,0.087
2012-12-06,0.091
2012-12-07,0.081
2012-12-10,0.079
2012-12-11,0.076
2012-12-12,0.078
2012-12-13,0.085
2012-12-14,0.084
2012-12-17,0.084
2012-12-18,0.081
2012-12-19,0.090
2012-12-20,0.085
2012-12-21,0.081
2012-12-25,0.081
2012-12-26,0.077
2012-12-27,0.074
2012-12-28,0.076
2013-01-04,0.075
2013-01-07,0.076
2013-01-08,0.081
2013-01-09,0.084
2013-01-10,0.081
2013-01-11,0.076
2013-01-15,0.082
2013-01-16,0.083
2013-01-17,0.080
2013-01-18,0.085
2013-01-21,0.084
2013-01-22,0.077
2013-01-23,0.083
2013-01-24,0.090
2013-01-25,0.083
2013-01-28,0.106
2013-01-29,0.079
2013-01-30,0.087
2013-01-31,0.082
2013-02-01,0.078
2013-02-04,0.084
2013-02-05,0.082
2013-02-06,0.089
2013-02-07,0.086
2013-02-08,0.084
2013-02-12,0.089
2013-02-13,0.092
2013-02-14,0.089
2013-02-15,0.077
2013-02-18,0.089
2013-02-19,0.086
2013-02-20,0.090
2013-02-21,0.096
2013-02-22,0.083
2013-02-25,0.090
2013-02-26,0.085
2013-02-27,0.093
2013-02-28,0.083
2013-03-01,0.085
2013-03-04,0.087
2013-03-05,0.088
2013-03-06,0.092
2013-03-07,0.088
2013-03-08,0.083
2013-03-11,0.084
2013-03-12,0.088
2013-03-13,0.081
2013-03-14,0.081
2013-03-15,0.077
2013-03-18,0.077
2013-03-19,0.079
2013-03-21,0.074
2013-03-22,0.073
2013-03-25,0.070
2013-03-26,0.076
2013-03-27,0.059
2013-03-28,0.061
2013-03-29,0.058
2013-04-01,0.064
2013-04-02,0.066
2013-04-03,0.067
2013-04-04,0.072
2013-04-05,0.074
2013-04-08,0.072
2013-04-09,0.075
2013-04-10,0.078
2013-04-11,0.073
2013-04-12,0.073
2013-04-15,0.077
2013-04-16,0.070
2013-04-17,0.071
2013-04-18,0.071
2013-04-19,0.072
2013-04-22,0.072
2013-04-23,0.074
2013-04-24,0.073
2013-04-25,0.077
2013-04-26,0.073
2013-04-30,0.071
2013-05-01,0.072
2013-05-02,0.074
2013-05-07,0.073
2013-05-08,0.072
2013-05-09,0.092
2013-05-10,0.073
2013-05-13,0.071
2013-05-14,0.073
2013-05-15,0.072
2013-05-16,0.074
2013-05-17,0.072
2013-05-20,0.073
2013-05-21,0.072
2013-05-22,0.073
2013-05-23,0.074
2013-05-24,0.073
2013-05-27,0.072
2013-05-28,0.070
2013-05-29,0.071
2013-05-30,0.072
2013-05-31,0.073
2013-06-03,0.074
2013-06-04,0.075
2013-06-05,0.076
2013-06-06,0.077
2013-06-07,0.075
2013-06-10,0.077
2013-06-11,0.074
2013-06-12,0.073
2013-06-13,0.075
2013-06-14,0.076
2013-06-17,0.072
2013-06-18,0.073
2013-06-19,0.073
2013-06-20,0.075
2013-06-21,0.072
2013-06-24,0.085
2013-06-25,0.071
2013-06-26,0.072
2013-06-27,0.072
2013-06-28,0.070
2013-07-01,0.073
2013-07-02,0.070
2013-07-03,0.072
2013-07-04,0.071
2013-07-05,0.077
2013-07-08,0.075
2013-07-09,0.074
2013-07-10,0.074
2013-07-11,0.073
2013-07-12,0.074
2013-07-16,0.075
2013-07-17,0.073
2013-07-18,0.073
2013-07-19,0.074
2013-07-22,0.073
2013-07-23,0.072
2013-07-24,0.074
2013-07-25,0.075
2013-07-26,0.073
2013-07-29,0.073
2013-07-30,0.073
2013-07-31,0.073
2013-08-01,0.072
2013-08-02,0.072
2013-08-05,0.073
2013-08-06,0.076
2013-08-07,0.073
2013-08-08,0.070
2013-08-09,0.071
2013-08-12,0.072
2013-08-13,0.073
2013-08-14,0.072
2013-08-15,0.072
2013-08-16,0.072
2013-08-19,0.073
2013-08-20,0.074
2013-08-21,0.075
2013-08-22,0.080
2013-08-23,0.074
2013-08-26,0.074
2013-08-27,0.074
2013-08-28,0.074
2013-08-29,0.078
2013-08-30,0.072
2013-09-02,0.072
2013-09-03,0.072
2013-09-04,0.071
2013-09-05,0.071
2013-09-06,0.071
2013-09-09,0.072
2013-09-10,0.097
2013-09-11,0.075
2013-09-12,0.072
2013-09-13,0.070
2013-09-17,0.069
2013-09-18,0.070
2013-09-19,0.070
2013-09-20,0.071
2013-09-24,0.069
2013-09-25,0.069
2013-09-26,0.067
2013-09-27,0.069
2013-09-30,0.062
2013-10-01,0.066
2013-10-02,0.068
2013-10-03,0.068
2013-10-04,0.069
2013-10-07,0.067
2013-10-08,0.067
2013-10-09,0.068
2013-10-10,0.070
2013-10-11,0.070
2013-10-15,0.071
2013-10-16,0.070
2013-10-17,0.069
2013-10-18,0.068
2013-10-21,0.069
2013-10-22,0.070
2013-10-23,0.078
2013-10-24,0.077
2013-10-25,0.072
2013-10-28,0.070
2013-10-29,0.070
2013-10-30,0.072
2013-10-31,0.072
2013-11-01,0.073
2013-11-05,0.072
2013-11-06,0.072
2013-11-07,0.072
2013-11-08,0.072
2013-11-11,0.074
2013-11-12,0.074
2013-11-13,0.073
2013-11-14,0.073
2013-11-15,0.072
2013-11-18,0.073
2013-11-19,0.074
2013-11-20,0.075
2013-11-21,0.076
2013-11-22,0.072
2013-11-25,0.074
2013-11-26,0.072
2013-11-27,0.080
2013-11-28,0.072
2013-11-29,0.071
2013-12-02,0.072
2013-12-03,0.072
2013-12-04,0.072
2013-12-05,0.072
2013-12-06,0.072
2013-12-09,0.075
2013-12-10,0.079
2013-12-11,0.091
2013-12-12,0.073
2013-12-13,0.071
2013-12-16,0.074
2013-12-17,0.073
2013-12-18,0.073
2013-12-19,0.073
2013-12-20,0.074
2013-12-24,0.073
2013-12-25,0.072
2013-12-26,0.072
2013-12-27,0.073
2013-12-30,0.068
2014-01-06,0.072
2014-01-07,0.071
2014-01-08,0.071
2014-01-09,0.073
2014-01-10,0.074
2014-01-14,0.072
2014-01-15,0.072
2014-01-16,0.071
2014-01-17,0.071
2014-01-20,0.072
2014-01-21,0.071
2014-01-22,0.071
2014-01-23,0.072
2014-01-24,0.072
2014-01-27,0.072
2014-01-28,0.070
2014-01-29,0.091
2014-01-30,0.070
2014-01-31,0.071
2014-02-03,0.074
2014-02-04,0.082
2014-02-05,0.080
2014-02-06,0.079
2014-02-07,0.072
2014-02-10,0.074
2014-02-12,0.079
2014-02-13,0.077
2014-02-14,0.071
2014-02-17,0.075
2014-02-18,0.071
2014-02-19,0.079
2014-02-20,0.086
2014-02-21,0.079
2014-02-24,0.073
2014-02-25,0.080
2014-02-26,0.079
2014-02-27,0.073
2014-02-28,0.072
2014-03-03,0.074
2014-03-04,0.074
2014-03-05,0.078
2014-03-06,0.075
2014-03-07,0.073
2014-03-10,0.075
2014-03-11,0.075
2014-03-12,0.075
2014-03-13,0.073
2014-03-14,0.072
2014-03-17,0.074
2014-03-18,0.080
2014-03-19,0.077
2014-03-20,0.072
2014-03-24,0.073
2014-03-25,0.069
2014-03-26,0.070
2014-03-27,0.070
2014-03-28,0.069
2014-03-31,0.044
2014-04-01,0.065
2014-04-02,0.064
2014-04-03,0.064
2014-04-04,0.066
2014-04-07,0.065
2014-04-08,0.065
2014-04-09,0.064
2014-04-10,0.065
2014-04-11,0.065
2014-04-14,0.065
2014-04-15,0.064
2014-04-16,0.064
2014-04-17,0.064
2014-04-18,0.065
2014-04-21,0.065
2014-04-22,0.065
2014-04-23,0.065
2014-04-24,0.065
2014-04-25,0.067
2014-04-28,0.067
2014-04-30,0.065
2014-05-01,0.065
2014-05-02,0.067
2014-05-07,0.064
2014-05-08,0.065
2014-05-09,0.065
2014-05-12,0.065
2014-05-13,0.066
2014-05-14,0.067
2014-05-15,0.065
2014-05-16,0.067
2014-05-19,0.067
2014-05-20,0.067
2014-05-21,0.089
2014-05-22,0.067
2014-05-23,0.068
2014-05-26,0.068
2014-05-27,0.066
2014-05-28,0.065
2014-05-29,0.070
2014-05-30,0.069
2014-06-02,0.067
2014-06-03,0.066
2014-06-04,0.066
2014-06-05,0.067
2014-06-06,0.069
2014-06-09,0.069
2014-06-10,0.070
2014-06-11,0.071
2014-06-12,0.071
2014-06-13,0.069
2014-06-16,0.067
2014-06-17,0.066
2014-06-18,0.068
2014-06-19,0.066
2014-06-20,0.066
2014-06-23,0.065
2014-06-24,0.066
2014-06-25,0.069
2014-06-26,0.066
2014-06-27,0.066
2014-06-30,0.058
2014-07-01,0.065
2014-07-02,0.065
2014-07-03,0.065
2014-07-04,0.066
2014-07-07,0.065
2014-07-08,0.066
2014-07-09,0.066
2014-07-10,0.064
2014-07-11,0.065
2014-07-14,0.066
2014-07-15,0.065
2014-07-16,0.065
2014-07-17,0.065
2014-07-18,0.068
2014-07-22,0.066
2014-07-23,0.067
2014-07-24,0.067
2014-07-25,0.070
2014-07-28,0.066
2014-07-29,0.066
2014-07-30,0.065
2014-07-31,0.065
2014-08-01,0.068
2014-08-04,0.067
2014-08-05,0.072
2014-08-06,0.069
2014-08-07,0.070
2014-08-08,0.068
2014-08-11,0.066
2014-08-12,0.067
2014-08-13,0.067
2014-08-14,0.068
2014-08-15,0.068
2014-08-18,0.066
2014-08-19,0.067
2014-08-20,0.073
2014-08-21,0.067
2014-08-22,0.068
2014-08-25,0.068
2014-08-26,0.071
2014-08-27,0.067
2014-08-28,0.074
2014-08-29,0.070
2014-09-01,0.068
2014-09-02,0.070
2014-09-03,0.069
2014-09-04,0.074
2014-09-05,0.070
2014-09-08,0.067
2014-09-09,0.067
2014-09-10,0.071
2014-09-11,0.067
2014-09-12,0.070
2014-09-16,0.067
2014-09-17,0.066
2014-09-18,0.068
2014-09-19,0.069
2014-09-22,0.065
2014-09-24,0.066
2014-09-25,0.073
2014-09-26,0.066
2014-09-29,0.066
2014-09-30,0.029
2014-10-01,0.049
2014-10-02,0.056
2014-10-03,0.061
2014-10-06,0.060
2014-10-07,0.059
2014-10-08,0.059
2014-10-09,0.059
2014-10-10,0.060
2014-10-14,0.060
2014-10-15,0.061
2014-10-16,0.058
2014-10-17,0.059
2014-10-20,0.060
2014-10-21,0.060
2014-10-22,0.061
2014-10-23,0.060
2014-10-24,0.060
2014-10-27,0.059
2014-10-28,0.059
2014-10-29,0.059
2014-10-30,0.059
2014-10-31,0.060
2014-11-04,0.061
2014-11-05,0.061
2014-11-06,0.061
2014-11-07,0.062
2014-11-10,0.068
2014-11-11,0.068
2014-11-12,0.065
2014-11-13,0.063
2014-11-14,0.066
2014-11-17,0.064
2014-11-18,0.065
2014-11-19,0.065
2014-11-20,0.066
2014-11-21,0.069
2014-11-25,0.065
2014-11-26,0.066
2014-11-27,0.066
2014-11-28,0.067
2014-12-01,0.065
2014-12-02,0.065
2014-12-03,0.065
2014-12-04,0.065
2014-12-05,0.067
2014-12-08,0.065
2014-12-09,0.073
2014-12-10,0.067
2014-12-11,0.085
2014-12-12,0.068
2014-12-15,0.069
2014-12-16,0.067
2014-12-17,0.068
2014-12-18,0.066
2014-12-19,0.065
2014-12-22,0.066
2014-12-24,0.067
2014-12-25,0.068
2014-12-26,0.068
2014-12-29,0.068
2014-12-30,0.066
2015-01-05,0.070
2015-01-06,0.071
2015-01-07,0.073
2015-01-08,0.074
2015-01-09,0.075
2015-01-13,0.074
2015-01-14,0.073
2015-01-15,0.074
2015-01-16,0.074
2015-01-19,0.074
2015-01-20,0.077
2015-01-21,0.074
2015-01-22,0.075
2015-01-23,0.073
2015-01-26,0.071
2015-01-27,0.073
2015-01-28,0.087
2015-01-29,0.071
2015-01-30,0.071
2015-02-02,0.071
2015-02-03,0.073
2015-02-04,0.075
2015-02-05,0.076
2015-02-06,0.073
2015-02-09,0.081
2015-02-10,0.074
2015-02-12,0.074
2015-02-13,0.073
2015-02-16,0.075
2015-02-17,0.079
2015-02-18,0.077
2015-02-19,0.082
2015-02-20,0.075
2015-02-23,0.078
2015-02-24,0.077
2015-02-25,0.086
2015-02-26,0.075
2015-02-27,0.074
2015-03-02,0.075
2015-03-03,0.075
2015-03-04,0.075
2015-03-05,0.080
2015-03-06,0.075
2015-03-09,0.076
2015-03-10,0.076
2015-03-11,0.083
2015-03-12,0.076
2015-03-13,0.075
2015-03-16,0.075
2015-03-17,0.075
2015-03-18,0.075
2015-03-19,0.071
2015-03-20,0.066
2015-03-23,0.065
2015-03-24,0.064
2015-03-25,0.065
2015-03-26,0.065
2015-03-27,0.067
2015-03-30,0.064
2015-03-31,0.015
2015-04-01,0.056
2015-04-02,0.057
2015-04-03,0.058
2015-04-06,0.057
2015-04-07,0.058
2015-04-08,0.059
2015-04-09,0.059
2015-04-10,0.061
2015-04-13,0.060
2015-04-14,0.059
2015-04-15,0.061
2015-04-16,0.066
2015-04-17,0.063
2015-04-20,0.062
2015-04-21,0.062
2015-04-22,0.062
2015-04-23,0.063
2015-04-24,0.065
2015-04-27,0.064
2015-04-28,0.064
2015-04-30,0.063
2015-05-01,0.068
2015-05-07,0.065
2015-05-08,0.068
2015-05-11,0.067
2015-05-12,0.067
2015-05-13,0.068
2015-05-14,0.068
2015-05-15,0.070
2015-05-18,0.068
2015-05-19,0.069
2015-05-20,0.069
2015-05-21,0.070
2015-05-22,0.072
2015-05-25,0.069
2015-05-26,0.071
2015-05-27,0.074
2015-05-28,0.071
2015-05-29,0.073
2015-06-01,0.073
2015-06-02,0.075
2015-06-03,0.074
2015-06-04,0.073
2015-06-05,0.075
2015-06-08,0.073
2015-06-09,0.074
2015-06-10,0.089
2015-06-11,0.074
2015-06-12,0.074
2015-06-15,0.073
2015-06-16,0.073
2015-06-17,0.076
2015-06-18,0.074
2015-06-19,0.074
2015-06-22,0.073
2015-06-23,0.074
2015-06-24,0.077
2015-06-25,0.073
2015-06-26,0.073
2015-06-29,0.072
2015-06-30,0.011
2015-07-01,0.062
2015-07-02,0.072
2015-07-03,0.075
2015-07-06,0.075
2015-07-07,0.075
2015-07-08,0.075
2015-07-09,0.075
2015-07-10,0.076
2015-07-13,0.075
2015-07-14,0.076
2015-07-15,0.076
2015-07-16,0.075
2015-07-17,0.074
2015-07-21,0.076
2015-07-22,0.075
2015-07-23,0.076
2015-07-24,0.076
2015-07-27,0.075
2015-07-28,0.075
2015-07-29,0.074
2015-07-30,0.075
2015-07-31,0.064
2015-08-03,0.074
2015-08-04,0.076
2015-08-05,0.078
2015-08-06,0.076
2015-08-07,0.076
2015-08-10,0.075
2015-08-11,0.076
2015-08-12,0.077
2015-08-13,0.075
2015-08-14,0.076
2015-08-17,0.077
2015-08-18,0.083
2015-08-19,0.077
2015-08-20,0.076
2015-08-21,0.077
2015-08-24,0.076
2015-08-25,0.076
2015-08-26,0.080
2015-08-27,0.076
2015-08-28,0.076
2015-08-31,0.071
2015-09-01,0.076
2015-09-02,0.077
2015-09-03,0.077
2015-09-04,0.076
2015-09-07,0.075
2015-09-08,0.075
2015-09-09,0.075
2015-09-10,0.076
2015-09-11,0.076
2015-09-14,0.076
2015-09-15,0.076
2015-09-16,0.091
2015-09-17,0.076
2015-09-18,0.077
2015-09-24,0.076
2015-09-25,0.077
2015-09-28,0.076
2015-09-29,0.076
2015-09-30,0.010
2015-10-01,0.076
2015-10-02,0.076
2015-10-05,0.077
2015-10-06,0.077
2015-10-07,0.076
2015-10-08,0.077
2015-10-09,0.075
2015-10-13,0.076
2015-10-14,0.076
2015-10-15,0.076
2015-10-16,0.077
2015-10-19,0.076
2015-10-20,0.076
2015-10-21,0.076
2015-10-22,0.076
2015-10-23,0.077
2015-10-26,0.076
2015-10-27,0.076
2015-10-28,0.076
2015-10-29,0.076
2015-10-30,0.074
2015-11-02,0.076
2015-11-04,0.085
2015-11-05,0.077
2015-11-06,0.077
2015-11-09,0.078
2015-11-10,0.077
2015-11-11,0.078
2015-11-12,0.078
2015-11-13,0.078
2015-11-16,0.078
2015-11-17,0.078
2015-11-18,0.084
2015-11-19,0.078
2015-11-20,0.077
2015-11-24,0.078
2015-11-25,0.078
2015-11-26,0.076
2015-11-27,0.077
2015-11-30,0.076
2015-12-01,0.076
2015-12-02,0.077
2015-12-03,0.077
2015-12-04,0.076
2015-12-07,0.077
2015-12-08,0.076
2015-12-09,0.076
2015-12-10,0.077
2015-12-11,0.076
2015-12-14,0.076
2015-12-15,0.076
2015-12-16,0.076
2015-12-17,0.089
2015-12-18,0.075
2015-12-21,0.075
2015-12-22,0.074
2015-12-24,0.086
2015-12-25,0.073
2015-12-28,0.073
2015-12-29,0.073
2015-12-30,0.038
2016-01-04,0.070
2016-01-05,0.074
2016-01-06,0.075
2016-01-07,0.075
2016-01-08,0.077
2016-01-12,0.075
2016-01-13,0.075
2016-01-14,0.075
2016-01-15,0.075
2016-01-18,0.074
2016-01-19,0.076
2016-01-20,0.074
2016-01-21,0.075
2016-01-22,0.075
2016-01-25,0.075
2016-01-26,0.079
2016-01-27,0.076
2016-01-28,0.074
2016-01-29,0.066
2016-02-01,0.058
2016-02-02,0.061
2016-02-03,0.064
2016-02-04,0.066
2016-02-05,0.068
2016-02-08,0.072
2016-02-09,0.073
2016-02-10,0.072
2016-02-12,0.071
2016-02-15,0.074
2016-02-16,0.001
2016-02-17,-0.002
2016-02-18,-0.009
2016-02-19,-0.008
2016-02-22,-0.001
2016-02-23,-0.001
2016-02-24,-0.003
2016-02-25,-0.003
2016-02-26,-0.002
2016-02-29,-0.001
2016-03-01,-0.003
2016-03-02,-0.002
2016-03-03,-0.002
2016-03-04,-0.001
2016-03-07,-0.001
2016-03-08,0.000
2016-03-09,-0.001
2016-03-10,-0.003
2016-03-11,-0.001
2016-03-14,-0.002
2016-03-15,-0.002
2016-03-16,0.002
2016-03-17,-0.003
2016-03-18,-0.002
2016-03-22,-0.003
2016-03-23,-0.004
2016-03-24,-0.003
2016-03-25,-0.007
2016-03-28,-0.007
2016-03-29,-0.006
2016-03-30,-0.007
2016-03-31,-0.002
2016-04-01,-0.006
2016-04-04,-0.007
2016-04-05,-0.007
2016-04-06,-0.007
2016-04-07,-0.007
2016-04-08,-0.012
2016-04-11,-0.006
2016-04-12,-0.005
2016-04-13,-0.010
2016-04-14,-0.005
2016-04-15,-0.010
2016-04-18,-0.074
2016-04-19,-0.078
2016-04-20,-0.080
2016-04-21,-0.081
2016-04-22,-0.080
2016-04-25,-0.075
2016-04-26,-0.067
2016-04-27,-0.058
2016-04-28,-0.056
2016-05-02,-0.067
2016-05-06,-0.066
2016-05-09,-0.066
2016-05-10,-0.068
2016-05-11,-0.065
2016-05-12,-0.063
2016-05-13,-0.055
2016-05-16,-0.063
2016-05-17,-0.058
2016-05-18,-0.059
2016-05-19,-0.058
2016-05-20,-0.053
2016-05-23,-0.057
2016-05-24,-0.055
2016-05-25,-0.055
2016-05-26,-0.054
2016-05-27,-0.049
2016-05-30,-0.054
2016-05-31,-0.054
2016-06-01,-0.054
2016-06-02,-0.055
2016-06-03,-0.046
2016-06-06,-0.050
2016-06-07,-0.049
2016-06-08,-0.049
2016-06-09,-0.050
2016-06-10,-0.049
2016-06-13,-0.050
2016-06-14,-0.050
2016-06-15,-0.053
2016-06-16,-0.057
2016-06-17,-0.057
2016-06-20,-0.057
2016-06-21,-0.059
2016-06-22,-0.061
2016-06-23,-0.061
2016-06-24,-0.062
2016-06-27,-0.061
2016-06-28,-0.062
2016-06-29,-0.061
2016-06-30,-0.064
2016-07-01,-0.058
2016-07-04,-0.057
2016-07-05,-0.054
2016-07-06,-0.056
2016-07-07,-0.055
2016-07-08,-0.053
2016-07-11,-0.053
2016-07-12,-0.050
2016-07-13,-0.044
2016-07-14,-0.038
2016-07-15,-0.034
2016-07-19,-0.040
2016-07-20,-0.037
2016-07-21,-0.035
2016-07-22,-0.030
2016-07-25,-0.033
2016-07-26,-0.029
2016-07-27,-0.028
2016-07-28,-0.031
2016-07-29,-0.046
2016-08-01,-0.040
2016-08-02,-0.039
2016-08-03,-0.041
2016-08-04,-0.038
2016-08-05,-0.037
2016-08-08,-0.045
2016-08-09,-0.048
2016-08-10,-0.047
2016-08-12,-0.041
2016-08-15,-0.029
2016-08-16,-0.044
2016-08-17,-0.044
2016-08-18,-0.045
2016-08-19,-0.047
2016-08-22,-0.045
2016-08-23,-0.046
2016-08-24,-0.047
2016-08-25,-0.047
2016-08-26,-0.044
2016-08-29,-0.046
2016-08-30,-0.046
2016-08-31,-0.048
2016-09-01,-0.049
2016-09-02,-0.047
2016-09-05,-0.045
2016-09-06,-0.046
2016-09-07,-0.047
2016-09-08,-0.047
2016-09-09,-0.046
2016-09-12,-0.049
2016-09-13,-0.057
2016-09-14,-0.063
2016-09-15,-0.065
2016-09-16,-0.060
2016-09-20,-0.060
2016-09-21,-0.061
2016-09-23,-0.054
2016-09-26,-0.050
2016-09-27,-0.045
2016-09-28,-0.043
2016-09-29,-0.037
2016-09-30,-0.060
2016-10-03,-0.044
2016-10-04,-0.036
2016-10-05,-0.030
2016-10-06,-0.020
2016-10-07,-0.018
2016-10-11,-0.028
2016-10-12,-0.032
2016-10-13,-0.032
2016-10-14,-0.035
2016-10-17,-0.048
2016-10-18,-0.045
2016-10-19,-0.041
2016-10-20,-0.035
2016-10-21,-0.035
2016-10-24,-0.040
2016-10-25,-0.041
2016-10-26,-0.042
2016-10-27,-0.044
2016-10-28,-0.043
2016-10-31,-0.047
2016-11-01,-0.045
2016-11-02,-0.045
2016-11-04,-0.044
2016-11-07,-0.044
2016-11-08,-0.044
2016-11-09,-0.049
2016-11-10,-0.050
2016-11-11,-0.050
2016-11-14,-0.053
2016-11-15,-0.046
2016-11-16,-0.048
2016-11-17,-0.045
2016-11-18,-0.049
2016-11-21,-0.051
2016-11-22,-0.053
2016-11-24,-0.054
2016-11-25,-0.054
2016-11-28,-0.054
2016-11-29,-0.052
2016-11-30,-0.054
2016-12-01,-0.051
2016-12-02,-0.049
2016-12-05,-0.052
2016-12-06,-0.054
2016-12-07,-0.056
2016-12-08,-0.053
2016-12-09,-0.050
2016-12-12,-0.052
2016-12-13,-0.043
2016-12-14,-0.034
2016-12-15,-0.029
2016-12-16,-0.037
2016-12-19,-0.036
2016-12-20,-0.032
2016-12-21,-0.027
2016-12-22,-0.028
2016-12-26,-0.041
2016-12-27,-0.048
2016-12-28,-0.046
2016-12-29,-0.048
2016-12-30,-0.058
2017-01-04,-0.051
2017-01-05,-0.047
2017-01-06,-0.042
2017-01-10,-0.037
2017-01-11,-0.030
2017-01-12,-0.027
2017-01-13,-0.026
2017-01-16,-0.047
2017-01-17,-0.048
2017-01-18,-0.047
2017-01-19,-0.047
2017-01-20,-0.046
2017-01-23,-0.048
2017-01-24,-0.050
2017-01-25,-0.049
2017-01-26,-0.051
2017-01-27,-0.051
2017-01-30,-0.050
2017-01-31,-0.058
2017-02-01,-0.054
2017-02-02,-0.052
2017-02-03,-0.050
2017-02-06,-0.046
2017-02-07,-0.035
2017-02-08,-0.028
2017-02-09,-0.027
2017-02-10,-0.023
2017-02-13,-0.027
2017-02-14,-0.026
2017-02-15,-0.026
2017-02-16,-0.045
2017-02-17,-0.047
2017-02-20,-0.046
2017-02-21,-0.042
2017-02-22,-0.036
2017-02-23,-0.032
2017-02-24,-0.033
2017-02-27,-0.039
2017-02-28,-0.048
2017-03-01,-0.046
2017-03-02,-0.042
2017-03-03,-0.037
2017-03-06,-0.038
2017-03-07,-0.035
2017-03-08,-0.032
2017-03-09,-0.027
2017-03-10,-0.029
2017-03-13,-0.048
2017-03-14,-0.053
2017-03-15,-0.046
2017-03-16,-0.043
2017-03-17,-0.039
2017-03-21,-0.042
2017-03-22,-0.039
2017-03-23,-0.037
2017-03-24,-0.039
2017-03-27,-0.044
2017-03-28,-0.047
2017-03-29,-0.046
2017-03-30,-0.046
2017-03-31,-0.060
2017-04-03,-0.056
2017-04-04,-0.056
2017-04-05,-0.052
2017-04-06,-0.042
2017-04-07,-0.035
2017-04-10,-0.037
2017-04-11,-0.037
2017-04-12,-0.036
2017-04-13,-0.034
2017-04-14,-0.047
2017-04-17,-0.054
2017-04-18,-0.053
2017-04-19,-0.056
2017-04-20,-0.061
2017-04-21,-0.066
2017-04-24,-0.070
2017-04-25,-0.074
2017-04-26,-0.074
2017-04-27,-0.075
2017-04-28,-0.074
2017-05-01,-0.074
2017-05-02,-0.070
2017-05-08,-0.065
2017-05-09,-0.053
2017-05-10,-0.042
2017-05-11,-0.039
2017-05-12,-0.037
2017-05-15,-0.033
2017-05-16,-0.048
2017-05-17,-0.051
2017-05-18,-0.052
2017-05-19,-0.051
2017-05-22,-0.051
2017-05-23,-0.037
2017-05-24,-0.054
2017-05-25,-0.055
2017-05-26,-0.055
2017-05-29,-0.061
2017-05-30,-0.061
2017-05-31,-0.065
2017-06-01,-0.060
2017-06-02,-0.059
2017-06-05,-0.058
2017-06-06,-0.057
2017-06-07,-0.056
2017-06-08,-0.055
2017-06-09,-0.053
2017-06-12,-0.054
2017-06-13,-0.054
2017-06-14,-0.055
2017-06-15,-0.052
2017-06-16,-0.060
2017-06-19,-0.058
2017-06-20,-0.055
2017-06-21,-0.056
2017-06-22,-0.055
2017-06-23,-0.051
2017-06-26,-0.053
2017-06-27,-0.050
2017-06-28,-0.051
2017-06-29,-0.053
2017-06-30,-0.069
2017-07-03,-0.060
2017-07-04,-0.056
2017-07-05,-0.054
2017-07-06,-0.051
2017-07-07,-0.050
2017-07-10,-0.050
2017-07-11,-0.048
2017-07-12,-0.044
2017-07-13,-0.040
2017-07-14,-0.042
2017-07-18,-0.055
2017-07-19,-0.055
2017-07-20,-0.056
2017-07-21,-0.055
2017-07-24,-0.058
2017-07-25,-0.060
2017-07-26,-0.060
2017-07-27,-0.063
2017-07-28,-0.063
2017-07-31,-0.064
2017-08-01,-0.063
2017-08-02,-0.063
2017-08-03,-0.057
2017-08-04,-0.054
2017-08-07,-0.049
2017-08-08,-0.042
2017-08-09,-0.033
2017-08-10,-0.028
2017-08-14,-0.028
2017-08-15,-0.026
2017-08-16,-0.047
2017-08-17,-0.049
2017-08-18,-0.052
2017-08-21,-0.053
2017-08-22,-0.055
2017-08-23,-0.040
2017-08-24,-0.052
2017-08-25,-0.055
2017-08-28,-0.056
2017-08-29,-0.057
2017-08-30,-0.059
2017-08-31,-0.066
2017-09-01,-0.063
2017-09-04,-0.064
2017-09-05,-0.064
2017-09-06,-0.064
2017-09-07,-0.064
2017-09-08,-0.065
2017-09-11,-0.064
2017-09-12,-0.063
2017-09-13,-0.062
2017-09-14,-0.059
2017-09-15,-0.060
2017-09-19,-0.061
2017-09-20,-0.057
2017-09-21,-0.054
2017-09-22,-0.046
2017-09-25,-0.042
2017-09-26,-0.046
2017-09-27,-0.048
2017-09-28,-0.048
2017-09-29,-0.063
2017-10-02,-0.047
2017-10-03,-0.043
2017-10-04,-0.035
2017-10-05,-0.032
2017-10-06,-0.028
2017-10-10,-0.029
2017-10-11,-0.024
2017-10-12,-0.021
2017-10-13,-0.021
2017-10-16,-0.043
2017-10-17,-0.043
2017-10-18,-0.041
2017-10-19,-0.042
2017-10-20,-0.041
2017-10-23,-0.042
2017-10-24,-0.041
2017-10-25,-0.041
2017-10-26,-0.041
2017-10-27,-0.039
2017-10-30,-0.040
2017-10-31,-0.046
2017-11-01,-0.044
2017-11-02,-0.044
2017-11-06,-0.046
2017-11-07,-0.045
2017-11-08,-0.044
2017-11-09,-0.044
2017-11-10,-0.044
2017-11-13,-0.048
2017-11-14,-0.048
2017-11-15,-0.045
2017-11-16,-0.046
2017-11-17,-0.048
2017-11-20,-0.047
2017-11-21,-0.050
2017-11-22,-0.054
2017-11-24,-0.054
2017-11-27,-0.053
2017-11-28,-0.053
2017-11-29,-0.053
2017-11-30,-0.055
2017-12-01,-0.056
2017-12-04,-0.052
2017-12-05,-0.050
2017-12-06,-0.034
2017-12-07,-0.043
2017-12-08,-0.038
2017-12-11,-0.036
2017-12-12,-0.034
2017-12-13,-0.032
2017-12-14,-0.026
2017-12-15,-0.037
2017-12-18,-0.046
2017-12-19,-0.048
2017-12-20,-0.047
2017-12-21,-0.046
2017-12-22,-0.045
2017-12-25,-0.043
2017-12-26,-0.039
2017-12-27,-0.037
2017-12-28,-0.036
2017-12-29,-0.062
2018-01-04,-0.047
2018-01-05,-0.042
2018-01-09,-0.038
2018-01-10,-0.036
2018-01-11,-0.030
2018-01-12,-0.027
2018-01-15,-0.029
2018-01-16,-0.042
2018-01-17,-0.042
2018-01-18,-0.042
2018-01-19,-0.041
2018-01-22,-0.041
2018-01-23,-0.041
2018-01-24,-0.036
2018-01-25,-0.041
2018-01-26,-0.040
2018-01-29,-0.043
2018-01-30,-0.044
2018-01-31,-0.050
2018-02-01,-0.045
2018-02-02,-0.042
2018-02-05,-0.044
2018-02-06,-0.041
2018-02-07,-0.038
2018-02-08,-0.036
2018-02-09,-0.034
2018-02-13,-0.032
2018-02-14,-0.029
2018-02-15,-0.033
2018-02-16,-0.042
2018-02-19,-0.044
2018-02-20,-0.045
2018-02-21,-0.048
2018-02-22,-0.048
2018-02-23,-0.046
2018-02-26,-0.048
2018-02-27,-0.048
2018-02-28,-0.053
2018-03-01,-0.052
2018-03-02,-0.050
2018-03-05,-0.054
2018-03-06,-0.053
2018-03-07,-0.055
2018-03-08,-0.057
2018-03-09,-0.061
2018-03-12,-0.065
2018-03-13,-0.068
2018-03-14,-0.068
2018-03-15,-0.069
2018-03-16,-0.063
2018-03-19,-0.062
2018-03-20,-0.061
2018-03-22,-0.063
2018-03-23,-0.064
2018-03-26,-0.064
2018-03-27,-0.066
2018-03-28,-0.066
2018-03-29,-0.066
2018-03-30,-0.068
2018-04-02,-0.067
2018-04-03,-0.067
2018-04-04,-0.063
2018-04-05,-0.062
2018-04-06,-0.059
2018-04-09,-0.058
2018-04-10,-0.055
2018-04-11,-0.053
2018-04-12,-0.047
2018-04-13,-0.044
2018-04-16,-0.059
2018-04-17,-0.063
2018-04-18,-0.063
2018-04-19,-0.069
2018-04-20,-0.070
2018-04-23,-0.071
2018-04-24,-0.072
2018-04-25,-0.072
2018-04-26,-0.071
2018-04-27,-0.067
2018-05-01,-0.075
2018-05-02,-0.075
2018-05-07,-0.072
2018-05-08,-0.063
2018-05-09,-0.052
2018-05-10,-0.042
2018-05-11,-0.034
2018-05-14,-0.034
2018-05-15,-0.036
2018-05-16,-0.055
2018-05-17,-0.062
2018-05-18,-0.064
2018-05-21,-0.068
2018-05-22,-0.068
2018-05-23,-0.070
2018-05-24,-0.070
2018-05-25,-0.071
2018-05-28,-0.069
2018-05-29,-0.070
2018-05-30,-0.070
2018-05-31,-0.065
2018-06-01,-0.072
2018-06-04,-0.071
2018-06-05,-0.073
2018-06-06,-0.072
2018-06-07,-0.071
2018-06-08,-0.072
2018-06-11,-0.071
2018-06-12,-0.071
2018-06-13,-0.068
2018-06-14,-0.067
2018-06-15,-0.064
2018-06-18,-0.069
2018-06-19,-0.070
2018-06-20,-0.073
2018-06-21,-0.072
2018-06-22,-0.075
2018-06-25,-0.073
2018-06-26,-0.074
2018-06-27,-0.073
2018-06-28,-0.071
2018-06-29,-0.069
2018-07-02,-0.074
2018-07-03,-0.073
2018-07-04,-0.073
2018-07-05,-0.072
2018-07-06,-0.069
2018-07-09,-0.071
2018-07-10,-0.071
2018-07-11,-0.068
2018-07-12,-0.064
2018-07-13,-0.065
2018-07-17,-0.072
2018-07-18,-0.072
2018-07-19,-0.072
2018-07-20,-0.072
2018-07-23,-0.068
2018-07-24,-0.070
2018-07-25,-0.069
2018-07-26,-0.070
2018-07-27,-0.071
2018-07-30,-0.068
2018-07-31,-0.065
2018-08-01,-0.071
2018-08-02,-0.072
2018-08-03,-0.071
2018-08-06,-0.071
2018-08-07,-0.066
2018-08-08,-0.060
2018-08-09,-0.055
2018-08-10,-0.047
2018-08-13,-0.051
2018-08-14,-0.051
2018-08-15,-0.052
2018-08-16,-0.067
2018-08-17,-0.067
2018-08-20,-0.066
2018-08-21,-0.063
2018-08-22,-0.061
2018-08-23,-0.055
2018-08-24,-0.053
2018-08-27,-0.053
2018-08-28,-0.051
2018-08-29,-0.053
2018-08-30,-0.050
2018-08-31,-0.055
2018-09-03,-0.052
2018-09-04,-0.054
2018-09-05,-0.052
2018-09-06,-0.051
2018-09-07,-0.053
2018-09-10,-0.054
2018-09-11,-0.057
2018-09-12,-0.058
2018-09-13,-0.058
2018-09-14,-0.062
2018-09-18,-0.064
2018-09-19,-0.064
2018-09-20,-0.064
2018-09-21,-0.063
2018-09-25,-0.062
2018-09-26,-0.062
2018-09-27,-0.060
2018-09-28,-0.064
2018-10-01,-0.063
2018-10-02,-0.062
2018-10-03,-0.060
2018-10-04,-0.057
2018-10-05,-0.051
2018-10-09,-0.052
2018-10-10,-0.053
2018-10-11,-0.050
2018-10-12,-0.042
2018-10-15,-0.039
2018-10-16,-0.058
2018-10-17,-0.061
2018-10-18,-0.064
2018-10-19,-0.068
2018-10-22,-0.069
2018-10-23,-0.069
2018-10-24,-0.057
2018-10-25,-0.069
2018-10-26,-0.071
2018-10-29,-0.070
2018-10-30,-0.072
2018-10-31,-0.068
2018-11-01,-0.071
2018-11-02,-0.071
2018-11-05,-0.072
2018-11-06,-0.071
2018-11-07,-0.070
2018-11-08,-0.071
2018-11-09,-0.071
2018-11-12,-0.070
2018-11-13,-0.072
2018-11-14,-0.067
2018-11-15,-0.073
2018-11-16,-0.072
2018-11-19,-0.068
2018-11-20,-0.066
2018-11-21,-0.069
2018-11-22,-0.071
2018-11-26,-0.070
2018-11-27,-0.073
2018-11-28,-0.070
2018-11-29,-0.072
2018-11-30,-0.062
2018-12-03,-0.069
2018-12-04,-0.069
2018-12-05,-0.069
2018-12-06,-0.070
2018-12-07,-0.067
2018-12-10,-0.068
2018-12-11,-0.068
2018-12-12,-0.066
2018-12-13,-0.062
2018-12-14,-0.065
2018-12-17,-0.067
2018-12-18,-0.068
2018-12-19,-0.070
2018-12-20,-0.071
2018-12-21,-0.071
2018-12-25,-0.070
2018-12-26,-0.070
2018-12-27,-0.070
2018-12-28,-0.055
2019-01-04,-0.070
2019-01-07,-0.068
2019-01-08,-0.066
2019-01-09,-0.062
2019-01-10,-0.058
2019-01-11,-0.058
2019-01-15,-0.062
2019-01-16,-0.068
2019-01-17,-0.062
2019-01-18,-0.067
2019-01-21,-0.067
2019-01-22,-0.067
2019-01-23,-0.067
2019-01-24,-0.066
2019-01-25,-0.063
2019-01-28,-0.062
2019-01-29,-0.064
2019-01-30,-0.063
2019-01-31,-0.060
2019-02-01,-0.061
2019-02-04,-0.061
2019-02-05,-0.058
2019-02-06,-0.052
2019-02-07,-0.049
2019-02-08,-0.047
2019-02-12,-0.049
2019-02-13,-0.051
2019-02-14,-0.052
2019-02-15,-0.057
2019-02-18,-0.063
2019-02-19,-0.063
2019-02-20,-0.058
2019-02-21,-0.056
2019-02-22,-0.058
2019-02-25,-0.058
2019-02-26,-0.052
2019-02-27,-0.050
2019-02-28,-0.054
2019-03-01,-0.049
2019-03-04,-0.047
2019-03-05,-0.042
2019-03-06,-0.034
2019-03-07,-0.029
2019-03-08,-0.027
2019-03-11,-0.024
2019-03-12,-0.022
2019-03-13,-0.021
2019-03-14,-0.023
2019-03-15,-0.021
2019-03-18,-0.051
2019-03-19,-0.053
2019-03-20,-0.059
2019-03-22,-0.061
2019-03-25,-0.062
2019-03-26,-0.064
2019-03-27,-0.066
2019-03-28,-0.067
2019-03-29,-0.060
2019-04-01,-0.067
2019-04-02,-0.067
2019-04-03,-0.066
2019-04-04,-0.063
2019-04-05,-0.063
2019-04-08,-0.063
2019-04-09,-0.064
2019-04-10,-0.064
2019-04-11,-0.063
2019-04-12,-0.062
2019-04-15,-0.061
2019-04-16,-0.065
2019-04-17,-0.065
2019-04-18,-0.069
2019-04-19,-0.072
2019-04-22,-0.076
2019-04-23,-0.077
2019-04-24,-0.075
2019-04-25,-0.075
2019-04-26,-0.073
2019-05-07,-0.070
2019-05-08,-0.061
2019-05-09,-0.048
2019-05-10,-0.033
2019-05-13,-0.028
2019-05-14,-0.023
2019-05-15,-0.025
2019-05-16,-0.066
2019-05-17,-0.068
2019-05-20,-0.068
2019-05-21,-0.065
2019-05-22,-0.058
2019-05-23,-0.049
2019-05-24,-0.042
2019-05-27,-0.041
2019-05-28,-0.042
2019-05-29,-0.044
2019-05-30,-0.051
2019-05-31,-0.059
2019-06-03,-0.060
2019-06-04,-0.057
2019-06-05,-0.054
2019-06-06,-0.053
2019-06-07,-0.053
2019-06-10,-0.056
2019-06-11,-0.057
2019-06-12,-0.058
2019-06-13,-0.057
2019-06-14,-0.061
2019-06-17,-0.067
2019-06-18,-0.068
2019-06-19,-0.069
2019-06-20,-0.068
2019-06-21,-0.067
2019-06-24,-0.066
2019-06-25,-0.066
2019-06-26,-0.068
2019-06-27,-0.070
2019-06-28,-0.076
2019-07-01,-0.071
2019-07-02,-0.071
2019-07-03,-0.071
2019-07-04,-0.072
2019-07-05,-0.074
2019-07-08,-0.075
2019-07-09,-0.076
2019-07-10,-0.077
2019-07-11,-0.076
2019-07-12,-0.076
2019-07-16,-0.072
2019-07-17,-0.066
2019-07-18,-0.065
2019-07-19,-0.064
2019-07-22,-0.063
2019-07-23,-0.065
2019-07-24,-0.067
2019-07-25,-0.071
2019-07-26,-0.073
2019-07-29,-0.072
2019-07-30,-0.071
2019-07-31,-0.071
2019-08-01,-0.070
2019-08-02,-0.063
2019-08-05,-0.050
2019-08-06,-0.031
2019-08-07,-0.032
2019-08-08,-0.033
2019-08-09,-0.029
2019-08-13,-0.025
2019-08-14,-0.019
2019-08-15,-0.020
2019-08-16,-0.057
2019-08-19,-0.061
2019-08-20,-0.059
2019-08-21,-0.058
2019-08-22,-0.058
2019-08-23,-0.052
2019-08-26,-0.047
2019-08-27,-0.041
2019-08-28,-0.043
2019-08-29,-0.050
2019-08-30,-0.061
2019-09-02,-0.063
2019-09-03,-0.067
2019-09-04,-0.067
2019-09-05,-0.067
2019-09-06,-0.064
2019-09-09,-0.067
2019-09-10,-0.061
2019-09-11,-0.055
2019-09-12,-0.043
2019-09-13,-0.042
2019-09-17,-0.065
2019-09-18,-0.065
2019-09-19,-0.065
2019-09-20,-0.057
2019-09-24,-0.059
2019-09-25,-0.058
2019-09-26,-0.055
2019-09-27,-0.046
2019-09-30,-0.064
2019-10-01,-0.048
2019-10-02,-0.036
2019-10-03,-0.019
2019-10-04,-0.011
2019-10-07,-0.012
2019-10-08,-0.012
2019-10-09,-0.012
2019-10-10,-0.011
2019-10-11,-0.010
2019-10-15,-0.009
2019-10-16,-0.051
2019-10-17,-0.045
2019-10-18,-0.031
2019-10-21,-0.019
2019-10-23,-0.014
2019-10-24,-0.013
2019-10-25,-0.014
2019-10-28,-0.016
2019-10-29,-0.021
2019-10-30,-0.024
2019-10-31,-0.030
2019-11-01,-0.024
2019-11-05,-0.027
2019-11-06,-0.031
2019-11-07,-0.038
2019-11-08,-0.050
2019-11-11,-0.065
2019-11-12,-0.070
2019-11-13,-0.072
2019-11-14,-0.074
2019-11-15,-0.063
2019-11-18,-0.058
2019-11-19,-0.054
2019-11-20,-0.047
2019-11-21,-0.039
2019-11-22,-0.030
2019-11-25,-0.027
2019-11-26,-0.018
2019-11-27,-0.023
2019-11-28,-0.024
2019-11-29,-0.034
2019-12-02,-0.031
2019-12-03,-0.028
2019-12-04,-0.025
2019-12-05,-0.017
2019-12-06,-0.009
2019-12-09,-0.008
2019-12-10,-0.008
2019-12-11,-0.008
2019-12-12,-0.009
2019-12-13,-0.008
2019-12-16,-0.053
2019-12-17,-0.057
2019-12-18,-0.060
2019-12-19,-0.061
2019-12-20,-0.061
2019-12-23,-0.059
2019-12-24,-0.058
2019-12-25,-0.056
2019-12-26,-0.055
2019-12-27,-0.051
2019-12-30,-0.068
2020-01-06,-0.061
2020-01-07,-0.064
2020-01-08,-0.061
2020-01-09,-0.052
2020-01-10,-0.035
2020-01-14,-0.028
2020-01-15,-0.016
2020-01-16,-0.042
2020-01-17,-0.023
2020-01-20,-0.018
2020-01-21,-0.018
2020-01-22,-0.018
2020-01-23,-0.018
2020-01-24,-0.016
2020-01-27,-0.019
2020-01-28,-0.020
2020-01-29,-0.025
2020-01-30,-0.032
2020-01-31,-0.039
2020-02-03,-0.033
2020-02-04,-0.023
2020-02-05,-0.015
2020-02-06,-0.016
2020-02-07,-0.014
2020-02-10,-0.010
2020-02-12,-0.008
2020-02-13,-0.008
2020-02-14,-0.011
2020-02-17,-0.025
2020-02-18,-0.018
2020-02-19,-0.017
2020-02-20,-0.016
2020-02-21,-0.016
2020-02-25,-0.012
2020-02-26,-0.014
2020-02-27,-0.014
2020-02-28,-0.025
2020-03-02,-0.023
2020-03-03,-0.024
2020-03-04,-0.032
2020-03-05,-0.042
2020-03-06,-0.052
2020-03-09,-0.060
2020-03-10,-0.065
2020-03-11,-0.065
2020-03-12,-0.066
2020-03-13,-0.067
2020-03-16,-0.068
2020-03-17,-0.068
2020-03-18,-0.063
2020-03-19,-0.051
2020-03-23,-0.048
2020-03-24,-0.039
2020-03-25,-0.028
2020-03-26,-0.020
2020-03-27,-0.017
2020-03-30,-0.017
2020-03-31,-0.070
2020-04-01,-0.022
2020-04-02,-0.020
2020-04-03,-0.017
2020-04-06,-0.022
2020-04-07,-0.035
2020-04-08,-0.046
2020-04-09,-0.048
2020-04-10,-0.032
2020-04-13,-0.019
2020-04-14,-0.010
2020-04-15,-0.009
2020-04-16,-0.044
2020-04-17,-0.046
2020-04-20,-0.042
2020-04-21,-0.043
2020-04-22,-0.043
2020-04-23,-0.046
2020-04-24,-0.047
2020-04-27,-0.047
2020-04-28,-0.048
2020-04-30,-0.060
2020-05-01,-0.044
2020-05-07,-0.035
2020-05-08,-0.027
2020-05-11,-0.019
2020-05-12,-0.022
2020-05-13,-0.026
2020-05-14,-0.020
2020-05-15,-0.040
2020-05-18,-0.058
2020-05-19,-0.061
2020-05-20,-0.061
2020-05-21,-0.062
2020-05-22,-0.059
2020-05-25,-0.059
2020-05-26,-0.060
2020-05-27,-0.059
2020-05-28,-0.057
2020-05-29,-0.073
2020-06-01,-0.058
2020-06-02,-0.059
2020-06-03,-0.068
2020-06-04,-0.064
2020-06-05,-0.057
2020-06-08,-0.055
2020-06-09,-0.048
2020-06-10,-0.038
2020-06-11,-0.031
2020-06-12,-0.023
2020-06-15,-0.018
2020-06-16,-0.056
2020-06-17,-0.055
2020-06-18,-0.055
2020-06-19,-0.042
2020-06-22,-0.045
2020-06-23,-0.042
2020-06-24,-0.043
2020-06-25,-0.042
2020-06-26,-0.038
2020-06-29,-0.041
2020-06-30,-0.068
2020-07-01,-0.041
2020-07-02,-0.039
2020-07-03,-0.034
2020-07-06,-0.034
2020-07-07,-0.027
2020-07-08,-0.023
2020-07-09,-0.021
2020-07-10,-0.017
2020-07-13,-0.019
2020-07-14,-0.017
2020-07-15,-0.014
2020-07-16,-0.050
2020-07-17,-0.037
2020-07-20,-0.035
2020-07-21,-0.030
2020-07-22,-0.028
2020-07-27,-0.028
2020-07-28,-0.026
2020-07-29,-0.023
2020-07-30,-0.020
2020-07-31,-0.021
2020-08-03,-0.020
2020-08-04,-0.021
2020-08-05,-0.022
2020-08-06,-0.022
2020-08-07,-0.020
2020-08-11,-0.020
2020-08-12,-0.019
2020-08-13,-0.016
2020-08-14,-0.024
2020-08-17,-0.052
2020-08-18,-0.045
2020-08-19,-0.040
2020-08-20,-0.039
2020-08-21,-0.037
2020-08-24,-0.041
2020-08-25,-0.048
2020-08-26,-0.051
2020-08-27,-0.054
2020-08-28,-0.054
2020-08-31,-0.057
2020-09-01,-0.052
2020-09-02,-0.051
2020-09-03,-0.058
2020-09-04,-0.057
2020-09-07,-0.064
2020-09-08,-0.066
2020-09-09,-0.070
2020-09-10,-0.073
2020-09-11,-0.074
2020-09-14,-0.072
2020-09-15,-0.052
2020-09-16,-0.056
2020-09-17,-0.051
2020-09-18,-0.046
2020-09-23,-0.046
2020-09-24,-0.038
2020-09-25,-0.030
2020-09-28,-0.032
2020-09-29,-0.031
2020-09-30,-0.061
2020-10-01,-0.031
2020-10-02,-0.022
2020-10-05,-0.019
2020-10-06,-0.014
2020-10-07,-0.010
2020-10-08,-0.008
2020-10-09,-0.008
2020-10-12,-0.016
2020-10-13,-0.020
2020-10-14,-0.020
2020-10-15,-0.014
2020-10-16,-0.033
2020-10-19,-0.031
2020-10-20,-0.022
2020-10-21,-0.019
2020-10-22,-0.017
2020-10-23,-0.012
2020-10-26,-0.016
2020-10-27,-0.019
2020-10-28,-0.024
2020-10-29,-0.026
2020-10-30,-0.029
2020-11-02,-0.030
2020-11-04,-0.032
2020-11-05,-0.031
2020-11-06,-0.029
2020-11-09,-0.030
2020-11-10,-0.034
2020-11-11,-0.034
2020-11-12,-0.034
2020-11-13,-0.030
2020-11-16,-0.038
2020-11-17,-0.033
2020-11-18,-0.035
2020-11-19,-0.034
2020-11-20,-0.033
2020-11-24,-0.031
2020-11-25,-0.030
2020-11-26,-0.030
2020-11-27,-0.030
2020-11-30,-0.032
2020-12-01,-0.030
2020-12-02,-0.029
2020-12-03,-0.030
2020-12-04,-0.030
2020-12-07,-0.028
2020-12-08,-0.028
2020-12-09,-0.032
2020-12-10,-0.032
2020-12-11,-0.030
2020-12-14,-0.028
2020-12-15,-0.023
2020-12-16,-0.033
2020-12-17,-0.027
2020-12-18,-0.022
2020-12-21,-0.022
2020-12-22,-0.020
2020-12-23,-0.019
2020-12-24,-0.021
2020-12-25,-0.016
2020-12-28,-0.019
2020-12-29,-0.019
2020-12-30,-0.033
2021-01-04,-0.018
2021-01-05,-0.019
2021-01-06,-0.018
2021-01-07,-0.018
2021-01-08,-0.016
2021-01-12,-0.016
2021-01-13,-0.012
2021-01-14,-0.008
2021-01-15,-0.015
2021-01-18,-0.024
2021-01-19,-0.021
2021-01-20,-0.019
2021-01-21,-0.018
2021-01-22,-0.016
2021-01-25,-0.017
2021-01-26,-0.016
2021-01-27,-0.017
2021-01-28,-0.016
2021-01-29,-0.012
2021-02-01,-0.016
2021-02-02,-0.013
2021-02-03,-0.013
2021-02-04,-0.011
2021-02-05,-0.010
2021-02-08,-0.011
2021-02-09,-0.010
2021-02-10,-0.008
2021-02-12,-0.011
2021-02-15,-0.008
2021-02-16,-0.021
2021-02-17,-0.022
2021-02-18,-0.022
2021-02-19,-0.019
2021-02-22,-0.020
2021-02-24,-0.020
2021-02-25,-0.022
2021-02-26,-0.022
2021-03-01,-0.024
2021-03-02,-0.022
2021-03-03,-0.020
2021-03-04,-0.016
2021-03-05,-0.014
2021-03-08,-0.014
2021-03-09,-0.013
2021-03-10,-0.013
2021-03-11,-0.012
2021-03-12,-0.013
2021-03-15,-0.016
2021-03-16,-0.019
2021-03-17,-0.018
2021-03-18,-0.014
2021-03-19,-0.010
2021-03-22,-0.014
2021-03-23,-0.014
2021-03-24,-0.015
2021-03-25,-0.015
2021-03-26,-0.014
2021-03-29,-0.014
2021-03-30,-0.014
2021-03-31,-0.044
2021-04-01,-0.014
2021-04-02,-0.012
2021-04-05,-0.010
2021-04-06,-0.010
2021-04-07,-0.010
2021-04-08,-0.010
2021-04-09,-0.010
2021-04-12,-0.012
2021-04-13,-0.013
2021-04-14,-0.013
2021-04-15,-0.010
2021-04-16,-0.014
2021-04-19,-0.013
2021-04-20,-0.013
2021-04-21,-0.013
2021-04-22,-0.013
2021-04-23,-0.012
2021-04-26,-0.012
2021-04-27,-0.013
2021-04-28,-0.014
2021-04-30,-0.017
2021-05-06,-0.016
2021-05-07,-0.016
2021-05-10,-0.016
2021-05-11,-0.015
2021-05-12,-0.016
2021-05-13,-0.014
2021-05-14,-0.011
2021-05-17,-0.015
2021-05-18,-0.016
2021-05-19,-0.016
2021-05-20,-0.015
2021-05-21,-0.014
2021-05-24,-0.015
2021-05-25,-0.016
2021-05-26,-0.018
2021-05-27,-0.021
2021-05-28,-0.025
2021-05-31,-0.034
2021-06-01,-0.038
2021-06-02,-0.043
2021-06-03,-0.037
2021-06-04,-0.034
2021-06-07,-0.032
2021-06-08,-0.029
2021-06-09,-0.026
2021-06-10,-0.022
2021-06-11,-0.016
2021-06-14,-0.015
2021-06-15,-0.013
2021-06-16,-0.034
2021-06-17,-0.028
2021-06-18,-0.027
2021-06-21,-0.026
2021-06-22,-0.029
2021-06-23,-0.028
2021-06-24,-0.028
2021-06-25,-0.029
2021-06-28,-0.030
2021-06-29,-0.029
2021-06-30,-0.050
2021-07-01,-0.030
2021-07-02,-0.027
2021-07-05,-0.031
2021-07-06,-0.032
2021-07-07,-0.032
2021-07-08,-0.033
2021-07-09,-0.034
2021-07-12,-0.035
2021-07-13,-0.038
2021-07-14,-0.043
2021-07-15,-0.037
2021-07-16,-0.035
2021-07-19,-0.035
2021-07-20,-0.035
2021-07-21,-0.038
2021-07-26,-0.038
2021-07-27,-0.039
2021-07-28,-0.041
2021-07-29,-0.043
2021-07-30,-0.044
2021-08-02,-0.043
2021-08-03,-0.041
2021-08-04,-0.039
2021-08-05,-0.030
2021-08-06,-0.028
2021-08-10,-0.028
2021-08-11,-0.026
2021-08-12,-0.020
2021-08-13,-0.017
2021-08-16,-0.036
2021-08-17,-0.037
2021-08-18,-0.037
2021-08-19,-0.038
2021-08-20,-0.038
2021-08-23,-0.032
2021-08-24,-0.037
2021-08-25,-0.037
2021-08-26,-0.037
2021-08-27,-0.037
2021-08-30,-0.036
2021-08-31,-0.036
2021-09-01,-0.032
2021-09-02,-0.026
2021-09-03,-0.020
2021-09-06,-0.018
2021-09-07,-0.014
2021-09-08,-0.009
2021-09-09,-0.006
2021-09-10,-0.010
2021-09-13,-0.016
2021-09-14,-0.024
2021-09-15,-0.033
2021-09-16,-0.026
2021-09-17,-0.022
2021-09-21,-0.022
2021-09-22,-0.021
2021-09-24,-0.022
2021-09-27,-0.024
2021-09-28,-0.025
2021-09-29,-0.025
2021-09-30,-0.049
2021-10-01,-0.018
2021-10-04,-0.017
2021-10-05,-0.015
2021-10-06,-0.012
2021-10-07,-0.009
2021-10-08,-0.008
2021-10-11,-0.021
2021-10-12,-0.032
2021-10-13,-0.040
2021-10-14,-0.052
2021-10-15,-0.046
2021-10-18,-0.039
2021-10-19,-0.038
2021-10-20,-0.036
2021-10-21,-0.031
2021-10-22,-0.028
2021-10-25,-0.027
2021-10-26,-0.026
2021-10-27,-0.027
2021-10-28,-0.027
2021-10-29,-0.027
2021-11-01,-0.029
2021-11-02,-0.031
2021-11-04,-0.033
2021-11-05,-0.036
2021-11-08,-0.045
2021-11-09,-0.051
2021-11-10,-0.049
2021-11-11,-0.047
2021-11-12,-0.038
2021-11-15,-0.030
2021-11-16,-0.037
2021-11-17,-0.037
2021-11-18,-0.038
2021-11-19,-0.037
2021-11-22,-0.038
2021-11-24,-0.041
2021-11-25,-0.042
2021-11-26,-0.043
2021-11-29,-0.047
2021-11-30,-0.048
2021-12-01,-0.050
2021-12-02,-0.050
2021-12-03,-0.043
2021-12-06,-0.035
2021-12-07,-0.028
2021-12-08,-0.022
2021-12-09,-0.015
2021-12-10,-0.008
2021-12-13,-0.009
2021-12-14,-0.014
2021-12-15,-0.022
2021-12-16,-0.033
2021-12-17,-0.028
2021-12-20,-0.028
2021-12-21,-0.028
2021-12-22,-0.028
2021-12-23,-0.027
2021-12-24,-0.023
2021-12-27,-0.021
2021-12-28,-0.018
2021-12-29,-0.016
2021-12-30,-0.018
2022-01-04,-0.016
2022-01-05,-0.012
2022-01-06,-0.009
2022-01-07,-0.008
2022-01-11,-0.014
2022-01-12,-0.021
2022-01-13,-0.021
2022-01-14,-0.020
2022-01-17,-0.029
2022-01-18,-0.028
2022-01-19,-0.026
2022-01-20,-0.025
2022-01-21,-0.020
2022-01-24,-0.021
2022-01-25,-0.021
2022-01-26,-0.021
2022-01-27,-0.021
2022-01-28,-0.021
2022-01-31,-0.021
2022-02-01,-0.020
2022-02-02,-0.020
2022-02-03,-0.019
2022-02-04,-0.018
2022-02-07,-0.020
2022-02-08,-0.020
2022-02-09,-0.020
2022-02-10,-0.022
2022-02-14,-0.019
2022-02-15,-0.010
2022-02-16,-0.024
2022-02-17,-0.022
2022-02-18,-0.018
2022-02-21,-0.019
2022-02-22,-0.017
2022-02-24,-0.017
2022-02-25,-0.013
2022-02-28,-0.012
2022-03-01,-0.011
2022-03-02,-0.010
2022-03-03,-0.009
2022-03-04,-0.009
2022-03-07,-0.007
2022-03-08,-0.007
2022-03-09,-0.007
2022-03-10,-0.008
2022-03-11,-0.010
2022-03-14,-0.011
2022-03-15,-0.008
2022-03-16,-0.013
2022-03-17,-0.009
2022-03-18,-0.006
2022-03-22,-0.005
2022-03-23,-0.006
2022-03-24,-0.005
2022-03-25,-0.004
2022-03-28,-0.004
2022-03-29,-0.004
2022-03-30,-0.004
2022-03-31,-0.020
2022-04-01,-0.004
2022-04-04,-0.004
2022-04-05,-0.005
2022-04-06,-0.005
2022-04-07,-0.006
2022-04-08,-0.006
2022-04-11,-0.008
2022-04-12,-0.008
2022-04-13,-0.010
2022-04-14,-0.013
2022-04-15,-0.016
2022-04-18,-0.019
2022-04-19,-0.017
2022-04-20,-0.016
2022-04-21,-0.016
2022-04-22,-0.015
2022-04-25,-0.016
2022-04-26,-0.017
2022-04-27,-0.018
2022-04-28,-0.021
2022-05-02,-0.020
2022-05-06,-0.019
2022-05-09,-0.017
2022-05-10,-0.013
2022-05-11,-0.009
2022-05-12,-0.007
2022-05-13,-0.005
2022-05-16,-0.019
2022-05-17,-0.018
2022-05-18,-0.019
2022-05-19,-0.019
2022-05-20,-0.020
2022-05-23,-0.021
2022-05-24,-0.020
2022-05-25,-0.020
2022-05-26,-0.019
2022-05-27,-0.021
2022-05-30,-0.022
2022-05-31,-0.026
2022-06-01,-0.029
2022-06-02,-0.034
2022-06-03,-0.039
2022-06-06,-0.043
2022-06-07,-0.045
2022-06-08,-0.041
2022-06-09,-0.029
2022-06-10,-0.025
2022-06-13,-0.033
2022-06-14,-0.034
2022-06-15,-0.023
2022-06-16,-0.042
2022-06-17,-0.040
2022-06-20,-0.044
2022-06-21,-0.046
2022-06-22,-0.047
2022-06-23,-0.047
2022-06-24,-0.040
2022-06-27,-0.040
2022-06-28,-0.039
2022-06-29,-0.033
2022-06-30,-0.040
2022-07-01,-0.026
2022-07-04,-0.022
2022-07-05,-0.016
2022-07-06,-0.012
2022-07-07,-0.010
2022-07-08,-0.008
2022-07-11,-0.010
2022-07-12,-0.008
2022-07-13,-0.007
2022-07-14,-0.007
2022-07-15,-0.014
2022-07-19,-0.019
2022-07-20,-0.014
2022-07-21,-0.012
2022-07-22,-0.009
2022-07-25,-0.010
2022-07-26,-0.010
2022-07-27,-0.010
2022-07-28,-0.010
2022-07-29,-0.010
2022-08-01,-0.010
2022-08-02,-0.009
2022-08-03,-0.009
2022-08-04,-0.009
2022-08-05,-0.009
2022-08-08,-0.009
2022-08-09,-0.009
2022-08-10,-0.008
2022-08-12,-0.008
2022-08-15,-0.007
2022-08-16,-0.018
2022-08-17,-0.014
2022-08-18,-0.010
2022-08-19,-0.009
2022-08-22,-0.014
2022-08-23,-0.022
2022-08-24,-0.031
2022-08-25,-0.038
2022-08-26,-0.039
2022-08-29,-0.039
2022-08-30,-0.039
2022-08-31,-0.041
2022-09-01,-0.044
2022-09-02,-0.048
2022-09-05,-0.047
2022-09-06,-0.043
2022-09-07,-0.041
2022-09-08,-0.037
2022-09-09,-0.030
2022-09-12,-0.032
2022-09-13,-0.033
2022-09-14,-0.033
2022-09-15,-0.032
2022-09-16,-0.053
2022-09-20,-0.052
2022-09-21,-0.052
2022-09-22,-0.055
2022-09-26,-0.063
2022-09-27,-0.069
2022-09-28,-0.068
2022-09-29,-0.066
2022-09-30,-0.073
2022-10-03,-0.065
2022-10-04,-0.059
2022-10-05,-0.052
2022-10-06,-0.039
2022-10-07,-0.021
2022-10-11,-0.022
2022-10-12,-0.026
2022-10-13,-0.033
2022-10-14,-0.042
2022-10-17,-0.065
2022-10-18,-0.063
2022-10-19,-0.056
2022-10-20,-0.052
2022-10-21,-0.049
2022-10-24,-0.057
2022-10-25,-0.059
2022-10-26,-0.060
2022-10-27,-0.056
2022-10-28,-0.052
2022-10-31,-0.062
2022-11-01,-0.057
2022-11-02,-0.055
2022-11-04,-0.054
2022-11-07,-0.054
2022-11-08,-0.059
2022-11-09,-0.063
2022-11-10,-0.066
2022-11-11,-0.068
2022-11-14,-0.067
2022-11-15,-0.067
2022-11-16,-0.070
2022-11-17,-0.071
2022-11-18,-0.071
2022-11-21,-0.072
2022-11-22,-0.073
2022-11-24,-0.073
2022-11-25,-0.075
2022-11-28,-0.077
2022-11-29,-0.078
2022-11-30,-0.079
2022-12-01,-0.079
2022-12-02,-0.078
2022-12-05,-0.078
2022-12-06,-0.078
2022-12-07,-0.077
2022-12-08,-0.077
2022-12-09,-0.077
2022-12-12,-0.077
2022-12-13,-0.075
2022-12-14,-0.068
2022-12-15,-0.064
2022-12-16,-0.072
2022-12-19,-0.071
2022-12-20,-0.068
2022-12-21,-0.067
2022-12-22,-0.065
2022-12-23,-0.062
2022-12-26,-0.062
2022-12-27,-0.053
2022-12-28,-0.047
2022-12-29,-0.033
2022-12-30,-0.022
2023-01-04,-0.038
2023-01-05,-0.039
2023-01-06,-0.015
2023-01-10,-0.027
2023-01-11,-0.030
2023-01-12,-0.022
2023-01-13,-0.035
2023-01-16,-0.026
2023-01-17,-0.014
2023-01-18,-0.011
2023-01-19,-0.010
2023-01-20,-0.010
2023-01-23,-0.012
2023-01-24,-0.015
2023-01-25,-0.014
2023-01-26,-0.014
2023-01-27,-0.014
2023-01-30,-0.014
2023-01-31,-0.014
2023-02-01,-0.013
2023-02-02,-0.013
2023-02-03,-0.012
2023-02-06,-0.021
2023-02-07,-0.029
2023-02-08,-0.035
2023-02-09,-0.036
2023-02-10,-0.034
2023-02-13,-0.035
2023-02-14,-0.032
2023-02-15,-0.026
2023-02-16,-0.010
2023-02-17,-0.007
2023-02-20,-0.009
2023-02-21,-0.009
2023-02-22,-0.008
2023-02-24,-0.009
2023-02-27,-0.010
2023-02-28,-0.011
2023-03-01,-0.011
2023-03-02,-0.011
2023-03-03,-0.010
2023-03-06,-0.011
2023-03-07,-0.011
2023-03-08,-0.012
2023-03-09,-0.017
2023-03-10,-0.029
2023-03-13,-0.033
2023-03-14,-0.033
2023-03-15,-0.023
2023-03-16,-0.021
2023-03-17,-0.016
2023-03-20,-0.015
2023-03-22,-0.014
2023-03-23,-0.013
2023-03-24,-0.009
2023-03-27,-0.014
2023-03-28,-0.015
2023-03-29,-0.015
2023-03-30,-0.014
2023-03-31,-0.030
2023-04-03,-0.009
2023-04-04,-0.008
2023-04-05,-0.007
2023-04-06,-0.006
2023-04-07,-0.005
2023-04-10,-0.006
2023-04-11,-0.007
2023-04-12,-0.006
2023-04-13,-0.006
2023-04-14,-0.007
2023-04-17,-0.010
2023-04-18,-0.009
2023-04-19,-0.010
2023-04-20,-0.009
2023-04-21,-0.010
2023-04-24,-0.013
2023-04-25,-0.019
2023-04-26,-0.031
2023-04-27,-0.049
2023-04-28,-0.073
2023-05-01,-0.073
2023-05-02,-0.074
2023-05-08,-0.073
2023-05-09,-0.070
2023-05-10,-0.061
2023-05-11,-0.046
2023-05-12,-0.030
2023-05-15,-0.023
2023-05-16,-0.034
2023-05-17,-0.033
2023-05-18,-0.034
2023-05-19,-0.031
2023-05-22,-0.034
2023-05-23,-0.037
2023-05-24,-0.047
2023-05-25,-0.059
2023-05-26,-0.063
2023-05-29,-0.062
2023-05-30,-0.064
2023-05-31,-0.071
2023-06-01,-0.070
2023-06-02,-0.072
2023-06-05,-0.068
2023-06-06,-0.058
2023-06-07,-0.047
2023-06-08,-0.039
2023-06-09,-0.028
2023-06-12,-0.058
2023-06-13,-0.079
2023-06-14,-0.078
2023-06-15,-0.070
2023-06-16,-0.061
2023-06-19,-0.064
2023-06-20,-0.069
2023-06-21,-0.072
2023-06-22,-0.073
2023-06-23,-0.074
2023-06-26,-0.075
2023-06-27,-0.074
2023-06-28,-0.076
2023-06-29,-0.075
2023-06-30,-0.077
2023-07-03,-0.071
2023-07-04,-0.060
2023-07-05,-0.032
2023-07-06,-0.016
2023-07-07,-0.012
2023-07-10,-0.021
2023-07-11,-0.026
2023-07-12,-0.019
2023-07-13,-0.009
2023-07-14,-0.021
2023-07-18,-0.048
2023-07-19,-0.052
2023-07-20,-0.061
2023-07-21,-0.070
2023-07-24,-0.073
2023-07-25,-0.074
2023-07-26,-0.073
2023-07-27,-0.071
2023-07-28,-0.059
2023-07-31,-0.061
2023-08-01,-0.063
2023-08-02,-0.070
2023-08-03,-0.070
2023-08-04,-0.072
2023-08-07,-0.075
2023-08-08,-0.073
2023-08-09,-0.074
2023-08-10,-0.072
2023-08-14,-0.068
2023-08-15,-0.029
2023-08-16,-0.060
2023-08-17,-0.064
2023-08-18,-0.064
2023-08-21,-0.065
2023-08-22,-0.064
2023-08-23,-0.064
2023-08-24,-0.063
2023-08-25,-0.061
2023-08-28,-0.060
2023-08-29,-0.055
2023-08-30,-0.052
2023-08-31,-0.056
2023-09-01,-0.060
2023-09-04,-0.069
2023-09-05,-0.072
2023-09-06,-0.076
2023-09-07,-0.072
2023-09-08,-0.066
2023-09-11,-0.060
2023-09-12,-0.048
2023-09-13,-0.016
2023-09-14,-0.012
2023-09-15,-0.043
2023-09-19,-0.059
2023-09-20,-0.056
2023-09-21,-0.049
2023-09-22,-0.039
2023-09-25,-0.042
2023-09-26,-0.051
2023-09-27,-0.064
2023-09-28,-0.063
2023-09-29,-0.062
2023-10-02,-0.044
2023-10-03,-0.031
2023-10-04,-0.021
2023-10-05,-0.015
2023-10-06,-0.016
2023-10-10,-0.030
2023-10-11,-0.033
2023-10-12,-0.029
2023-10-13,-0.019
2023-10-16,-0.028
2023-10-17,-0.015
2023-10-18,-0.011
2023-10-19,-0.010
2023-10-20,-0.010
2023-10-23,-0.012
2023-10-24,-0.014
2023-10-25,-0.018
2023-10-26,-0.019
2023-10-27,-0.013
2023-10-30,-0.016
2023-10-31,-0.020
2023-11-01,-0.016
2023-11-02,-0.011
2023-11-06,-0.011
2023-11-07,-0.010
2023-11-08,-0.010
2023-11-09,-0.011
2023-11-10,-0.014
2023-11-13,-0.014
2023-11-14,-0.012
2023-11-15,-0.011
2023-11-16,-0.027
2023-11-17,-0.015
2023-11-20,-0.013
2023-11-21,-0.012
2023-11-22,-0.012
2023-11-24,-0.012
2023-11-27,-0.017
2023-11-28,-0.021
2023-11-29,-0.022
2023-11-30,-0.022
2023-12-01,-0.015
2023-12-04,-0.013
2023-12-05,-0.011
2023-12-06,-0.010
2023-12-07,-0.010
2023-12-08,-0.010
2023-12-11,-0.011
2023-12-12,-0.010
2023-12-13,-0.009
2023-12-14,-0.008
2023-12-15,-0.009
2023-12-18,-0.013
2023-12-19,-0.010
2023-12-20,-0.010
2023-12-21,-0.011
2023-12-22,-0.010
2023-12-25,-0.011
2023-12-26,-0.011
2023-12-27,-0.013
2023-12-28,-0.016
2023-12-29,-0.039
2024-01-04,-0.021
2024-01-05,-0.018
2024-01-09,-0.017
2024-01-10,-0.016
2024-01-11,-0.014
2024-01-12,-0.010
2024-01-15,-0.009
2024-01-16,-0.017
2024-01-17,-0.014
2024-01-18,-0.014
2024-01-19,-0.011
2024-01-22,-0.014
2024-01-23,-0.014
2024-01-24,-0.013
2024-01-25,-0.012
2024-01-26,-0.010
2024-01-29,-0.011
2024-01-30,-0.011
2024-01-31,-0.011
2024-02-01,-0.010
2024-02-02,-0.008
2024-02-05,-0.008
2024-02-06,-0.007
2024-02-07,-0.006
2024-02-08,-0.005
2024-02-09,-0.005
2024-02-13,-0.005
2024-02-14,-0.005
2024-02-15,-0.005
2024-02-16,-0.006
2024-02-19,-0.006
2024-02-20,-0.006
2024-02-21,-0.006
2024-02-22,-0.005
2024-02-26,-0.006
2024-02-27,-0.006
2024-02-28,-0.006
2024-02-29,-0.005
2024-03-01,-0.005
2024-03-04,-0.006
2024-03-05,-0.007
2024-03-06,-0.009
2024-03-07,-0.011
2024-03-08,-0.010
2024-03-11,-0.010
2024-03-12,-0.011
2024-03-13,-0.011
2024-03-14,-0.009
2024-03-15,-0.005
2024-03-18,-0.003
2024-03-19,-0.001
2024-03-21,0.074
2024-03-22,0.077
2024-03-25,0.077
2024-03-26,0.077
2024-03-27,0.077
2024-03-28,0.077
2024-03-29,0.074
2024-04-01,0.077
2024-04-02,0.077
2024-04-03,0.077
2024-04-04,0.077
2024-04-05,0.077
2024-04-08,0.077
2024-04-09,0.077
2024-04-10,0.077
2024-04-11,0.077
2024-04-12,0.077
2024-04-15,0.077
2024-04-16,0.077
2024-04-17,0.077
2024-04-18,0.077
2024-04-19,0.077
2024-04-22,0.077
2024-04-23,0.076
2024-04-24,0.077
2024-04-25,0.077
2024-04-26,0.077
2024-04-30,0.076
2024-05-01,0.077
2024-05-02,0.077
2024-05-07,0.077
2024-05-08,0.077
2024-05-09,0.077
2024-05-10,0.077
2024-05-13,0.077
2024-05-14,0.077
2024-05-15,0.077
2024-05-16,0.077
2024-05-17,0.077
2024-05-20,0.077
2024-05-21,0.077
2024-05-22,0.077
2024-05-23,0.077
2024-05-24,0.078
2024-05-27,0.078
2024-05-28,0.077
2024-05-29,0.078
2024-05-30,0.077
2024-05-31,0.077
2024-06-03,0.077
2024-06-04,0.077
2024-06-05,0.077
2024-06-06,0.077
2024-06-07,0.078
2024-06-10,0.078
2024-06-11,0.078
2024-06-12,0.078
2024-06-13,0.077
2024-06-14,0.077
2024-06-17,0.077
2024-06-18,0.077
2024-06-19,0.077
2024-06-20,0.077
2024-06-21,0.077
2024-06-24,0.081
2024-06-25,0.078
2024-06-26,0.077
2024-06-27,0.077
2024-06-28,0.076
2024-07-01,0.077
2024-07-02,0.077
2024-07-03,0.077
2024-07-04,0.077
2024-07-05,0.077
2024-07-08,0.077
2024-07-09,0.077
2024-07-10,0.077
2024-07-11,0.077
2024-07-12,0.077
2024-07-16,0.077
2024-07-17,0.078
2024-07-18,0.077
2024-07-19,0.077
2024-07-22,0.083
2024-07-23,0.080
2024-07-24,0.080
2024-07-25,0.081
2024-07-26,0.078
2024-07-29,0.077
2024-07-30,0.077
2024-07-31,0.079
2024-08-01,0.227
2024-08-02,0.227
2024-08-05,0.227
2024-08-06,0.227
2024-08-07,0.227
2024-08-08,0.227
2024-08-09,0.227
2024-08-13,0.227
2024-08-14,0.228
2024-08-15,0.227
2024-08-16,0.227
2024-08-19,0.227
2024-08-20,0.227
2024-08-21,0.227
2024-08-22,0.227
2024-08-23,0.227
2024-08-26,0.227
2024-08-27,0.227
2024-08-28,0.227
2024-08-29,0.228
2024-08-30,0.227
2024-09-02,0.227
2024-09-03,0.227
2024-09-04,0.227
2024-09-05,0.227
2024-09-06,0.227
2024-09-09,0.227
2024-09-10,0.228
2024-09-11,0.227
2024-09-12,0.229
2024-09-13,0.227
2024-09-17,0.228
2024-09-18,0.228
2024-09-19,0.227
2024-09-20,0.226
2024-09-24,0.226
2024-09-25,0.226
2024-09-26,0.226
2024-09-27,0.226
2024-09-30,0.225
2024-10-01,0.227
2024-10-02,0.227
2024-10-03,0.227
2024-10-04,0.227
2024-10-07,0.227
2024-10-08,0.227
2024-10-09,0.227
2024-10-10,0.227
2024-10-11,0.227
2024-10-15,0.227
2024-10-16,0.227
2024-10-17,0.227
2024-10-18,0.227
2024-10-21,0.227
2024-10-22,0.227
2024-10-23,0.227
2024-10-24,0.227
2024-10-25,0.227
2024-10-28,0.228
2024-10-29,0.228
2024-10-30,0.227
2024-10-31,0.227
2024-11-01,0.227
2024-11-05,0.227
2024-11-06,0.227
2024-11-07,0.227
2024-11-08,0.227
2024-11-11,0.227
2024-11-12,0.227
2024-11-13,0.228
2024-11-14,0.227
2024-11-15,0.227
2024-11-18,0.227
2024-11-19,0.227
2024-11-20,0.227
2024-11-21,0.227
2024-11-22,0.227
2024-11-25,0.227
2024-11-26,0.228
2024-11-27,0.228
2024-11-28,0.228
2024-11-29,0.227
2024-12-02,0.227
2024-12-03,0.227
2024-12-04,0.227
2024-12-05,0.232
2024-12-06,0.227
2024-12-09,0.227
2024-12-10,0.227
2024-12-11,0.227
2024-12-12,0.227
2024-12-13,0.227
2024-12-16,0.227
2024-12-17,0.227
2024-12-18,0.226
2024-12-19,0.227
2024-12-20,0.227
2024-12-23,0.227
2024-12-24,0.227
2024-12-25,0.227
2024-12-26,0.227
2024-12-27,0.227
2024-12-30,0.227
2025-01-06,0.227
2025-01-07,0.227
2025-01-08,0.231
2025-01-09,0.232
2025-01-10,0.227
2025-01-14,0.227
2025-01-15,0.227
2025-01-16,0.227
2025-01-17,0.227
2025-01-20,0.227
2025-01-21,0.228
2025-01-22,0.228
2025-01-23,0.227
2025-01-24,0.227
2025-01-27,0.476
2025-01-28,0.477
2025-01-29,0.477
2025-01-30,0.477
2025-01-31,0.477
2025-02-03,0.476
2025-02-04,0.477
2025-02-05,0.479
2025-02-06,0.479
2025-02-07,0.477
2025-02-10,0.477
2025-02-12,0.485
2025-02-13,0.477
2025-02-14,0.477
2025-02-17,0.477
2025-02-18,0.477
2025-02-19,0.477
2025-02-20,0.477
2025-02-21,0.478
2025-02-25,0.479
2025-02-26,0.477
2025-02-27,0.477
2025-02-28,0.477
2025-03-03,0.477
2025-03-04,0.476
2025-03-05,0.476
2025-03-06,0.476
2025-03-07,0.477
2025-03-10,0.478
2025-03-11,0.479
2025-03-12,0.479
2025-03-13,0.476
2025-03-14,0.477
2025-03-17,0.477
2025-03-18,0.476
2025-03-19,0.477
2025-03-21,0.477
2025-03-24,0.476
2025-03-25,0.476
2025-03-26,0.477
2025-03-27,0.476
2025-03-28,0.477
2025-03-31,0.476
2025-04-01,0.477
2025-04-02,0.477
2025-04-03,0.476
2025-04-04,0.477
2025-04-07,0.477
2025-04-08,0.477
2025-04-09,0.476
2025-04-10,0.476
2025-04-11,0.477
2025-04-14,0.477
2025-04-15,0.476
2025-04-16,0.477
2025-04-17,0.476
2025-04-18,0.477
2025-04-21,0.476
2025-04-22,0.476
2025-04-23,0.477
2025-04-24,0.477
2025-04-25,0.477
2025-04-28,0.476
2025-04-30,0.476
2025-05-01,0.477
2025-05-02,0.477
2025-05-07,0.477
2025-05-08,0.476
2025-05-09,0.477
2025-05-12,0.477
2025-05-13,0.477
2025-05-14,0.477
2025-05-15,0.477
2025-05-16,0.477
2025-05-19,0.478
2025-05-20,0.478
2025-05-21,0.477
2025-05-22,0.476
2025-05-23,0.477
2025-05-26,0.476
2025-05-27,0.476
2025-05-28,0.476
2025-05-29,0.476
2025-05-30,0.476
2025-06-02,0.477
2025-06-03,0.477
2025-06-04,0.477
2025-06-05,0.477
2025-06-06,0.477
2025-06-09,0.477
2025-06-10,0.477
2025-06-11,0.477
2025-06-12,0.481
2025-06-13,0.477
2025-06-16,0.477
2025-06-17,0.477
2025-06-18,0.478
2025-06-19,0.477
2025-06-20,0.477
2025-06-23,0.476
2025-06-24,0.478
2025-06-25,0.478
2025-06-26,0.478
2025-06-27,0.477
2025-06-30,0.477
2025-07-01,0.477
2025-07-02,0.477
2025-07-03,0.477
2025-07-04,0.477
2025-07-07,0.477
2025-07-08,0.477
2025-07-09,0.477
2025-07-10,0.477
2025-07-11,0.477
2025-07-14,0.479
2025-07-15,0.476
2025-07-16,0.477
2025-07-17,0.477
2025-07-18,0.477
2025-07-22,0.479
2025-07-23,0.478
2025-07-24,0.477
2025-07-25,0.477
2025-07-28,0.479
2025-07-29,0.478
2025-07-30,0.481
2025-07-31,0.478
2025-08-01,0.477
2025-08-04,0.476
2025-08-05,0.477
2025-08-06,0.477
2025-08-07,0.477
2025-08-08,0.477
2025-08-12,0.477
2025-08-13,0.477
2025-08-14,0.477
2025-08-15,0.477
2025-08-18,0.477
2025-08-19,0.477
2025-08-20,0.476
2025-08-21,0.476
2025-08-22,0.476
2025-08-25,0.477
2025-08-26,0.478
2025-08-27,0.478
2025-08-28,0.478
2025-08-29,0.477
2025-09-01,0.477
2025-09-02,0.478
2025-09-03,0.478
2025-09-04,0.479
2025-09-05,0.477
2025-09-08,0.477
2025-09-09,0.477
2025-09-10,0.477
2025-09-11,0.480
2025-09-12,0.477
2025-09-16,0.477
2025-09-17,0.478
2025-09-18,0.477
2025-09-19,0.477
2025-09-22,0.476
2025-09-24,0.478
2025-09-25,0.477
2025-09-26,0.476
2025-09-29,0.477
2025-09-30,0.477
2025-10-01,0.477
2025-10-02,0.477
2025-10-03,0.477
2025-10-06,0.477
2025-10-07,0.477
2025-10-08,0.477
2025-10-09,0.478
2025-10-10,0.477
2025-10-14,0.477
2025-10-15,0.477
2025-10-16,0.477
2025-10-17,0.477
2025-10-20,0.477
2025-10-21,0.477
2025-10-22,0.477
2025-10-23,0.477
2025-10-24,0.477
2025-10-27,0.477
2025-10-28,0.477
2025-10-29,0.477
2025-10-30,0.476
2025-10-31,0.477
2025-11-04,0.476
2025-11-05,0.477
2025-11-06,0.477
2025-11-07,0.478
2025-11-10,0.481
2025-11-11,0.477
2025-11-12,0.479
2025-11-13,0.477
2025-11-14,0.478
2025-11-17,0.477
2025-11-18,0.478
2025-11-19,0.479
2025-11-20,0.477
2025-11-21,0.478
2025-11-25,0.478
2025-11-26,0.478
2025-11-27,0.477
2025-11-28,0.477
2025-12-01,0.477
2025-12-02,0.477
2025-12-03,0.478
2025-12-04,0.477
2025-12-05,0.477
2025-12-08,0.477
2025-12-09,0.482
2025-12-10,0.477
2025-12-11,0.478
2025-12-12,0.477
2025-12-15,0.477
2025-12-16,0.482
2025-12-17,0.478
2025-12-18,0.477
2025-12-19,0.477
2025-12-22,0.727
2025-12-23,0.727
2025-12-24,0.727
2025-12-25,0.728
2025-12-26,0.727
2025-12-29,0.728
2025-12-30,0.727
2026-01-05,0.727
2026-01-06,0.727
2026-01-07,0.727
2026-01-08,0.729
2026-01-09,0.727
2026-01-13,0.727
2026-01-14,0.727
2026-01-15,0.727
2026-01-16,0.727
2026-01-19,0.727
2026-01-20,0.728
2026-01-21,0.727
2026-01-22,0.727
2026-01-23,0.727
2026-01-26,0.728
2026-01-27,0.736
2026-01-28,0.727
2026-01-29,0.727
2026-01-30,0.727
2026-02-02,0.727
2026-02-03,0.730
2026-02-04,0.727
2026-02-05,0.727
2026-02-06,0.728
2026-02-09,0.728
2026-02-10,0.727
2026-02-12,0.728
2026-02-13,0.728
2026-02-16,0.728
2026-02-17,0.730
2026-02-18,0.728
2026-02-19,0.728
2026-02-20,0.729
2026-02-24,0.727
2026-02-25,0.729
2026-02-26,0.728
2026-02-27,0.727
2026-03-02,0.727
2026-03-03,0.727
2026-03-04,0.730
2026-03-05,0.728
2026-03-06,0.728
2026-03-09,0.727
2026-03-10,0.728
2026-03-11,0.727
2026-03-12,0.734
2026-03-13,0.728
2026-03-16,0.727
2026-03-17,0.727
2026-03-18,0.727
2026-03-19,0.728
2026-03-23,0.727
2026-03-24,0.727
2026-03-25,0.727
2026-03-26,0.727
2026-03-27,0.727
2026-03-30,0.726
2026-03-31,0.727
2026-04-01,0.728
2026-04-02,0.727
2026-04-03,0.728
2026-04-06,0.727
2026-04-07,0.727
2026-04-08,0.727
2026-04-09,0.727
2026-04-10,0.728
2026-04-13,0.726
2026-04-14,0.726
2026-04-15,0.727
2026-04-16,0.727
2026-04-17,0.728
2026-04-20,0.727
2026-04-21,0.727
2026-04-22,0.727
2026-04-23,0.727
2026-04-24,0.728
2026-04-27,0.727
2026-04-28,0.727
2026-04-30,0.727
2026-05-01,0.727
2026-05-07,0.727
2026-05-08,0.727
2026-05-11,0.726
2026-05-12,0.727
2026-05-13,0.727
2026-05-14,0.727
2026-05-15,0.727
2026-05-18,0.728
2026-05-19,0.728
2026-05-20,0.728
2026-05-21,0.727
2026-05-22,0.726
2026-05-25,0.727
2026-05-26,0.727
2026-05-27,0.727
2026-05-28,0.727
2026-05-29,0.727
2026-06-01,0.726
2026-06-02,0.727
2026-06-03,0.727
2026-06-04,0.726
2026-06-05,0.727
2026-06-08,0.727
2026-06-09,0.727
2026-06-10,0.727
2026-06-11,0.727
2026-06-12,0.727
2026-06-15,0.727
2026-06-16,0.727
2026-06-17,0.978
2026-06-18,0.977
2026-06-19,0.977
2026-06-22,0.977
2026-06-23,0.976
2026-06-24,0.977
2026-06-25,0.978
2026-06-26,0.977
2026-06-29,0.978
2026-06-30,0.976
2026-07-01,0.977
2026-07-02,0.977
2026-07-03,0.977
2026-07-06,0.977
2026-07-07,0.978
2026-07-08,0.978
2026-07-09,0.978
2026-07-10,0.977
2026-07-13,0.977
2026-07-14,0.977
2026-07-15,0.981
2026-07-16,0.979
2026-07-17,0.977
2026-07-21,0.977
2026-07-22,0.978
2026-07-23,0.980
2026-07-24,0.977
2026-07-27,0.978
2026-07-28,0.980
2026-07-29,0.977
2026-07-30,0.979
