date,value
1974-09-24,9.3620
1974-09-25,9.3640
1974-09-26,9.3660
1974-09-27,9.3670
1974-09-28,9.3690
1974-09-30,9.3730
1974-10-01,9.3740
1974-10-02,9.3760
1974-10-03,9.3780
1974-10-04,9.3790
1974-10-05,9.3810
1974-10-07,9.3850
1974-10-08,9.3860
1974-10-09,9.3880
1974-10-11,9.3910
1974-10-12,9.3930
1974-10-14,9.3960
1974-10-15,9.3980
1974-10-16,9.4000
1974-10-17,9.4010
1974-10-18,9.4030
1974-10-21,9.4080
1974-10-22,9.4100
1974-10-23,9.4110
1974-10-24,9.4130
1974-10-25,9.4150
1974-10-26,9.4160
1974-10-28,9.4190
1974-10-29,9.4210
1974-10-30,9.4230
1974-10-31,9.4240
1974-11-01,9.4260
1974-11-02,9.4280
1974-11-05,9.4320
1974-11-06,9.4340
1974-11-07,9.4350
1974-11-08,9.4370
1974-11-09,9.4390
1974-11-11,9.4420
1974-11-12,9.4430
1974-11-13,9.4450
1974-11-14,9.4460
1974-11-15,9.4480
1974-11-18,9.4520
1974-11-19,9.4590
1974-11-20,9.4730
1974-11-21,9.5060
1974-11-22,9.5120
1974-11-25,9.5170
1974-11-26,9.5180
1974-11-27,9.5200
1974-11-28,9.5210
1974-11-29,9.5230
1974-11-30,9.5240
1974-12-02,9.5270
1974-12-03,9.5280
1974-12-04,9.5300
1974-12-05,9.5310
1974-12-06,9.5330
1974-12-07,9.5340
1974-12-09,9.5370
1974-12-10,9.5380
1974-12-11,9.5400
1974-12-12,9.5410
1974-12-13,9.5430
1974-12-14,9.5440
1974-12-16,9.5470
1974-12-17,9.5480
1974-12-18,9.5500
1974-12-19,9.5510
1974-12-20,9.5520
1974-12-23,9.5560
1974-12-24,9.5580
1974-12-25,9.5590
1974-12-26,9.5600
1974-12-27,9.5620
1974-12-28,9.5630
1975-01-04,9.5720
1975-01-06,9.5750
1975-01-07,9.5760
1975-01-08,9.5780
1975-01-09,9.5790
1975-01-10,9.5800
1975-01-11,9.5810
1975-01-13,9.5840
1975-01-14,9.5850
1975-01-16,9.5880
1975-01-17,9.5890
1975-01-20,9.5930
1975-01-21,9.5940
1975-01-22,9.5950
1975-01-23,9.5960
1975-01-24,9.5980
1975-01-25,9.5990
1975-01-27,9.6010
1975-01-28,9.6020
1975-01-29,9.6040
1975-01-30,9.6050
1975-01-31,9.6060
1975-02-01,9.6070
1975-02-03,9.6100
1975-02-04,9.6110
1975-02-05,9.6120
1975-02-06,9.6130
1975-02-07,9.6140
1975-02-08,9.6150
1975-02-10,9.6180
1975-02-12,9.6200
1975-02-13,9.6190
1975-02-14,9.6200
1975-02-17,9.6230
1975-02-18,9.6250
1975-02-19,9.6320
1975-02-20,9.6460
1975-02-21,9.6470
1975-02-22,9.5880
1975-02-24,9.5930
1975-02-25,9.5950
1975-02-26,9.5970
1975-02-27,9.6000
1975-02-28,9.5640
1975-03-01,9.5670
1975-03-03,9.5730
1975-03-04,9.5760
1975-03-05,9.5790
1975-03-06,9.5820
1975-03-07,9.5850
1975-03-08,9.5880
1975-03-10,9.5930
1975-03-11,9.5960
1975-03-12,9.5990
1975-03-13,9.6020
1975-03-14,9.6050
1975-03-17,9.6130
1975-03-18,9.6160
1975-03-19,9.6190
1975-03-20,9.6220
1975-03-22,9.6270
1975-03-24,9.6330
1975-03-25,9.6360
1975-03-26,9.6380
1975-03-27,9.6410
1975-03-28,9.6440
1975-03-29,9.6470
1975-03-31,9.6520
1975-04-01,9.6550
1975-04-02,9.6580
1975-04-03,9.6600
1975-04-04,9.6630
1975-04-05,9.6660
1975-04-07,9.6710
1975-04-08,9.6740
1975-04-09,9.6760
1975-04-10,9.6790
1975-04-11,9.6820
1975-04-12,9.6840
1975-04-14,9.6900
1975-04-15,9.6920
1975-04-16,9.6950
1975-04-17,9.6970
1975-04-18,9.7000
1975-04-21,9.6950
1975-04-22,9.6980
1975-04-23,9.7010
1975-04-24,9.7040
1975-04-25,9.7070
1975-04-26,9.7100
1975-04-28,9.7160
1975-04-30,9.7220
1975-05-01,9.7250
1975-05-02,9.7280
1975-05-06,9.7390
1975-05-07,9.7420
1975-05-08,9.7450
1975-05-09,9.7480
1975-05-10,9.7500
1975-05-12,9.7560
1975-05-13,9.7560
1975-05-14,9.7590
1975-05-15,9.7630
1975-05-16,9.7660
1975-05-19,9.7750
1975-05-20,9.7600
1975-05-21,9.6460
1975-05-22,9.4600
1975-05-23,9.4410
1975-05-24,9.4450
1975-05-26,9.4520
1975-05-27,9.4550
1975-05-28,9.4580
1975-05-29,9.4620
1975-05-30,9.4650
1975-05-31,9.4680
1975-06-02,9.4750
1975-06-03,9.4780
1975-06-04,9.4820
1975-06-05,9.4850
1975-06-06,9.4880
1975-06-07,9.4920
1975-06-09,9.4670
1975-06-10,9.4700
1975-06-11,9.4740
1975-06-12,9.4770
1975-06-13,9.4800
1975-06-14,9.4520
1975-06-16,9.4590
1975-06-17,9.4620
1975-06-18,9.4660
1975-06-19,9.4690
1975-06-20,9.4720
1975-06-23,9.4820
1975-06-24,9.4850
1975-06-25,9.4880
1975-06-26,9.4920
1975-06-27,9.4950
1975-06-28,9.4980
1975-06-30,9.5050
1975-07-01,9.5080
1975-07-02,9.5110
1975-07-03,9.5140
1975-07-04,9.5180
1975-07-05,9.5210
1975-07-07,9.5270
1975-07-08,9.5300
1975-07-09,9.5340
1975-07-10,9.5370
1975-07-11,9.5400
1975-07-12,9.5430
1975-07-14,9.5490
1975-07-15,9.5530
1975-07-16,9.5560
1975-07-17,9.5590
1975-07-18,9.5620
1975-07-21,9.5710
1975-07-22,9.5740
1975-07-23,9.5770
1975-07-24,9.5810
1975-07-25,9.5840
1975-07-26,9.5870
1975-07-28,9.5930
1975-07-29,9.5360
1975-07-30,9.5080
1975-07-31,9.4790
1975-08-01,9.4830
1975-08-02,9.4860
1975-08-04,9.4930
1975-08-05,9.4960
1975-08-06,9.4990
1975-08-07,9.5030
1975-08-08,9.5060
1975-08-09,9.5090
1975-08-11,9.5160
1975-08-12,9.5190
1975-08-13,9.5220
1975-08-14,9.5250
1975-08-15,9.5290
1975-08-18,9.5380
1975-08-19,9.5410
1975-08-20,9.5270
1975-08-21,9.5360
1975-08-22,9.5330
1975-08-23,9.5360
1975-08-25,9.5420
1975-08-26,9.5460
1975-08-27,9.5490
1975-08-28,9.5520
1975-08-29,9.5550
1975-08-30,9.5590
1975-09-01,9.5650
1975-09-02,9.5680
1975-09-03,9.5710
1975-09-04,9.5750
1975-09-05,9.5780
1975-09-06,9.5810
1975-09-08,9.5870
1975-09-09,9.5910
1975-09-10,9.5940
1975-09-11,9.5860
1975-09-12,9.5890
1975-09-13,9.5920
1975-09-16,9.6020
1975-09-17,9.6060
1975-09-18,9.6090
1975-09-19,9.6120
1975-09-22,9.6220
1975-09-23,9.6250
1975-09-25,9.6320
1975-09-26,9.5330
1975-09-27,9.5370
1975-09-29,9.5440
1975-09-30,9.5470
1975-10-01,9.5510
1975-10-02,9.5540
1975-10-03,9.5570
1975-10-04,9.5610
1975-10-06,9.5680
1975-10-07,9.5710
1975-10-08,9.5750
1975-10-09,9.4590
1975-10-11,9.4660
1975-10-13,9.4720
1975-10-14,9.4420
1975-10-15,9.4460
1975-10-16,9.4490
1975-10-17,9.4530
1975-10-20,9.4630
1975-10-21,9.4670
1975-10-22,9.4710
1975-10-23,9.4740
1975-10-24,9.4770
1975-10-25,9.4810
1975-10-27,9.4880
1975-10-28,9.4910
1975-10-29,9.4950
1975-10-30,9.4680
1975-10-31,9.4720
1975-11-01,9.4750
1975-11-04,9.4840
1975-11-05,9.4870
1975-11-06,9.4910
1975-11-07,9.4950
1975-11-08,9.4980
1975-11-10,9.5050
1975-11-11,9.5090
1975-11-12,9.5120
1975-11-13,9.5160
1975-11-14,9.5190
1975-11-17,9.5290
1975-11-18,9.5320
1975-11-19,9.5410
1975-11-20,9.5570
1975-11-21,9.5600
1975-11-22,9.5400
1975-11-25,9.5500
1975-11-26,9.5540
1975-11-27,9.5580
1975-11-28,9.5610
1975-11-29,9.5650
1975-12-01,9.5070
1975-12-02,9.4780
1975-12-03,9.4810
1975-12-04,9.4790
1975-12-05,9.4560
1975-12-06,9.4600
1975-12-08,9.4670
1975-12-09,9.4710
1975-12-10,9.4740
1975-12-11,9.4780
1975-12-12,9.4810
1975-12-13,9.4850
1975-12-15,9.4920
1975-12-16,9.4950
1975-12-17,9.4990
1975-12-18,9.4710
1975-12-19,9.4740
1975-12-22,9.4850
1975-12-23,9.4880
1975-12-24,9.4280
1975-12-25,9.3960
1975-12-26,9.3410
1975-12-27,9.3130
1976-01-05,9.3460
1976-01-06,9.3500
1976-01-07,9.3530
1976-01-08,9.3570
1976-01-09,9.3610
1976-01-10,9.3650
1976-01-12,9.3130
1976-01-13,9.2590
1976-01-14,9.2090
1976-01-16,9.1300
1976-01-19,9.0870
1976-01-20,9.0620
1976-01-21,9.0080
1976-01-22,8.9550
1976-01-23,8.8420
1976-01-24,8.7920
1976-01-26,8.7440
1976-01-27,8.6910
1976-01-28,8.6960
1976-01-29,8.6430
1976-01-30,8.6460
1976-01-31,8.6490
1976-02-02,8.5980
1976-02-03,8.6010
1976-02-04,8.6040
1976-02-05,8.6070
1976-02-06,8.6090
1976-02-07,8.5550
1976-02-09,8.5040
1976-02-10,8.5070
1976-02-12,8.5130
1976-02-13,8.5160
1976-02-14,8.5190
1976-02-16,8.5250
1976-02-17,8.5280
1976-02-18,8.5310
1976-02-19,8.5390
1976-02-20,8.5540
1976-02-23,8.5570
1976-02-24,8.5600
1976-02-25,8.5630
1976-02-26,8.5660
1976-02-27,8.5690
1976-02-28,8.5710
1976-03-01,8.5640
1976-03-02,8.5670
1976-03-03,8.5690
1976-03-04,8.5720
1976-03-05,8.5750
1976-03-06,8.5780
1976-03-08,8.5830
1976-03-09,8.5860
1976-03-10,8.5890
1976-03-11,8.5920
1976-03-12,8.5940
1976-03-13,8.5970
1976-03-15,8.6030
1976-03-16,8.6060
1976-03-17,8.6080
1976-03-18,8.6110
1976-03-19,8.6140
1976-03-22,8.6220
1976-03-23,8.6250
1976-03-24,8.6280
1976-03-25,8.6310
1976-03-26,8.6330
1976-03-27,8.6360
1976-03-29,8.6420
1976-03-30,8.6450
1976-03-31,8.6470
1976-04-01,8.5920
1976-04-02,8.5920
1976-04-03,8.5920
1976-04-05,8.5980
1976-04-06,8.6010
1976-04-07,8.5990
1976-04-08,8.6020
1976-04-09,8.6050
1976-04-10,8.6080
1976-04-12,8.6140
1976-04-13,8.6170
1976-04-14,8.6180
1976-04-15,8.6210
1976-04-16,8.5980
1976-04-19,8.6070
1976-04-20,8.6100
1976-04-21,8.6130
1976-04-22,8.6160
1976-04-23,8.5650
1976-04-24,8.5680
1976-04-26,8.5730
1976-04-27,8.5760
1976-04-28,8.5790
1976-04-30,8.5850
1976-05-01,8.5880
1976-05-04,8.5970
1976-05-06,8.6020
1976-05-07,8.6050
1976-05-08,8.6080
1976-05-10,8.6140
1976-05-11,8.6170
1976-05-12,8.6190
1976-05-13,8.6220
1976-05-14,8.6250
1976-05-17,8.6340
1976-05-18,8.6370
1976-05-19,8.6390
1976-05-20,8.6350
1976-05-21,8.6210
1976-05-22,8.6130
1976-05-24,8.6190
1976-05-25,8.6220
1976-05-26,8.6240
1976-05-27,8.6270
1976-05-28,8.6300
1976-05-29,8.6330
1976-05-31,8.6390
1976-06-01,8.6420
1976-06-02,8.6450
1976-06-03,8.6470
1976-06-04,8.6500
1976-06-05,8.6530
1976-06-07,8.6590
1976-06-08,8.6620
1976-06-09,8.6650
1976-06-10,8.6680
1976-06-11,8.6700
1976-06-12,8.6730
1976-06-14,8.6790
1976-06-15,8.6820
1976-06-16,8.6850
1976-06-17,8.6880
1976-06-18,8.6910
1976-06-21,8.6990
1976-06-22,8.7020
1976-06-23,8.7050
1976-06-24,8.7070
1976-06-25,8.7100
1976-06-26,8.7070
1976-06-28,8.7130
1976-06-29,8.7110
1976-06-30,8.7140
1976-07-01,8.6930
1976-07-02,8.6960
1976-07-03,8.6990
1976-07-05,8.7050
1976-07-06,8.7080
1976-07-07,8.7110
1976-07-08,8.7140
1976-07-09,8.7160
1976-07-10,8.7190
1976-07-12,8.7250
1976-07-13,8.7280
1976-07-14,8.7310
1976-07-15,8.7350
1976-07-16,8.7380
1976-07-19,8.7470
1976-07-20,8.7500
1976-07-21,8.7530
1976-07-22,8.7550
1976-07-23,8.7260
1976-07-24,8.7030
1976-07-26,8.6510
1976-07-27,8.6540
1976-07-28,8.6570
1976-07-29,8.6600
1976-07-30,8.6340
1976-07-31,8.6370
1976-08-02,8.6390
1976-08-03,8.6380
1976-08-04,8.6140
1976-08-05,8.6160
1976-08-06,8.6180
1976-08-07,8.6210
1976-08-09,8.6280
1976-08-10,8.6310
1976-08-11,8.6070
1976-08-12,8.6090
1976-08-13,8.6130
1976-08-14,8.6170
1976-08-16,8.6240
1976-08-17,8.6280
1976-08-18,8.6310
1976-08-19,8.6350
1976-08-20,8.6320
1976-08-23,8.5750
1976-08-24,8.5700
1976-08-25,8.5520
1976-08-26,8.5470
1976-08-27,8.5210
1976-08-28,8.5240
1976-08-30,8.5020
1976-08-31,8.5050
1976-09-01,8.5090
1976-09-02,8.5120
1976-09-03,8.5160
1976-09-04,8.5190
1976-09-06,8.5040
1976-09-07,8.5070
1976-09-08,8.5110
1976-09-09,8.5070
1976-09-10,8.4880
1976-09-11,8.4920
1976-09-13,8.4990
1976-09-14,8.5020
1976-09-16,8.5090
1976-09-17,8.5120
1976-09-20,8.5230
1976-09-21,8.5260
1976-09-22,8.5300
1976-09-24,8.5370
1976-09-25,8.5400
1976-09-27,8.5470
1976-09-28,8.5510
1976-09-29,8.5540
1976-09-30,8.5580
1976-10-01,8.5610
1976-10-02,8.5650
1976-10-04,8.5720
1976-10-05,8.5750
1976-10-06,8.5780
1976-10-07,8.5810
1976-10-08,8.5840
1976-10-09,8.5620
1976-10-12,8.5720
1976-10-13,8.5750
1976-10-14,8.5790
1976-10-15,8.5820
1976-10-18,8.5930
1976-10-19,8.5960
1976-10-20,8.6000
1976-10-21,8.5770
1976-10-22,8.5810
1976-10-23,8.5550
1976-10-25,8.5620
1976-10-26,8.5650
1976-10-27,8.5690
1976-10-28,8.5430
1976-10-29,8.5470
1976-10-30,8.5500
1976-11-01,8.5570
1976-11-02,8.5600
1976-11-04,8.5670
1976-11-05,8.5710
1976-11-06,8.5740
1976-11-08,8.5810
1976-11-09,8.5840
1976-11-10,8.5600
1976-11-11,8.5640
1976-11-12,8.5670
1976-11-13,8.5700
1976-11-15,8.5480
1976-11-16,8.5520
1976-11-17,8.5550
1976-11-18,8.5300
1976-11-19,8.5380
1976-11-22,8.5310
1976-11-24,8.5370
1976-11-25,8.5390
1976-11-26,8.5420
1976-11-27,8.5450
1976-11-29,8.5510
1976-11-30,8.5260
1976-12-01,8.5000
1976-12-02,8.5030
1976-12-03,8.5070
1976-12-04,8.5100
1976-12-06,8.5160
1976-12-07,8.4910
1976-12-08,8.4940
1976-12-09,8.4970
1976-12-10,8.5000
1976-12-11,8.5030
1976-12-13,8.5090
1976-12-14,8.5120
1976-12-15,8.5180
1976-12-16,8.4960
1976-12-17,8.5000
1976-12-20,8.5130
1976-12-21,8.5170
1976-12-22,8.4920
1976-12-23,8.4990
1976-12-24,8.5030
1976-12-25,8.4780
1976-12-27,8.4890
1976-12-28,8.4930
1977-01-04,8.5180
1977-01-05,8.5220
1977-01-06,8.5260
1977-01-07,8.4960
1977-01-08,8.4990
1977-01-10,8.4730
1977-01-11,8.4760
1977-01-12,8.4450
1977-01-13,8.4480
1977-01-14,8.4520
1977-01-17,8.4340
1977-01-18,8.4370
1977-01-19,8.4410
1977-01-20,8.3900
1977-01-21,8.3580
1977-01-22,8.3340
1977-01-24,8.3400
1977-01-25,8.3430
1977-01-26,8.3450
1977-01-27,8.3210
1977-01-28,8.3240
1977-01-29,8.3270
1977-01-31,8.3340
1977-02-01,8.3370
1977-02-02,8.3400
1977-02-03,8.3440
1977-02-04,8.3470
1977-02-05,8.3490
1977-02-07,8.3030
1977-02-08,8.2540
1977-02-09,8.2570
1977-02-10,8.2600
1977-02-12,8.2670
1977-02-14,8.2200
1977-02-15,8.1590
1977-02-16,8.0990
1977-02-17,8.1020
1977-02-18,8.1050
1977-02-21,8.0870
1977-02-22,8.0890
1977-02-23,8.0920
1977-02-24,8.0950
1977-02-25,8.0980
1977-02-26,8.1010
1977-02-28,8.1060
1977-03-01,8.1090
1977-03-02,8.1120
1977-03-03,8.1160
1977-03-04,8.1190
1977-03-05,8.1220
1977-03-07,8.1280
1977-03-08,8.1310
1977-03-09,8.1340
1977-03-10,8.1370
1977-03-11,8.1390
1977-03-12,8.1410
1977-03-14,8.1480
1977-03-15,8.1500
1977-03-16,8.1530
1977-03-17,8.1560
1977-03-18,8.1590
1977-03-22,8.1700
1977-03-23,8.1730
1977-03-24,8.1500
1977-03-25,8.1520
1977-03-26,8.1550
1977-03-28,8.1590
1977-03-29,8.1630
1977-03-30,8.1650
1977-03-31,8.1680
1977-04-01,8.0440
1977-04-02,7.9960
1977-04-04,7.9490
1977-04-05,7.8520
1977-04-06,7.8520
1977-04-07,7.8530
1977-04-08,7.8550
1977-04-09,7.8570
1977-04-11,7.9110
1977-04-12,7.8120
1977-04-13,7.7620
1977-04-14,7.7610
1977-04-15,7.7620
1977-04-18,7.6640
1977-04-19,7.6120
1977-04-20,7.6120
1977-04-21,7.6150
1977-04-22,7.6170
1977-04-23,7.6190
1977-04-25,7.6240
1977-04-26,7.5220
1977-04-27,7.5220
1977-04-28,7.4740
1977-04-30,7.4770
1977-05-02,7.4810
1977-05-04,7.4810
1977-05-06,7.4790
1977-05-07,7.4810
1977-05-09,7.4850
1977-05-10,7.4860
1977-05-11,7.4880
1977-05-12,7.4890
1977-05-13,7.4910
1977-05-14,7.4950
1977-05-16,7.4950
1977-05-17,7.4470
1977-05-18,7.3550
1977-05-19,7.3550
1977-05-20,7.3400
1977-05-23,7.2020
1977-05-24,7.2040
1977-05-25,7.2050
1977-05-26,7.1990
1977-05-27,7.2030
1977-05-28,7.2040
1977-05-30,7.2150
1977-05-31,7.1460
1977-06-01,7.1470
1977-06-02,7.1490
1977-06-03,7.1510
1977-06-04,7.1530
1977-06-06,7.1470
1977-06-07,7.1410
1977-06-08,7.0770
1977-06-09,7.0860
1977-06-10,7.0880
1977-06-11,7.0890
1977-06-13,7.0920
1977-06-14,7.0940
1977-06-15,7.0950
1977-06-16,7.0970
1977-06-17,7.0980
1977-06-20,7.1020
1977-06-21,7.1040
1977-06-22,7.1050
1977-06-23,7.1070
1977-06-24,7.1080
1977-06-25,7.1100
1977-06-27,7.1130
1977-06-28,7.1150
1977-06-29,7.0430
1977-06-30,7.0260
1977-07-01,6.9990
1977-07-02,7.0030
1977-07-04,6.9580
1977-07-05,6.9230
1977-07-06,6.8950
1977-07-07,6.8960
1977-07-08,6.8970
1977-07-09,6.8950
1977-07-11,6.8510
1977-07-12,6.8020
1977-07-13,6.7850
1977-07-14,6.7600
1977-07-15,6.7430
1977-07-18,6.6470
1977-07-19,6.6260
1977-07-20,6.5430
1977-07-21,6.5340
1977-07-22,6.5350
1977-07-23,6.5310
1977-07-25,6.5310
1977-07-26,6.5310
1977-07-27,6.5320
1977-07-28,6.5320
1977-07-29,6.5290
1977-07-30,6.5280
1977-08-01,6.5350
1977-08-02,6.5350
1977-08-03,6.5360
1977-08-04,6.5360
1977-08-05,6.5300
1977-08-06,6.5270
1977-08-08,6.5490
1977-08-09,6.5490
1977-08-10,6.5520
1977-08-11,6.5560
1977-08-12,6.5590
1977-08-13,6.5590
1977-08-15,6.5600
1977-08-16,6.5610
1977-08-17,6.6080
1977-08-18,6.6290
1977-08-19,6.6300
1977-08-22,6.6200
1977-08-23,6.6440
1977-08-24,6.6380
1977-08-25,6.6490
1977-08-26,6.6500
1977-08-27,6.6500
1977-08-29,6.6510
1977-08-30,6.6370
1977-08-31,6.6210
1977-09-01,6.6220
1977-09-02,6.6230
1977-09-03,6.6230
1977-09-05,6.6250
1977-09-06,6.6250
1977-09-07,6.6480
1977-09-08,6.6750
1977-09-09,6.6780
1977-09-10,6.6710
1977-09-12,6.6950
1977-09-13,6.6950
1977-09-14,6.7080
1977-09-16,6.7090
1977-09-19,6.7110
1977-09-20,6.7110
1977-09-21,6.7120
1977-09-22,6.7120
1977-09-24,6.7130
1977-09-26,6.7140
1977-09-27,6.7150
1977-09-28,6.7160
1977-09-29,6.7160
1977-09-30,6.7170
1977-10-01,6.7170
1977-10-03,6.7180
1977-10-04,6.7190
1977-10-05,6.7200
1977-10-06,6.7230
1977-10-07,6.7270
1977-10-08,6.7260
1977-10-11,6.7270
1977-10-12,6.7750
1977-10-13,6.7760
1977-10-14,6.7760
1977-10-17,6.7760
1977-10-18,6.7770
1977-10-19,6.7770
1977-10-20,6.7780
1977-10-21,6.7920
1977-10-22,6.7930
1977-10-24,6.7800
1977-10-25,6.7520
1977-10-26,6.7450
1977-10-27,6.6680
1977-10-28,6.6550
1977-10-29,6.4940
1977-10-31,6.4900
1977-11-01,6.4820
1977-11-02,6.4830
1977-11-04,6.4830
1977-11-05,6.4830
1977-11-07,6.4830
1977-11-08,6.4840
1977-11-09,6.4840
1977-11-10,6.4840
1977-11-11,6.4840
1977-11-12,6.4840
1977-11-14,6.4870
1977-11-15,6.4870
1977-11-16,6.4580
1977-11-17,6.4510
1977-11-18,6.4510
1977-11-21,6.4710
1977-11-22,6.4770
1977-11-24,6.4640
1977-11-25,6.4500
1977-11-26,6.4500
1977-11-28,6.4490
1977-11-29,6.4360
1977-11-30,6.4220
1977-12-01,6.4090
1977-12-02,6.4090
1977-12-03,6.4080
1977-12-05,6.4080
1977-12-06,6.4140
1977-12-07,6.3960
1977-12-08,6.3950
1977-12-09,6.3950
1977-12-10,6.3940
1977-12-12,6.3930
1977-12-13,6.4380
1977-12-14,6.4820
1977-12-15,6.4820
1977-12-16,6.3900
1977-12-19,6.3890
1977-12-20,6.3680
1977-12-21,6.3460
1977-12-22,6.3250
1977-12-23,6.3090
1977-12-24,6.2970
1977-12-26,6.1970
1977-12-27,6.1500
1977-12-28,6.1050
1978-01-04,6.0970
1978-01-05,6.0960
1978-01-06,6.0950
1978-01-07,6.0940
1978-01-09,6.0910
1978-01-10,6.0900
1978-01-11,6.0890
1978-01-12,6.0880
1978-01-13,6.0870
1978-01-14,6.0860
1978-01-17,5.9870
1978-01-18,5.8740
1978-01-19,5.8720
1978-01-20,5.8700
1978-01-23,5.8650
1978-01-24,5.8630
1978-01-25,5.8640
1978-01-26,5.8660
1978-01-27,5.8680
1978-01-28,5.8680
1978-01-30,5.6420
1978-01-31,5.6400
1978-02-01,5.6380
1978-02-02,5.6360
1978-02-03,5.6340
1978-02-04,5.6410
1978-02-06,5.6380
1978-02-07,5.7200
1978-02-08,5.6730
1978-02-09,5.7130
1978-02-10,5.7100
1978-02-13,5.7050
1978-02-14,5.7070
1978-02-15,5.7810
1978-02-16,5.8220
1978-02-17,5.8200
1978-02-20,5.8800
1978-02-21,5.8970
1978-02-22,5.8640
1978-02-23,5.8580
1978-02-24,5.8250
1978-02-25,5.7920
1978-02-27,5.7070
1978-02-28,5.6900
1978-03-01,5.6880
1978-03-02,5.6860
1978-03-03,5.6940
1978-03-04,5.6900
1978-03-06,5.6860
1978-03-07,5.6840
1978-03-08,5.6720
1978-03-09,5.6670
1978-03-10,5.6580
1978-03-11,5.6560
1978-03-13,5.6360
1978-03-14,5.6390
1978-03-15,5.6290
1978-03-16,5.6150
1978-03-17,5.6100
1978-03-20,5.5970
1978-03-22,5.5930
1978-03-23,5.5900
1978-03-24,5.5970
1978-03-25,5.5770
1978-03-27,5.5720
1978-03-28,5.5690
1978-03-29,5.5670
1978-03-30,5.5640
1978-03-31,5.5590
1978-04-01,5.5560
1978-04-03,5.5470
1978-04-04,5.5140
1978-04-05,5.4930
1978-04-06,5.4660
1978-04-07,5.4800
1978-04-08,5.5120
1978-04-10,5.5230
1978-04-11,5.5360
1978-04-12,5.5310
1978-04-13,5.5290
1978-04-14,5.5260
1978-04-17,5.5170
1978-04-18,5.5140
1978-04-19,5.5110
1978-04-20,5.5200
1978-04-21,5.5340
1978-04-22,5.5320
1978-04-24,5.5440
1978-04-25,5.5410
1978-04-26,5.5380
1978-04-27,5.5360
1978-04-28,5.5330
1978-05-01,5.5250
1978-05-02,5.5220
1978-05-04,5.5160
1978-05-06,5.5110
1978-05-08,5.5050
1978-05-09,5.5020
1978-05-10,5.4990
1978-05-11,5.4960
1978-05-12,5.4890
1978-05-13,5.4860
1978-05-15,5.4800
1978-05-16,5.4010
1978-05-17,5.3980
1978-05-18,5.3950
1978-05-19,5.3910
1979-08-22,7.6320
1979-08-23,7.6320
1979-08-24,7.6320
1979-08-25,7.6830
1979-08-27,7.6830
1979-08-28,7.6830
1979-08-29,7.7350
1979-08-30,7.7350
1979-08-31,7.7350
1979-09-01,7.7350
1979-09-03,7.7350
1979-09-04,7.7350
1979-09-05,7.7320
1979-09-06,7.7320
1979-09-07,7.7320
1979-09-08,7.7320
1979-09-10,7.7320
1979-09-11,7.7320
1979-09-12,7.7330
1979-09-13,7.7330
1979-09-14,7.7330
1979-09-17,7.7330
1979-09-18,7.7330
1979-09-19,7.7340
1979-09-20,7.7340
1979-09-21,7.7340
1979-09-22,7.7340
1979-09-25,7.7350
1979-09-26,7.7350
1979-09-27,7.7350
1979-09-28,7.7350
1979-09-29,7.7360
1979-10-01,7.7360
1979-10-02,7.7360
1979-10-03,7.7360
1979-10-04,7.7370
1979-10-05,7.7370
1979-10-06,7.7370
1979-10-08,7.7380
1979-10-09,7.8170
1979-10-11,7.8710
1979-10-12,7.9500
1979-10-13,8.0310
1979-10-15,8.0350
1979-10-16,8.0890
1979-10-17,8.0900
1979-10-18,8.1060
1979-10-19,8.0850
1979-10-22,8.0870
1979-10-23,8.1690
1979-10-24,8.2250
1979-10-25,8.2510
1979-10-26,8.2520
1979-10-27,8.2530
1979-10-29,8.2550
1979-10-30,8.2560
1979-10-31,8.2570
1979-11-01,8.2580
1979-11-02,8.2590
1979-11-05,8.2620
1979-11-06,8.2630
1979-11-07,8.2640
1979-11-08,8.3190
1979-11-09,8.3750
1979-11-10,8.3760
1979-11-12,8.3780
1979-11-13,8.3790
1979-11-14,8.4350
1979-11-15,8.4360
1979-11-16,8.4370
1979-11-19,8.4390
1979-11-20,8.4370
1979-11-21,8.4490
1979-11-22,8.4400
1979-11-24,8.5040
1979-11-26,8.5140
1979-11-27,8.5160
1979-11-28,8.5170
1979-11-29,8.5180
1979-11-30,8.5150
1979-12-01,8.5160
1979-12-03,8.5190
1979-12-04,8.5200
1979-12-05,8.5220
1979-12-06,8.5230
1979-12-07,8.5250
1979-12-08,8.5260
1979-12-10,8.5290
1979-12-11,8.5300
1979-12-12,8.5320
1979-12-13,8.5330
1979-12-14,8.5350
1979-12-17,8.5390
1979-12-18,8.5410
1979-12-19,8.5420
1979-12-20,8.5440
1979-12-21,8.5450
1979-12-22,8.5470
1979-12-24,8.5500
1979-12-25,8.5510
1979-12-26,8.5530
1979-12-27,8.5540
1979-12-28,8.5560
1980-01-04,8.5670
1980-01-05,8.5680
1980-01-07,8.5720
1980-01-08,8.4980
1980-01-09,8.5000
1980-01-10,8.5010
1980-01-11,8.5030
1980-01-12,8.5050
1980-01-14,8.5080
1980-01-16,8.5120
1980-01-17,8.3940
1980-01-18,8.3960
1980-01-21,8.4010
1980-01-22,8.4040
1980-01-23,8.4060
1980-01-24,8.4080
1980-01-25,8.4100
1980-01-26,8.4110
1980-01-28,8.4150
1980-01-29,8.4170
1980-01-30,8.4190
1980-01-31,8.4210
1980-02-01,8.4220
1980-02-02,8.4240
1980-02-04,8.4280
1980-02-05,8.4300
1980-02-06,8.4310
1980-02-07,8.5160
1980-02-08,8.5460
1980-02-09,8.5480
1980-02-12,8.5540
1980-02-13,8.6120
1980-02-14,8.6140
1980-02-15,8.6720
1980-02-18,8.7640
1980-02-19,8.8850
1980-02-20,8.9860
1980-02-21,9.1740
1980-02-22,9.3260
1980-02-23,9.3330
1980-02-25,9.3380
1980-02-26,9.3350
1980-02-27,9.3370
1980-02-28,9.3400
1980-02-29,9.3290
1980-03-01,9.3320
1980-03-03,9.3400
1980-03-04,9.7370
1980-03-05,9.7400
1980-03-06,9.7420
1980-03-07,10.0210
1980-03-08,10.3090
1980-03-10,10.5960
1980-03-11,10.8700
1980-03-12,10.8740
1980-03-13,10.8780
1980-03-14,10.8820
1980-03-17,10.8940
1980-03-18,10.8970
1980-03-19,10.9010
1980-03-21,10.9090
1980-03-22,10.9130
1980-03-24,10.9210
1980-03-25,10.9120
1980-03-26,10.9160
1980-03-27,10.9200
1980-03-28,10.9240
1980-03-29,10.9290
1980-03-31,10.9370
1980-04-01,11.2360
1980-04-02,11.5360
1980-04-03,11.8400
1980-04-04,12.1450
1980-04-05,12.1160
1980-04-07,12.1270
1980-04-08,12.1330
1980-04-09,12.1390
1980-04-10,12.0840
1980-04-11,11.9690
1980-04-12,11.8540
1980-04-14,11.8650
1980-04-15,11.8730
1980-04-16,11.8780
1980-04-17,11.8840
1980-04-18,11.8890
1980-04-21,11.9060
1980-04-22,11.7320
1980-04-23,11.5590
1980-04-24,11.3840
1980-04-25,10.7990
1980-04-26,10.8040
1980-04-28,10.8140
1980-04-30,10.8230
1980-05-01,10.7260
1980-05-02,10.6370
1980-05-06,10.4590
1980-05-07,10.1850
1980-05-08,9.9980
1980-05-09,9.8170
1980-05-10,9.7240
1980-05-12,9.5420
1980-05-13,9.4470
1980-05-14,9.3590
1980-05-15,9.2650
1980-05-16,9.1720
1980-05-19,9.1810
1980-05-20,9.1770
1980-05-21,9.2340
1980-05-22,9.2450
1980-05-23,9.2230
1980-05-24,9.2270
1980-05-26,9.1280
1980-05-27,9.0360
1980-05-28,9.0390
1980-05-29,9.0420
1980-05-30,9.0450
1980-05-31,9.0270
1980-06-02,9.0330
1980-06-03,8.9360
1980-06-04,8.9340
1980-06-05,8.8380
1980-06-06,8.8410
1980-06-07,8.8440
1980-06-09,8.8500
1980-06-10,8.8550
1980-06-11,8.8620
1980-06-12,8.8460
1980-06-13,8.8450
1980-06-14,8.8480
1980-06-16,8.8600
1980-06-17,8.7610
1980-06-18,8.7640
1980-06-19,8.7670
1980-06-20,8.7700
1980-06-23,8.7780
1980-06-24,8.7810
1980-06-25,8.7840
1980-06-26,8.7870
1980-06-27,8.7890
1980-06-28,8.7920
1980-06-30,8.7980
1980-07-01,8.8010
1980-07-02,8.8040
1980-07-03,8.8060
1980-07-04,8.8080
1980-07-05,8.8110
1980-07-07,8.8160
1980-07-08,8.8190
1980-07-09,8.8230
1980-07-10,8.8260
1980-07-11,8.8300
1980-07-12,8.8330
1980-07-14,8.8390
1980-07-15,8.8630
1980-07-16,8.8670
1980-07-17,8.8700
1980-07-18,8.9100
1980-07-21,8.9610
1980-07-22,8.9980
1980-07-23,9.0450
1980-07-24,9.0920
1980-07-25,9.0950
1980-07-26,9.1350
1980-07-28,9.1800
1980-07-29,9.1840
1980-07-30,9.1870
1980-07-31,9.1910
1980-08-01,9.1940
1980-08-02,9.2320
1980-08-04,9.3210
1980-08-05,9.3250
1980-08-06,9.3290
1980-08-07,9.3320
1980-08-08,9.3360
1980-08-09,9.3690
1980-08-11,9.3760
1980-08-12,9.3800
1980-08-13,9.3840
1980-08-14,9.3880
1980-08-15,9.3920
1980-08-18,9.4040
1980-08-19,9.4080
1980-08-20,9.4050
1980-08-21,9.3360
1980-08-22,9.3790
1980-08-23,9.3820
1980-08-25,9.3880
1980-08-26,9.3920
1980-08-27,9.3950
1980-08-28,9.3980
1980-08-29,9.4310
1980-08-30,9.4350
1980-09-01,9.4410
1980-09-02,9.4720
1980-09-03,9.4760
1980-09-04,9.3810
1980-09-05,9.3840
1980-09-06,9.3870
1980-09-08,9.3940
1980-09-09,9.3320
1980-09-10,9.3360
1980-09-11,9.3330
1980-09-12,9.3800
1980-09-13,9.3830
1980-09-16,9.4080
1980-09-17,9.4710
1980-09-18,9.4740
1980-09-19,9.4780
1980-09-22,9.4890
1980-09-24,9.5490
1980-09-25,9.5530
1980-09-26,9.5570
1980-09-27,9.5600
1980-09-29,9.5440
1980-09-30,9.5480
1980-10-01,9.6590
1980-10-02,9.6620
1980-10-03,9.6660
1980-10-04,9.6700
1980-10-06,9.6780
1980-10-07,9.6820
1980-10-08,9.6860
1980-10-09,9.6900
1980-10-11,9.6980
1980-10-13,9.7060
1980-10-14,9.7100
1980-10-15,9.6600
1980-10-16,9.5700
1980-10-17,9.5730
1980-10-20,9.3900
1980-10-21,9.3930
1980-10-22,9.3970
1980-10-23,9.4010
1980-10-24,9.2970
1980-10-25,9.3010
1980-10-27,9.3080
1980-10-28,9.3120
1980-10-29,9.3160
1980-10-30,9.3190
1980-10-31,9.3230
1980-11-01,9.3260
1980-11-04,9.3020
1980-11-05,9.3000
1980-11-06,9.3040
1980-11-07,9.3020
1980-11-08,9.3060
1980-11-10,9.3020
1980-11-11,9.3050
1980-11-12,9.3030
1980-11-13,9.3070
1980-11-14,9.3050
1980-11-17,9.3050
1980-11-18,9.3090
1980-11-19,9.3120
1980-11-20,9.3280
1980-11-21,9.2450
1980-11-22,9.3060
1980-11-25,9.3970
1980-11-26,9.4850
1980-11-27,9.5780
1980-11-28,9.6730
1980-11-29,9.6700
1980-12-01,9.6770
1980-12-02,9.6810
1980-12-03,9.6840
1980-12-04,9.6870
1980-12-05,9.6850
1980-12-06,9.6890
1980-12-08,9.6960
1980-12-09,9.7000
1980-12-10,9.7050
1980-12-11,9.7050
1980-12-12,9.7060
1980-12-13,9.7090
1980-12-15,9.7160
1980-12-16,9.7200
1980-12-17,9.7230
1980-12-18,9.7270
1980-12-19,9.7300
1980-12-22,9.7400
1980-12-23,9.7440
1980-12-24,9.7460
1980-12-25,9.7500
1980-12-26,9.7530
1980-12-27,9.7570
1981-01-05,9.7350
1981-01-06,9.6490
1981-01-07,9.6530
1981-01-08,9.1690
1981-01-09,8.9800
1981-01-10,8.9840
1981-01-12,8.8370
1981-01-13,8.8400
1981-01-14,8.8430
1981-01-16,8.8840
1981-01-19,8.9150
1981-01-20,8.9180
1981-01-21,8.9210
1981-01-22,8.8850
1981-01-23,8.8880
1981-01-24,8.8690
1981-01-26,8.8750
1981-01-27,8.8500
1981-01-28,8.8250
1981-01-29,8.7500
1981-01-30,8.7530
1981-01-31,8.6530
1981-02-02,8.6590
1981-02-03,8.6560
1981-02-04,8.6590
1981-02-05,8.5590
1981-02-06,8.5620
1981-02-07,8.5660
1981-02-09,8.5720
1981-02-10,8.6080
1981-02-12,8.6140
1981-02-13,8.7070
1981-02-14,8.7100
1981-02-16,8.7500
1981-02-17,8.7530
1981-02-18,8.7560
1981-02-19,8.7130
1981-02-20,8.7270
1981-02-23,8.7420
1981-02-24,8.7440
1981-02-25,8.7470
1981-02-26,8.7500
1981-02-27,8.7520
1981-02-28,8.7540
1981-03-02,8.7490
1981-03-03,8.7510
1981-03-04,8.7530
1981-03-05,8.7040
1981-03-06,8.7060
1981-03-07,8.6270
1981-03-09,8.6100
1981-03-10,8.5570
1981-03-11,8.5310
1981-03-12,8.4810
1981-03-13,8.3870
1981-03-14,8.3400
1981-03-16,8.1520
1981-03-17,8.1500
1981-03-18,8.1060
1981-03-19,8.0980
1981-03-20,8.0950
1981-03-23,8.0970
1981-03-24,8.0990
1981-03-25,8.1010
1981-03-26,8.0980
1981-03-27,8.1040
1981-03-28,8.0070
1981-03-30,8.0060
1981-03-31,8.0080
1981-04-01,8.0130
1981-04-02,7.8740
1981-04-03,7.8760
1981-04-04,7.8780
1981-04-06,7.8820
1981-04-07,7.8850
1981-04-08,7.8750
1981-04-09,7.8780
1981-04-10,7.8800
1981-04-11,7.8820
1981-04-13,7.9710
1981-04-14,7.9730
1981-04-15,7.9750
1981-04-16,7.9770
1981-04-17,7.9790
1981-04-20,7.9860
1981-04-21,7.9880
1981-04-22,7.9910
1981-04-23,7.9930
1981-04-24,7.9960
1981-04-25,7.9980
1981-04-27,8.0030
1981-04-28,8.0050
1981-04-30,8.0260
1981-05-01,8.0560
1981-05-02,8.0580
1981-05-06,8.0610
1981-05-07,8.1070
1981-05-08,8.1260
1981-05-09,8.1280
1981-05-11,8.1330
1981-05-12,8.2190
1981-05-13,8.3170
1981-05-14,8.4540
1981-05-15,8.5020
1981-05-18,8.5100
1981-05-19,8.5130
1981-05-20,8.4880
1981-05-21,8.5110
1981-05-22,8.6900
1981-05-23,8.6970
1981-05-25,8.7020
1981-05-26,8.7050
1981-05-27,8.6970
1981-05-28,8.6990
1981-05-29,8.7010
1981-05-30,8.7020
1981-06-01,8.7050
1981-06-02,8.7020
1981-06-03,8.7050
1981-06-04,8.7080
1981-06-05,8.7450
1981-06-06,8.7480
1981-06-08,8.7540
1981-06-09,8.7560
1981-06-10,8.7580
1981-06-11,8.7610
1981-06-12,8.7630
1981-06-13,8.7660
1981-06-15,8.7560
1981-06-16,8.7570
1981-06-17,8.7590
1981-06-18,8.7620
1981-06-19,8.7650
1981-06-22,8.7720
1981-06-23,8.7520
1981-06-24,8.7540
1981-06-25,8.7570
1981-06-26,8.7590
1981-06-27,8.6640
1981-06-29,8.6690
1981-06-30,8.6130
1981-07-01,8.6150
1981-07-02,8.5220
1981-07-03,8.5240
1981-07-04,8.5270
1981-07-06,8.5260
1981-07-07,8.5220
1981-07-08,8.5240
1981-07-09,8.5250
1981-07-10,8.5270
1981-07-11,8.5230
1981-07-13,8.5270
1981-07-14,8.5240
1981-07-15,8.5260
1981-07-16,8.5280
1981-07-17,8.5250
1981-07-20,8.5250
1981-07-21,8.5280
1981-07-22,8.5300
1981-07-23,8.4300
1981-07-24,8.4320
1981-07-25,8.4340
1981-07-27,8.4320
1981-07-28,8.4320
1981-07-29,8.4750
1981-07-30,8.4770
1981-07-31,8.4740
1981-08-01,8.4730
1981-08-03,8.5210
1981-08-04,8.5230
1981-08-05,8.5260
1981-08-06,8.5280
1981-08-07,8.5310
1981-08-08,8.5330
1981-08-10,8.5380
1981-08-11,8.5410
1981-08-12,8.5260
1981-08-13,8.5280
1981-08-14,8.5310
1981-08-17,8.5270
1981-08-18,8.5300
1981-08-19,8.5330
1981-08-20,8.5170
1981-08-21,8.4640
1981-08-22,8.4650
1981-08-24,8.5020
1981-08-25,8.5030
1981-08-26,8.5030
1981-08-27,8.5030
1981-08-28,8.6250
1981-08-29,8.6280
1981-08-31,8.6220
1981-09-01,8.6250
1981-09-02,8.6280
1981-09-03,8.5720
1981-09-04,8.5780
1981-09-05,8.5820
1981-09-07,8.4920
1981-09-08,8.4980
1981-09-09,8.5000
1981-09-10,8.5020
1981-09-11,8.5040
1981-09-12,8.5100
1981-09-14,8.5100
1981-09-16,8.4610
1981-09-17,8.4620
1981-09-18,8.4660
1981-09-21,8.4670
1981-09-22,8.4620
1981-09-24,8.4640
1981-09-25,8.4650
1981-09-26,8.4630
1981-09-28,8.4680
1981-09-29,8.4710
1981-09-30,8.4740
1981-10-01,8.4710
1981-10-02,8.4770
1981-10-03,8.4790
1981-10-05,8.4270
1981-10-06,8.4300
1981-10-07,8.4310
1981-10-08,8.4330
1981-10-09,8.3810
1981-10-12,8.3880
1981-10-13,8.3330
1981-10-14,8.3360
1981-10-15,8.3320
1981-10-16,8.3330
1981-10-19,8.3340
1981-10-20,8.3360
1981-10-21,8.3380
1981-10-22,8.3390
1981-10-23,8.3410
1981-10-24,8.3440
1981-10-26,8.3490
1981-10-27,8.3410
1981-10-28,8.3430
1981-10-29,8.3460
1981-10-30,8.3480
1981-10-31,8.2500
1981-11-02,8.2500
1981-11-04,8.2500
1981-11-05,8.2530
1981-11-06,8.2050
1981-11-07,8.2080
1981-11-09,8.2130
1981-11-10,8.2100
1981-11-11,8.2130
1981-11-12,8.1660
1981-11-13,8.1240
1981-11-14,8.1200
1981-11-16,8.1230
1981-11-17,8.1250
1981-11-18,8.1210
1981-11-19,8.0340
1981-11-20,8.0480
1981-11-24,7.9670
1981-11-25,7.9730
1981-11-26,7.9680
1981-11-27,7.9200
1981-11-28,7.9200
1981-11-30,7.9170
1981-12-01,7.9180
1981-12-02,7.8550
1981-12-03,7.7460
1981-12-04,7.6580
1981-12-05,7.6580
1981-12-07,7.6420
1981-12-08,7.6080
1981-12-09,7.5840
1981-12-10,7.5570
1981-12-11,7.5580
1981-12-12,7.5580
1981-12-14,7.5780
1981-12-15,7.5780
1981-12-16,7.5790
1981-12-17,7.5780
1981-12-18,7.5790
1981-12-21,7.6070
1981-12-22,7.6070
1981-12-23,7.5580
1981-12-24,7.5590
1981-12-25,7.5590
1981-12-26,7.5600
1981-12-28,7.5140
1982-01-04,7.4970
1982-01-05,7.4970
1982-01-06,7.4980
1982-01-07,7.4740
1982-01-08,7.4140
1982-01-09,7.3620
1982-01-11,7.3120
1982-01-12,7.3120
1982-01-13,7.3120
1982-01-14,7.3130
1982-01-18,7.3120
1982-01-19,7.3430
1982-01-20,7.3430
1982-01-21,7.3640
1982-01-22,7.3640
1982-01-23,7.3640
1982-01-25,7.4110
1982-01-26,7.4590
1982-01-27,7.4590
1982-01-28,7.4600
1982-01-29,7.4610
1982-01-30,7.4350
1982-02-01,7.4370
1982-02-02,7.4690
1982-02-03,7.5350
1982-02-04,7.5350
1982-02-05,7.5350
1982-02-06,7.5360
1982-02-08,7.5370
1982-02-09,7.5870
1982-02-10,7.6140
1982-02-12,7.6360
1982-02-13,7.6370
1982-02-15,7.6370
1982-02-16,7.6380
1982-02-17,7.6220
1982-02-18,7.5890
1982-02-19,7.5030
1982-02-22,7.4010
1982-02-23,7.4180
1982-02-24,7.4190
1982-02-25,7.4210
1982-02-26,7.4200
1982-02-27,7.4190
1982-03-01,7.4250
1982-03-02,7.3870
1982-03-03,7.3340
1982-03-04,7.3080
1982-03-05,7.2240
1982-03-06,7.2270
1982-03-08,7.1390
1982-03-09,7.1310
1982-03-10,7.1280
1982-03-11,7.1260
1982-03-12,7.1260
1982-03-13,7.1260
1982-03-15,7.1240
1982-03-16,7.0790
1982-03-17,7.0820
1982-03-18,7.0390
1982-03-19,7.0360
1982-03-23,7.0790
1982-03-24,7.0790
1982-03-25,7.0790
1982-03-26,7.0840
1982-03-27,7.0840
1982-03-29,7.1280
1982-03-30,7.1280
1982-03-31,7.1280
1982-04-01,7.1900
1982-04-02,7.1900
1982-04-03,7.1890
1982-04-05,7.1880
1982-04-06,7.2150
1982-04-07,7.2140
1982-04-08,7.2140
1982-04-09,7.2130
1982-04-10,7.2130
1982-04-12,7.2120
1982-04-13,7.1900
1982-04-14,7.1900
1982-04-15,7.1900
1982-04-16,7.1390
1982-04-19,7.1380
1982-04-20,7.1390
1982-04-21,7.1240
1982-04-22,7.1230
1982-04-23,7.1230
1982-04-24,7.1230
1982-04-26,7.1220
1982-04-27,7.1220
1982-04-28,7.1210
1982-04-30,7.1200
1982-05-01,7.1130
1982-05-04,7.1120
1982-05-06,7.1110
1982-05-07,7.0790
1982-05-08,7.0780
1982-05-10,7.0770
1982-05-11,7.0820
1982-05-12,7.0810
1982-05-13,7.0800
1982-05-14,7.1010
1982-05-17,7.1100
1982-05-18,7.1690
1982-05-19,7.2170
1982-05-20,7.2140
1982-05-21,7.2180
1982-05-22,7.2200
1982-05-24,7.2600
1982-05-25,7.3510
1982-05-26,7.4440
1982-05-27,7.5380
1982-05-28,7.5380
1982-05-29,7.5550
1982-05-31,7.5970
1982-06-01,7.6410
1982-06-02,7.6930
1982-06-03,7.7780
1982-06-04,7.8440
1982-06-05,7.9130
1982-06-07,7.9130
1982-06-08,7.9140
1982-06-09,7.9620
1982-06-10,7.9600
1982-06-11,7.9620
1982-06-12,7.9640
1982-06-14,7.9660
1982-06-15,7.9650
1982-06-16,7.9610
1982-06-17,8.0360
1982-06-18,8.0500
1982-06-21,8.0510
1982-06-22,8.0510
1982-06-23,8.0530
1982-06-24,8.0570
1982-06-25,8.1040
1982-06-26,8.1030
1982-06-28,8.1340
1982-06-29,8.1350
1982-06-30,8.1380
1982-07-01,8.1530
1982-07-02,8.1570
1982-07-03,8.1590
1982-07-05,8.1630
1982-07-06,8.1640
1982-07-07,8.1650
1982-07-08,8.1660
1982-07-09,8.1690
1982-07-10,8.1240
1982-07-12,8.0780
1982-07-13,8.0640
1982-07-14,8.0650
1982-07-15,8.0660
1982-07-16,8.0810
1982-07-19,8.0380
1982-07-20,8.0390
1982-07-21,8.0400
1982-07-22,7.9900
1982-07-23,7.9920
1982-07-24,7.9930
1982-07-26,7.9940
1982-07-27,7.9940
1982-07-28,7.9950
1982-07-29,7.9960
1982-07-30,7.9980
1982-07-31,7.9990
1982-08-02,8.0010
1982-08-03,7.9690
1982-08-04,7.9700
1982-08-05,7.9700
1982-08-06,7.9700
1982-08-07,7.9980
1982-08-09,8.0000
1982-08-10,8.0000
1982-08-11,8.0500
1982-08-12,8.0950
1982-08-13,8.0970
1982-08-14,8.0980
1982-08-16,8.1000
1982-08-17,8.1010
1982-08-18,8.0530
1982-08-19,7.9600
1982-08-20,7.9410
1982-08-23,7.9590
1982-08-24,7.9670
1982-08-25,7.9940
1982-08-26,7.9690
1982-08-27,7.9670
1982-08-28,7.9670
1982-08-30,7.9670
1982-08-31,7.9860
1982-09-01,7.9560
1982-09-02,7.9560
1982-09-03,7.9560
1982-09-04,7.9570
1982-09-06,7.9580
1982-09-07,7.9590
1982-09-08,7.9590
1982-09-09,7.9600
1982-09-10,7.9700
1982-09-11,7.9880
1982-09-13,7.9900
1982-09-14,7.9900
1982-09-16,8.0050
1982-09-17,8.0060
1982-09-20,8.0160
1982-09-21,8.0450
1982-09-22,8.0370
1982-09-24,8.0200
1982-09-25,8.0200
1982-09-27,8.0220
1982-09-28,8.0550
1982-09-29,8.0270
1982-09-30,8.0280
1982-10-01,8.0280
1982-10-02,8.0490
1982-10-04,8.0550
1982-10-05,8.0870
1982-10-06,8.1130
1982-10-07,8.0990
1982-10-08,8.0560
1982-10-09,8.0370
1982-10-12,8.0490
1982-10-13,8.0540
1982-10-14,8.0550
1982-10-15,8.0560
1982-10-18,8.0420
1982-10-19,8.0430
1982-10-20,8.0430
1982-10-21,8.0330
1982-10-22,8.0130
1982-10-23,8.0140
1982-10-25,8.0150
1982-10-26,8.0150
1982-10-27,8.0160
1982-10-28,8.0160
1982-10-29,8.0010
1982-10-30,7.9910
1982-11-01,7.9910
1982-11-02,7.9690
1982-11-04,7.9700
1982-11-05,7.9710
1982-11-06,7.9560
1982-11-08,7.9570
1982-11-09,7.9310
1982-11-10,7.9320
1982-11-11,7.9320
1982-11-12,7.9330
1982-11-13,7.9340
1982-11-15,7.9350
1982-11-16,7.9350
1982-11-17,7.9360
1982-11-18,7.9370
1982-11-19,7.9430
1982-11-22,7.8370
1982-11-24,7.8370
1982-11-25,7.8400
1982-11-26,7.8400
1982-11-27,7.8260
1982-11-29,7.7950
1982-11-30,7.7500
1982-12-01,7.6240
1982-12-02,7.5360
1982-12-03,7.5180
1982-12-04,7.5030
1982-12-06,7.5140
1982-12-07,7.4280
1982-12-08,7.3040
1982-12-09,7.3170
1982-12-10,7.4020
1982-12-11,7.4030
1982-12-13,7.4200
1982-12-14,7.4010
1982-12-15,7.3420
1982-12-16,7.2820
1982-12-17,7.2990
1982-12-20,7.2570
1982-12-21,7.2390
1982-12-22,7.1160
1982-12-23,7.1160
1982-12-24,7.0150
1982-12-25,7.0650
1982-12-27,7.0630
1982-12-28,7.0650
1983-01-04,6.9170
1983-01-05,6.9220
1983-01-06,6.9410
1983-01-07,6.9390
1983-01-08,6.9380
1983-01-10,6.8710
1983-01-11,6.8240
1983-01-12,6.8080
1983-01-13,6.7290
1983-01-14,6.6980
1983-01-17,6.6990
1983-01-18,6.7190
1983-01-19,6.8000
1983-01-20,6.8560
1983-01-21,6.9180
1983-01-22,7.1060
1983-01-24,7.2980
1983-01-25,7.3480
1983-01-26,7.1600
1983-01-27,7.1640
1983-01-28,7.0610
1983-01-29,7.0910
1983-01-31,7.1430
1983-02-01,7.1430
1983-02-02,7.0630
1983-02-03,7.0690
1983-02-04,7.0680
1983-02-05,7.0680
1983-02-07,7.0670
1983-02-08,7.0500
1983-02-09,7.0340
1983-02-10,7.0240
1983-02-12,7.0070
1983-02-14,6.9900
1983-02-15,6.9680
1983-02-16,6.9410
1983-02-17,6.9510
1983-02-18,6.9980
1983-02-21,7.0160
1983-02-22,7.0350
1983-02-23,7.0600
1983-02-24,7.0300
1983-02-25,6.9960
1983-02-26,6.9560
1983-02-28,6.9570
1983-03-01,6.9810
1983-03-02,6.9810
1983-03-03,6.9800
1983-03-04,7.0080
1983-03-05,7.0230
1983-03-07,7.0270
1983-03-08,7.0650
1983-03-09,7.1150
1983-03-10,7.1120
1983-03-11,7.1500
1983-03-12,7.1770
1983-03-14,7.1750
1983-03-15,7.1760
1983-03-16,7.1560
1983-03-17,7.1610
1983-03-18,7.0920
1983-03-22,7.0500
1983-03-23,7.0500
1983-03-24,7.0500
1983-03-25,7.0050
1983-03-26,7.0020
1983-03-28,7.0000
1983-03-29,7.0040
1983-03-30,7.0030
1983-03-31,7.0020
1983-04-01,6.9790
1983-04-02,6.9580
1983-04-04,6.9610
1983-04-05,6.9600
1983-04-06,6.9590
1983-04-07,6.9290
1983-04-08,6.9290
1983-04-09,6.9070
1983-04-11,6.9110
1983-04-12,6.8880
1983-04-13,6.8850
1983-04-14,6.8890
1983-04-15,6.8880
1983-04-18,6.8900
1983-04-19,6.8890
1983-04-20,6.8880
1983-04-21,6.9070
1983-04-22,6.8920
1983-04-23,6.8910
1983-04-25,6.8640
1983-04-26,6.8630
1983-04-27,6.8620
1983-04-28,6.8450
1983-04-30,6.8430
1983-05-02,6.8460
1983-05-04,6.8290
1983-05-06,6.7990
1983-05-07,6.7710
1983-05-09,6.7540
1983-05-10,6.7530
1983-05-11,6.7520
1983-05-12,6.7710
1983-05-13,6.7700
1983-05-14,6.7740
1983-05-16,6.7940
1983-05-17,6.8040
1983-05-18,6.8240
1983-05-19,6.8340
1983-05-20,6.8140
1983-05-23,6.9310
1983-05-24,6.9460
1983-05-25,6.9280
1983-05-26,6.9260
1983-05-27,6.9550
1983-05-28,6.9710
1983-05-30,6.9890
1983-05-31,6.9890
1983-06-01,7.0170
1983-06-02,6.9930
1983-06-03,6.9930
1983-06-04,6.9900
1983-06-06,6.9760
1983-06-07,6.9760
1983-06-08,7.0010
1983-06-09,7.0010
1983-06-10,6.9760
1983-06-11,6.9290
1983-06-13,6.9340
1983-06-14,6.9140
1983-06-15,6.9100
1983-06-16,6.9300
1983-06-17,6.9060
1983-06-20,6.8770
1983-06-21,6.8660
1983-06-22,6.8650
1983-06-23,6.8640
1983-06-24,6.8490
1983-06-25,6.8390
1983-06-27,6.8420
1983-06-28,6.8520
1983-06-29,6.8610
1983-06-30,6.8510
1983-07-01,6.8350
1983-07-02,6.8340
1983-07-04,6.8330
1983-07-05,6.8370
1983-07-06,6.8560
1983-07-07,6.8370
1983-07-08,6.8560
1983-07-09,6.8550
1983-07-11,6.8590
1983-07-12,6.8580
1983-07-13,6.8570
1983-07-14,6.8620
1983-07-15,6.8610
1983-07-18,6.8540
1983-07-19,6.8340
1983-07-20,6.8290
1983-07-21,6.8280
1983-07-22,6.8580
1983-07-23,6.8670
1983-07-25,6.8850
1983-07-26,6.8840
1983-07-27,6.8990
1983-07-28,6.9130
1983-07-29,6.9550
1983-07-30,6.9850
1983-08-01,7.0160
1983-08-02,7.0150
1983-08-03,7.0150
1983-08-04,7.0150
1983-08-05,7.0200
1983-08-06,7.0190
1983-08-08,7.0180
1983-08-09,7.0380
1983-08-10,7.0480
1983-08-11,7.0960
1983-08-12,7.0790
1983-08-15,7.0350
1983-08-16,7.0340
1983-08-17,7.0340
1983-08-18,7.0220
1983-08-19,7.0330
1983-08-20,7.0070
1983-08-22,7.0030
1983-08-23,6.9770
1983-08-24,6.9670
1983-08-25,6.9850
1983-08-26,6.9840
1983-08-27,6.9840
1983-08-29,6.9990
1983-08-30,6.9900
1983-08-31,6.9720
1983-09-01,6.9760
1983-09-02,6.9560
1983-09-03,6.9390
1983-09-05,6.9410
1983-09-06,6.9220
1983-09-07,6.9210
1983-09-08,6.8910
1983-09-09,6.8570
1983-09-12,6.8340
1983-09-13,6.8600
1983-09-14,6.8760
1983-09-16,6.8750
1983-09-17,6.8520
1983-09-19,6.8280
1983-09-20,6.8280
1983-09-21,6.8180
1983-09-22,6.8170
1983-09-24,6.7820
1983-09-26,6.7580
1983-09-27,6.7580
1983-09-28,6.7840
1983-09-29,6.7840
1983-09-30,6.7690
1983-10-01,6.7390
1983-10-03,6.7130
1983-10-04,6.7230
1983-10-05,6.7060
1983-10-06,6.6590
1983-10-07,6.6380
1983-10-11,6.6680
1983-10-12,6.7070
1983-10-13,6.7360
1983-10-14,6.8010
1983-10-15,6.7850
1983-10-17,6.7470
1983-10-18,6.7360
1983-10-19,6.7660
1983-10-20,6.7490
1983-10-21,6.7070
1983-10-22,6.7110
1983-10-24,6.6980
1983-10-25,6.7020
1983-10-26,6.6790
1983-10-27,6.6730
1983-10-28,6.6510
1983-10-29,6.6490
1983-10-31,6.6510
1983-11-01,6.6500
1983-11-02,6.6430
1983-11-04,6.6400
1983-11-05,6.6440
1983-11-07,6.6410
1983-11-08,6.6440
1983-11-09,6.6530
1983-11-10,6.6510
1983-11-11,6.6710
1983-11-14,6.6720
1983-11-15,6.6710
1983-11-16,6.6690
1983-11-17,6.6730
1983-11-18,6.6460
1983-11-19,6.6290
1983-11-21,6.5510
1983-11-22,6.5580
1983-11-24,6.5760
1983-11-25,6.6020
1983-11-26,6.5910
1983-11-28,6.5880
1983-11-29,6.5920
1983-11-30,6.5660
1983-12-01,6.5640
1983-12-02,6.5680
1983-12-03,6.5670
1983-12-05,6.5650
1983-12-06,6.5680
1983-12-07,6.5670
1983-12-08,6.5300
1983-12-09,6.4840
1983-12-12,6.5230
1983-12-13,6.5230
1983-12-14,6.5300
1983-12-15,6.5240
1983-12-16,6.5010
1983-12-17,6.4900
1983-12-19,6.4920
1983-12-20,6.4670
1983-12-21,6.4490
1983-12-22,6.4300
1983-12-23,6.4040
1983-12-24,6.4010
1983-12-26,6.4050
1983-12-27,6.4030
1983-12-28,6.3830
1984-01-04,6.3910
1984-01-05,6.4080
1984-01-06,6.4570
1984-01-07,6.4410
1984-01-09,6.4690
1984-01-10,6.4980
1984-01-11,6.4980
1984-01-12,6.4610
1984-01-13,6.4460
1984-01-17,6.4390
1984-01-18,6.4220
1984-01-19,6.3700
1984-01-20,6.3740
1984-01-21,6.3730
1984-01-23,6.3760
1984-01-24,6.3750
1984-01-25,6.3750
1984-01-26,6.3580
1984-01-27,6.3100
1984-01-28,6.2930
1984-01-30,6.2910
1984-01-31,6.2950
1984-02-01,6.2830
1984-02-02,6.2920
1984-02-03,6.2760
1984-02-04,6.2590
1984-02-06,6.2520
1984-02-07,6.2300
1984-02-08,6.2240
1984-02-09,6.2020
1984-02-10,6.2270
1984-02-13,6.2400
1984-02-14,6.2710
1984-02-15,6.2700
1984-02-16,6.2640
1984-02-17,6.2530
1984-02-18,6.2630
1984-02-20,6.2950
1984-02-21,6.3260
1984-02-22,6.3280
1984-02-23,6.3270
1984-02-24,6.3490
1984-02-25,6.3480
1984-02-27,6.3700
1984-02-28,6.3910
1984-02-29,6.3990
1984-03-01,6.4130
1984-03-02,6.4140
1984-03-03,6.4060
1984-03-05,6.3940
1984-03-06,6.3940
1984-03-07,6.3820
1984-03-08,6.3810
1984-03-09,6.3780
1984-03-12,6.3810
1984-03-13,6.3860
1984-03-14,6.3680
1984-03-15,6.2960
1984-03-16,6.3140
1984-03-17,6.3140
1984-03-19,6.3150
1984-03-21,6.3190
1984-03-22,6.3020
1984-03-23,6.3040
1984-03-24,6.3050
1984-03-26,6.3010
1984-03-27,6.2930
1984-03-28,6.2860
1984-03-29,6.2850
1984-03-30,6.2830
1984-03-31,6.2850
1984-04-02,6.2560
1984-04-03,6.2750
1984-04-04,6.3110
1984-04-05,6.3190
1984-04-06,6.3520
1984-04-07,6.3300
1984-04-09,6.3320
1984-04-10,6.3100
1984-04-11,6.2630
1984-04-12,6.2460
1984-04-13,6.2450
1984-04-16,6.2560
1984-04-17,6.2520
1984-04-18,6.2250
1984-04-19,6.2340
1984-04-20,6.2380
1984-04-21,6.2160
1984-04-23,6.2070
1984-04-24,6.2210
1984-04-25,6.2190
1984-04-26,6.2380
1984-04-27,6.2570
1984-04-28,6.3080
1984-05-01,6.3610
1984-05-02,6.3800
1984-05-04,6.3400
1984-05-07,6.4300
1984-05-08,6.4860
1984-05-09,6.4800
1984-05-10,6.5100
1984-05-11,6.5080
1984-05-14,6.5410
1984-05-15,6.5610
1984-05-16,6.5700
1984-05-17,6.5900
1984-05-18,6.6690
1984-05-19,6.6460
1984-05-21,6.6150
1984-05-22,6.6270
1984-05-23,6.6510
1984-05-24,6.6470
1984-05-25,6.6740
1984-05-26,6.7690
1984-05-28,6.7800
1984-05-29,6.7930
1984-05-30,6.9220
1984-05-31,6.9580
1984-06-01,6.8940
1984-06-02,6.8350
1984-06-04,6.8370
1984-06-05,6.8160
1984-06-06,6.8350
1984-06-07,6.8280
1984-06-08,6.7960
1984-06-11,6.7790
1984-06-12,6.7660
1984-06-13,6.7750
1984-06-14,6.7690
1984-06-15,6.7690
1984-06-16,6.7670
1984-06-18,6.7700
1984-06-19,6.7700
1984-06-20,6.7880
1984-06-21,6.7960
1984-06-22,6.7990
1984-06-23,6.8170
1984-06-25,6.8440
1984-06-26,6.8250
1984-06-27,6.8090
1984-06-28,6.8100
1984-06-29,6.7890
1984-06-30,6.7830
1984-07-02,6.7800
1984-07-03,6.7880
1984-07-04,6.7720
1984-07-05,6.7610
1984-07-06,6.7640
1984-07-07,6.7630
1984-07-09,6.7510
1984-07-10,6.7140
1984-07-11,6.6960
1984-07-12,6.6860
1984-07-13,6.6690
1984-07-16,6.6400
1984-07-17,6.6500
1984-07-18,6.6690
1984-07-19,6.6790
1984-07-20,6.7090
1984-07-21,6.7390
1984-07-23,6.7690
1984-07-24,6.7630
1984-07-25,6.7520
1984-07-26,6.7310
1984-07-27,6.7360
1984-07-28,6.7560
1984-07-30,6.7550
1984-07-31,6.7490
1984-08-01,6.7590
1984-08-02,6.7480
1984-08-03,6.7220
1984-08-04,6.6750
1984-08-06,6.6580
1984-08-07,6.6990
1984-08-08,6.6870
1984-08-09,6.6710
1984-08-10,6.6600
1984-08-13,6.6730
1984-08-14,6.6350
1984-08-15,6.5860
1984-08-16,6.5850
1984-08-17,6.5470
1984-08-18,6.5090
1984-08-20,6.5040
1984-08-21,6.4950
1984-08-22,6.4950
1984-08-23,6.4960
1984-08-24,6.4840
1984-08-25,6.4830
1984-08-27,6.4840
1984-08-28,6.4810
1984-08-29,6.4710
1984-08-30,6.4610
1984-08-31,6.4600
1984-09-01,6.4530
1984-09-03,6.4110
1984-09-04,6.3960
1984-09-05,6.3950
1984-09-06,6.4050
1984-09-07,6.3890
1984-09-10,6.3890
1984-09-11,6.3680
1984-09-12,6.3390
1984-09-13,6.3420
1984-09-14,6.3230
1984-09-17,6.3220
1984-09-18,6.3240
1984-09-19,6.3240
1984-09-20,6.2860
1984-09-21,6.2970
1984-09-22,6.3060
1984-09-25,6.3190
1984-09-26,6.3550
1984-09-27,6.3490
1984-09-28,6.3500
1984-09-29,6.3480
1984-10-01,6.3310
1984-10-02,6.3350
1984-10-03,6.3230
1984-10-04,6.3190
1984-10-05,6.3240
1984-10-06,6.3150
1984-10-08,6.3190
1984-10-09,6.3570
1984-10-11,6.3300
1984-10-12,6.3200
1984-10-15,6.3160
1984-10-16,6.3160
1984-10-17,6.3350
1984-10-18,6.3190
1984-10-19,6.2790
1984-10-20,6.2230
1984-10-22,6.1950
1984-10-23,6.1790
1984-10-24,6.1780
1984-10-25,6.2140
1984-10-26,6.2260
1984-10-27,6.2240
1984-10-29,6.2270
1984-10-30,6.2140
1984-10-31,6.2180
1984-11-01,6.1970
1984-11-02,6.1710
1984-11-05,6.1660
1984-11-06,6.1840
1984-11-07,6.1620
1984-11-08,6.1910
1984-11-09,6.1740
1984-11-12,6.1940
1984-11-13,6.1880
1984-11-14,6.1860
1984-11-15,6.2260
1984-11-16,6.2350
1984-11-17,6.2340
1984-11-19,6.2730
1984-11-20,6.2580
1984-11-21,6.2640
1984-11-22,6.2460
1984-11-24,6.2430
1984-11-26,6.2320
1984-11-27,6.2060
1984-11-28,6.1970
1984-11-29,6.1670
1984-11-30,6.1580
1984-12-01,6.1650
1984-12-03,6.1570
1984-12-04,6.1330
1984-12-05,6.1120
1984-12-06,6.1380
1984-12-07,6.1430
1984-12-10,6.1600
1984-12-11,6.1690
1984-12-12,6.1880
1984-12-13,6.1470
1984-12-14,6.1490
1984-12-15,6.1470
1984-12-17,6.1340
1984-12-18,6.1170
1984-12-19,6.0840
1984-12-20,6.0690
1984-12-21,6.0480
1984-12-22,6.0450
1984-12-24,6.0460
1984-12-25,6.0360
1984-12-26,6.0220
1984-12-27,6.0110
1984-12-28,5.9890
1985-01-04,5.9970
1985-01-05,6.0200
1985-01-07,6.0250
1985-01-08,5.9820
1985-01-09,5.9510
1985-01-10,5.9550
1985-01-11,5.9530
1985-01-14,5.9540
1985-01-16,5.9470
1985-01-17,5.9450
1985-01-18,5.9440
1985-01-19,5.9370
1985-01-21,5.9150
1985-01-22,5.9190
1985-01-23,5.9170
1985-01-24,5.9160
1985-01-25,5.9000
1985-01-26,5.8880
1985-01-28,5.8810
1985-01-29,5.8850
1985-01-30,5.8830
1985-01-31,5.8930
1985-02-01,5.9220
1985-02-02,5.9410
1985-02-04,5.9700
1985-02-05,6.0200
1985-02-06,6.0400
1985-02-07,6.1380
1985-02-08,6.3520
1985-02-12,6.4990
1985-02-13,6.5580
1985-02-14,6.5190
1985-02-15,6.4340
1985-02-16,6.3860
1985-02-18,6.3900
1985-02-19,6.4050
1985-02-20,6.4550
1985-02-21,6.4370
1985-02-22,6.5440
1985-02-23,6.6390
1985-02-25,6.5930
1985-02-26,6.5470
1985-02-27,6.5500
1985-02-28,6.5830
1985-03-01,6.5760
1985-03-02,6.5440
1985-03-04,6.4920
1985-03-05,6.5320
1985-03-06,6.5730
1985-03-07,6.6220
1985-03-08,6.5560
1985-03-11,6.5580
1985-03-12,6.5370
1985-03-13,6.5410
1985-03-14,6.5480
1985-03-15,6.5790
1985-03-16,6.5790
1985-03-18,6.5840
1985-03-19,6.6040
1985-03-20,6.5860
1985-03-22,6.5450
1985-03-23,6.5640
1985-03-25,6.5490
1985-03-26,6.5440
1985-03-27,6.5050
1985-03-28,6.4890
1985-03-29,6.4860
1985-03-30,6.5060
1985-04-01,6.5130
1985-04-02,6.5220
1985-04-03,6.5110
1985-04-04,6.5060
1985-04-05,6.5150
1985-04-06,6.5240
1985-04-08,6.5230
1985-04-09,6.5230
1985-04-10,6.5380
1985-04-11,6.5250
1985-04-12,6.4940
1985-04-15,6.4780
1985-04-16,6.4880
1985-04-17,6.4990
1985-04-18,6.5090
1985-04-19,6.4630
1985-04-20,6.4840
1985-04-22,6.4770
1985-04-23,6.4770
1985-04-24,6.4770
1985-04-25,6.4860
1985-04-26,6.5060
1985-04-27,6.5000
1985-04-30,6.4980
1985-05-01,6.4830
1985-05-02,6.4820
1985-05-04,6.4700
1985-05-07,6.4740
1985-05-08,6.4620
1985-05-09,6.4560
1985-05-10,6.4550
1985-05-13,6.4480
1985-05-14,6.4260
1985-05-15,6.4300
1985-05-16,6.4300
1985-05-17,6.4500
1985-05-18,6.4500
1985-05-20,6.4140
1985-05-21,6.4640
1985-05-22,6.4380
1985-05-23,6.4430
1985-05-24,6.4200
1985-05-25,6.4010
1985-05-27,6.4000
1985-05-28,6.4120
1985-05-29,6.4080
1985-05-30,6.4070
1985-05-31,6.4110
1985-06-01,6.3970
1985-06-03,6.4010
1985-06-04,6.3600
1985-06-05,6.3300
1985-06-06,6.3310
1985-06-07,6.3550
1985-06-10,6.3740
1985-06-11,6.3760
1985-06-12,6.3830
1985-06-13,6.4010
1985-06-14,6.3830
1985-06-15,6.3620
1985-06-17,6.3610
1985-06-18,6.3580
1985-06-19,6.3620
1985-06-20,6.3710
1985-06-21,6.3490
1985-06-22,6.3170
1985-06-24,6.3190
1985-06-25,6.3250
1985-06-26,6.3130
1985-06-27,6.3100
1985-06-28,6.3190
1985-06-29,6.3170
1985-07-01,6.3050
1985-07-02,6.2900
1985-07-03,6.2890
1985-07-04,6.2870
1985-07-05,6.2870
1985-07-06,6.2610
1985-07-08,6.2400
1985-07-09,6.2540
1985-07-10,6.2350
1985-07-11,6.2160
1985-07-12,6.2090
1985-07-15,6.1900
1985-07-16,6.2080
1985-07-17,6.2070
1985-07-18,6.2070
1985-07-19,6.1800
1985-07-20,6.1680
1985-07-22,6.1760
1985-07-23,6.1590
1985-07-24,6.1670
1985-07-25,6.1870
1985-07-26,6.2050
1985-07-27,6.2500
1985-07-29,6.2630
1985-07-30,6.3200
1985-07-31,6.2930
1985-08-01,6.2730
1985-08-02,6.2720
1985-08-03,6.2750
1985-08-05,6.2730
1985-08-06,6.2620
1985-08-07,6.2670
1985-08-08,6.2350
1985-08-09,6.2380
1985-08-12,6.2250
1985-08-13,6.2190
1985-08-14,6.2180
1985-08-15,6.2010
1985-08-16,6.1790
1985-08-17,6.1630
1985-08-19,6.1450
1985-08-20,6.1420
1985-08-21,6.1300
1985-08-22,6.1020
1985-08-23,6.1090
1985-08-24,6.1180
1985-08-26,6.1340
1985-08-27,6.1170
1985-08-28,6.0930
1985-08-29,6.0770
1985-08-30,6.1000
1985-08-31,6.1270
1985-09-02,6.1360
1985-09-03,6.1350
1985-09-04,6.1360
1985-09-05,6.1170
1985-09-06,6.1450
1985-09-07,6.1730
1985-09-09,6.1620
1985-09-10,6.1530
1985-09-11,6.1620
1985-09-12,6.1710
1985-09-13,6.1560
1985-09-17,6.1300
1985-09-18,6.1400
1985-09-19,6.1590
1985-09-20,6.1400
1985-09-21,6.1390
1985-09-24,6.0700
1985-09-25,6.0450
1985-09-26,6.0980
1985-09-27,6.0940
1985-09-28,6.0750
1985-09-30,6.0640
1985-10-01,6.0440
1985-10-02,6.0200
1985-10-03,6.0410
1985-10-04,6.0860
1985-10-05,6.1500
1985-10-07,6.1790
1985-10-08,6.1520
1985-10-09,6.1520
1985-10-11,6.1710
1985-10-14,6.1650
1985-10-15,6.1530
1985-10-16,6.1620
1985-10-17,6.1510
1985-10-18,6.1310
1985-10-19,6.1140
1985-10-21,6.1140
1985-10-22,6.1330
1985-10-23,6.1330
1985-10-24,6.1620
1985-10-25,6.6380
1985-10-26,6.7650
1985-10-28,6.9070
1985-10-29,6.8610
1985-10-30,6.8310
1985-10-31,6.8310
1985-11-01,6.9670
1985-11-02,6.9200
1985-11-05,6.8730
1985-11-06,6.8580
1985-11-07,6.8090
1985-11-08,6.8950
1985-11-11,6.9610
1985-11-12,6.9760
1985-11-13,7.0810
1985-11-14,7.2240
1985-11-15,7.2520
1985-11-16,7.2530
1985-11-18,7.2930
1985-11-19,7.3270
1985-11-20,7.2350
1985-11-21,7.0170
1985-11-22,6.9320
1985-11-25,6.8840
1985-11-26,6.7860
1985-11-27,6.7960
1985-11-28,6.7580
1985-11-29,6.7480
1985-11-30,6.7390
1985-12-02,6.7400
1985-12-03,6.7370
1985-12-04,6.6890
1985-12-05,6.6380
1985-12-06,6.6380
1985-12-07,6.6190
1985-12-09,6.6000
1985-12-10,6.5390
1985-12-11,6.4590
1985-12-12,6.4590
1985-12-13,6.4600
1985-12-16,6.2700
1985-12-17,6.2300
1985-12-18,6.2140
1985-12-19,6.2140
1985-12-20,6.1210
1985-12-21,6.1230
1985-12-23,6.0930
1985-12-24,6.0570
1985-12-25,6.0410
1985-12-26,6.0110
1985-12-27,5.9320
1985-12-28,5.9120
1986-01-04,5.9160
1986-01-06,5.9230
1986-01-07,5.9230
1986-01-08,5.8870
1986-01-09,5.9220
1986-01-10,5.9940
1986-01-13,5.9940
1986-01-14,5.9960
1986-01-16,6.0030
1986-01-17,6.0130
1986-01-18,6.0390
1986-01-20,6.1360
1986-01-21,6.1370
1986-01-22,6.1430
1986-01-23,6.1480
1986-01-24,6.1540
1986-01-25,6.0360
1986-01-27,6.0560
1986-01-28,6.0560
1986-01-29,5.9950
1986-01-30,5.9410
1986-01-31,5.8660
1986-02-01,5.8660
1986-02-03,5.8500
1986-02-04,5.8600
1986-02-05,5.8750
1986-02-06,5.8810
1986-02-07,5.8920
1986-02-10,5.9110
1986-02-12,5.8740
1986-02-13,5.8950
1986-02-14,5.8520
1986-02-15,5.8570
1986-02-17,5.8450
1986-02-18,5.8290
1986-02-19,5.8230
1986-02-20,5.7480
1986-02-21,5.7400
1986-02-22,5.6670
1986-02-24,5.6190
1986-02-25,5.5620
1986-02-26,5.5190
1986-02-27,5.4180
1986-02-28,5.3290
1986-03-01,5.3330
1986-03-03,5.3320
1986-03-04,5.3110
1986-03-05,5.3100
1986-03-06,5.2500
1986-03-07,5.2010
1986-03-10,5.1710
1986-03-11,5.0550
1986-03-12,4.9590
1986-03-13,4.9280
1986-03-14,4.9570
1986-03-15,4.9280
1986-03-17,4.9010
1986-03-18,4.9000
1986-03-19,4.9180
1986-03-20,4.8980
1986-03-22,4.8430
1986-03-24,4.8200
1986-03-25,4.8220
1986-03-26,4.8120
1986-03-27,4.7900
1986-03-28,4.8130
1986-03-29,4.8420
1986-03-31,4.8340
1986-04-01,4.8420
1986-04-02,4.8410
1986-04-03,4.8590
1986-04-04,4.9600
1986-04-05,4.9640
1986-04-07,4.9580
1986-04-08,4.9730
1986-04-09,4.9740
1986-04-10,4.9730
1986-04-11,4.9220
1986-04-14,4.8790
1986-04-15,4.8780
1986-04-16,4.8590
1986-04-17,4.8120
1986-04-18,4.7400
1986-04-19,4.7020
1986-04-21,4.6540
1986-04-22,4.6330
1986-04-23,4.6150
1986-04-24,4.6130
1986-04-25,4.6110
1986-04-26,4.5950
1986-04-28,4.6170
1986-04-30,4.6340
1986-05-01,4.6830
1986-05-02,4.6760
1986-05-06,4.6730
1986-05-07,4.6610
1986-05-08,4.6640
1986-05-09,4.6420
1986-05-12,4.6520
1986-05-13,4.6440
1986-05-14,4.6110
1986-05-15,4.5940
1986-05-16,4.6130
1986-05-17,4.6110
1986-05-19,4.6120
1986-05-20,4.6170
1986-05-21,4.7170
1986-05-22,4.7160
1986-05-23,4.7220
1986-05-24,4.7420
1986-05-26,4.7410
1986-05-27,4.7620
1986-05-28,4.8070
1986-05-29,4.9600
1986-05-30,4.9910
1986-05-31,5.0150
1986-06-02,5.0630
1986-06-03,5.1520
1986-06-04,5.1520
1986-06-05,5.1740
1986-06-06,5.1840
1986-06-07,5.1350
1986-06-09,5.1560
1986-06-10,5.1720
1986-06-11,5.1710
1986-06-12,5.1930
1986-06-13,5.1730
1986-06-16,5.1500
1986-06-17,5.1650
1986-06-18,5.1720
1986-06-19,5.1780
1986-06-20,5.1970
1986-06-21,5.2000
1986-06-23,5.2160
1986-06-24,5.2070
1986-06-25,5.1700
1986-06-26,5.1510
1986-06-27,5.0870
1986-06-28,4.9980
1986-06-30,4.9500
1986-07-01,4.9200
1986-07-02,4.9730
1986-07-03,4.9520
1986-07-04,4.9410
1986-07-05,4.9130
1986-07-07,4.9000
1986-07-08,4.9170
1986-07-09,4.9210
1986-07-10,4.9000
1986-07-11,4.8890
1986-07-14,4.8900
1986-07-15,4.8910
1986-07-16,4.9030
1986-07-17,4.9020
1986-07-18,4.9010
1986-07-19,4.8740
1986-07-21,4.8710
1986-07-22,4.8750
1986-07-23,4.8830
1986-07-24,4.8670
1986-07-25,4.8700
1986-07-26,4.8740
1986-07-28,4.8920
1986-07-29,4.8960
1986-07-30,4.9000
1986-07-31,4.8840
1986-08-01,4.8780
1986-08-02,4.8820
1986-08-04,4.8740
1986-08-05,4.8880
1986-08-06,4.8970
1986-08-07,4.8960
1986-08-08,4.8990
1986-08-11,4.8950
1986-08-12,4.8940
1986-08-13,4.8920
1986-08-14,4.8850
1986-08-15,4.8740
1986-08-18,4.8590
1986-08-19,4.8520
1986-08-20,4.8210
1986-08-21,4.7920
1986-08-22,4.7020
1986-08-23,4.6270
1986-08-25,4.6500
1986-08-26,4.6390
1986-08-27,4.6410
1986-08-28,4.6520
1986-08-29,4.6440
1986-08-30,4.6420
1986-09-01,4.6350
1986-09-02,4.6380
1986-09-03,4.6910
1986-09-04,4.6790
1986-09-05,4.6760
1986-09-06,4.7630
1986-09-08,4.7680
1986-09-09,4.7820
1986-09-10,4.7790
1986-09-11,4.7780
1986-09-12,4.8410
1986-09-16,4.8440
1986-09-17,4.8180
1986-09-18,4.8220
1986-09-19,4.8050
1986-09-22,4.7950
1986-09-24,4.7730
1986-09-25,4.7810
1986-09-26,4.8100
1986-09-27,4.8080
1986-09-29,4.8200
1986-09-30,4.8460
1986-10-01,4.8840
1986-10-02,4.8750
1986-10-03,4.8700
1986-10-04,4.8580
1986-10-06,4.8480
1986-10-07,4.8460
1986-10-08,4.8570
1986-10-09,4.8650
1986-10-13,4.8920
1986-10-14,4.8790
1986-10-15,4.8770
1986-10-16,4.8760
1986-10-17,4.9100
1986-10-20,4.9560
1986-10-21,4.9540
1986-10-22,4.9830
1986-10-23,4.9170
1986-10-24,4.9110
1986-10-25,4.8880
1986-10-27,4.8900
1986-10-28,4.8890
1986-10-29,4.8570
1986-10-30,4.6590
1986-10-31,4.6570
1986-11-01,4.6400
1986-11-04,4.6600
1986-11-05,4.6480
1986-11-06,4.6300
1986-11-07,4.6290
1986-11-10,4.6480
1986-11-11,4.6350
1986-11-12,4.6170
1986-11-13,4.6150
1986-11-14,4.6340
1986-11-17,4.6550
1986-11-18,4.6370
1986-11-19,4.6390
1986-11-20,4.6470
1986-11-21,4.6610
1986-11-22,4.6150
1986-11-25,4.6140
1986-11-26,4.6280
1986-11-27,4.6430
1986-11-28,4.6420
1986-11-29,4.6400
1986-12-01,4.6550
1986-12-02,4.6480
1986-12-03,4.6250
1986-12-04,4.5790
1986-12-05,4.5390
1986-12-06,4.5420
1986-12-08,4.5380
1986-12-09,4.5520
1986-12-10,4.5500
1986-12-11,4.5590
1986-12-12,4.5620
1986-12-15,4.5610
1986-12-16,4.5480
1986-12-17,4.5410
1986-12-18,4.5310
1986-12-19,4.5380
1986-12-22,4.5330
1986-12-23,4.5240
1986-12-24,4.5060
1986-12-25,4.4590
1986-12-26,4.4490
1986-12-27,4.4350
1987-01-05,4.4310
1987-01-06,4.4150
1987-01-07,4.3840
1987-01-08,4.3560
1987-01-09,4.3570
1987-01-12,4.3000
1987-01-13,4.2830
1987-01-14,4.2790
1987-01-16,4.2380
1987-01-19,4.1960
1987-01-20,4.1630
1987-01-21,4.1390
1987-01-22,4.0940
1987-01-23,4.0290
1987-01-24,4.0420
1987-01-26,4.0030
1987-01-27,3.9730
1987-01-28,3.9460
1987-01-29,3.9140
1987-01-30,3.9420
1987-01-31,3.9810
1987-02-02,3.9530
1987-02-03,3.9540
1987-02-04,3.9420
1987-02-05,3.9240
1987-02-06,3.9160
1987-02-07,3.9340
1987-02-09,3.9220
1987-02-10,3.8950
1987-02-12,3.9140
1987-02-13,3.9470
1987-02-16,3.9680
1987-02-17,3.9950
1987-02-18,4.0280
1987-02-19,3.9790
1987-02-20,3.9700
1987-02-23,3.9760
1987-02-24,3.9670
1987-02-25,3.9310
1987-02-26,3.9310
1987-02-27,3.9310
1987-02-28,3.9250
1987-03-02,3.8560
1987-03-03,3.8570
1987-03-04,3.8250
1987-03-05,3.8190
1987-03-06,3.8170
1987-03-07,3.8120
1987-03-09,3.8110
1987-03-10,3.8050
1987-03-11,3.7800
1987-03-12,3.7340
1987-03-13,3.6970
1987-03-16,3.6280
1987-03-17,3.6270
1987-03-18,3.6260
1987-03-19,3.6280
1987-03-20,3.6280
1987-03-23,3.5470
1987-03-24,3.5460
1987-03-25,3.5430
1987-03-26,3.5420
1987-03-27,3.5430
1987-03-28,3.5120
1987-03-30,3.5080
1987-03-31,3.5060
1987-04-01,3.4970
1987-04-02,3.4700
1987-04-03,3.4720
1987-04-04,3.4520
1987-04-06,3.4500
1987-04-07,3.4360
1987-04-08,3.3960
1987-04-09,3.3750
1987-04-10,3.3750
1987-04-13,3.3460
1987-04-14,3.3460
1987-04-15,3.3100
1987-04-16,3.3080
1987-04-17,3.3070
1987-04-20,3.3130
1987-04-21,3.3110
1987-04-22,3.3110
1987-04-23,3.3110
1987-04-24,3.2830
1987-04-25,3.2490
1987-04-27,3.2490
1987-04-28,3.2560
1987-04-30,3.2560
1987-05-01,3.2170
1987-05-02,3.1570
1987-05-06,3.1540
1987-05-07,3.1440
1987-05-08,3.1570
1987-05-11,3.1700
1987-05-12,3.1240
1987-05-13,3.1270
1987-05-14,3.1290
1987-05-15,3.2320
1987-05-18,3.2830
1987-05-19,3.2940
1987-05-20,3.2790
1987-05-21,3.2790
1987-05-22,3.2590
1987-05-23,3.2550
1987-05-25,3.2550
1987-05-26,3.2560
1987-05-27,3.2460
1987-05-28,3.2460
1987-05-29,3.2570
1987-05-30,3.3070
1987-06-01,3.3480
1987-06-02,3.3470
1987-06-03,3.3470
1987-06-04,3.3480
1987-06-05,3.3520
1987-06-06,3.3530
1987-06-08,3.3420
1987-06-09,3.3420
1987-06-10,3.3230
1987-06-11,3.3240
1987-06-12,3.3120
1987-06-15,3.3330
1987-06-16,3.3600
1987-06-17,3.3910
1987-06-18,3.3910
1987-06-19,3.4700
1987-06-22,3.5930
1987-06-23,3.6040
1987-06-24,3.6140
1987-06-25,3.6250
1987-06-26,3.6930
1987-06-27,3.6960
1987-06-29,3.7150
1987-06-30,3.7250
1987-07-01,3.7000
1987-07-02,3.7280
1987-07-03,3.7700
1987-07-04,3.8690
1987-07-06,3.9680
1987-07-07,3.9700
1987-07-08,4.0700
1987-07-09,4.1190
1987-07-10,4.1490
1987-07-13,4.1220
1987-07-14,4.0990
1987-07-15,4.1200
1987-07-16,4.1190
1987-07-17,4.1410
1987-07-20,4.1440
1987-07-21,4.1450
1987-07-22,4.1470
1987-07-23,4.1430
1987-07-24,4.1240
1987-07-25,4.0760
1987-07-27,4.0780
1987-07-28,4.0230
1987-07-29,4.0280
1987-07-30,4.0330
1987-07-31,4.0380
1987-08-01,4.0150
1987-08-03,4.0450
1987-08-04,4.0900
1987-08-05,4.0700
1987-08-06,4.0460
1987-08-07,4.0310
1987-08-10,4.0460
1987-08-11,4.0710
1987-08-12,4.0530
1987-08-13,4.0530
1987-08-14,4.0570
1987-08-17,4.0730
1987-08-18,4.0490
1987-08-19,4.0340
1987-08-20,4.0080
1987-08-21,3.9680
1987-08-22,3.9230
1987-08-24,3.9090
1987-08-25,3.9450
1987-08-26,3.9090
1987-08-27,3.8930
1987-08-28,3.9290
1987-08-29,3.9410
1987-08-31,3.9470
1987-09-01,3.9510
1987-09-02,3.9280
1987-09-03,3.9840
1987-09-04,3.9880
1987-09-05,4.0190
1987-09-07,4.0390
1987-09-08,4.0650
1987-09-09,4.0520
1987-09-10,4.0570
1987-09-11,4.0560
1987-09-14,4.0620
1987-09-16,4.0590
1987-09-17,4.0630
1987-09-18,4.0870
1987-09-21,4.1710
1987-09-22,4.2030
1987-09-24,4.2610
1987-09-25,4.3680
1987-09-26,4.4440
1987-09-28,4.5260
1987-09-29,4.8350
1987-09-30,4.8500
1987-10-01,4.8740
1987-10-02,4.8720
1987-10-03,4.9240
1987-10-05,5.0320
1987-10-06,5.0280
1987-10-07,5.0320
1987-10-08,5.0330
1987-10-09,5.0890
1987-10-12,5.0990
1987-10-13,5.0800
1987-10-14,5.0850
1987-10-15,5.1200
1987-10-16,5.0910
1987-10-19,5.0640
1987-10-20,5.0190
1987-10-21,4.9490
1987-10-22,4.9040
1987-10-23,4.8630
1987-10-24,4.7970
1987-10-26,4.7030
1987-10-27,4.7070
1987-10-28,4.6300
1987-10-29,4.4850
1987-10-30,4.2380
1987-10-31,4.1880
1987-11-02,4.1740
1987-11-04,4.1840
1987-11-05,4.1340
1987-11-06,4.0390
1987-11-07,3.9430
1987-11-09,3.9530
1987-11-10,3.9370
1987-11-11,3.9380
1987-11-12,3.9430
1987-11-13,3.9980
1987-11-16,4.0380
1987-11-17,4.0430
1987-11-18,4.0480
1987-11-19,4.0480
1987-11-20,4.0310
1987-11-24,4.0500
1987-11-25,4.0050
1987-11-26,4.0090
1987-11-27,4.0140
1987-11-28,3.9910
1987-11-30,4.0010
1987-12-01,4.0060
1987-12-02,3.9880
1987-12-03,3.9930
1987-12-04,3.9980
1987-12-05,4.0040
1987-12-07,3.9820
1987-12-08,3.9870
1987-12-09,3.9820
1987-12-10,3.9850
1987-12-11,3.9710
1987-12-14,3.9860
1987-12-15,3.9770
1987-12-16,3.9740
1987-12-17,3.8430
1987-12-18,3.8470
1987-12-21,3.8620
1987-12-22,3.8670
1987-12-23,3.8310
1987-12-24,3.8360
1987-12-25,3.8360
1987-12-26,3.8410
1987-12-28,3.8040
1988-01-04,3.8250
1988-01-05,3.8300
1988-01-06,3.8350
1988-01-07,3.8400
1988-01-08,3.8350
1988-01-11,3.8250
1988-01-12,3.8190
1988-01-13,3.8250
1988-01-14,3.8000
1988-01-18,3.7780
1988-01-19,3.7600
1988-01-20,3.7650
1988-01-21,3.7700
1988-01-22,3.7750
1988-01-23,3.7510
1988-01-25,3.7650
1988-01-26,3.7690
1988-01-27,3.7750
1988-01-28,3.7660
1988-01-29,3.7270
1988-01-30,3.7310
1988-02-01,3.7170
1988-02-02,3.7210
1988-02-03,3.7250
1988-02-04,3.7300
1988-02-05,3.7200
1988-02-06,3.7250
1988-02-08,3.7390
1988-02-09,3.7450
1988-02-10,3.7000
1988-02-12,3.7100
1988-02-15,3.7300
1988-02-16,3.7100
1988-02-17,3.7140
1988-02-18,3.7190
1988-02-19,3.7240
1988-02-22,3.7150
1988-02-23,3.7200
1988-02-24,3.7250
1988-02-25,3.7300
1988-02-26,3.7350
1988-02-27,3.6950
1988-02-29,3.7000
1988-03-01,3.7050
1988-03-02,3.6850
1988-03-03,3.6900
1988-03-04,3.6650
1988-03-05,3.6290
1988-03-07,3.5550
1988-03-08,3.5600
1988-03-09,3.5650
1988-03-10,3.5540
1988-03-11,3.5600
1988-03-14,3.5750
1988-03-15,3.5710
1988-03-16,3.5240
1988-03-17,3.5290
1988-03-18,3.5170
1988-03-22,3.5390
1988-03-23,3.5240
1988-03-24,3.5010
1988-03-25,3.5060
1988-03-26,3.5110
1988-03-28,3.5250
1988-03-29,3.4970
1988-03-30,3.4910
1988-03-31,3.4960
1988-04-01,3.5040
1988-04-02,3.4870
1988-04-04,3.4780
1988-04-05,3.4830
1988-04-06,3.4300
1988-04-07,3.4350
1988-04-08,3.4400
1988-04-11,3.4590
1988-04-12,3.4490
1988-04-13,3.4640
1988-04-14,3.4680
1988-04-15,3.4770
1988-04-18,3.4630
1988-04-19,3.4720
1988-04-20,3.4420
1988-04-21,3.4470
1988-04-22,3.4530
1988-04-23,3.4390
1988-04-25,3.4480
1988-04-26,3.4530
1988-04-27,3.4630
1988-04-28,3.4330
1988-04-30,3.4470
1988-05-02,3.4570
1988-05-06,3.4810
1988-05-07,3.4660
1988-05-09,3.4810
1988-05-10,3.4950
1988-05-11,3.5240
1988-05-12,3.5290
1988-05-13,3.5380
1988-05-16,3.5630
1988-05-17,3.5660
1988-05-18,3.6010
1988-05-19,3.6910
1988-05-20,3.7450
1988-05-23,3.8150
1988-05-24,3.8140
1988-05-25,3.8190
1988-05-26,3.8490
1988-05-27,3.8740
1988-05-28,3.8790
1988-05-30,3.8670
1988-05-31,3.8710
1988-06-01,3.8760
1988-06-02,3.8470
1988-06-03,3.8510
1988-06-04,3.8350
1988-06-06,3.8170
1988-06-07,3.8260
1988-06-08,3.8310
1988-06-09,3.8460
1988-06-10,3.8330
1988-06-13,3.8490
1988-06-14,3.8670
1988-06-15,3.8830
1988-06-16,3.9090
1988-06-17,3.9060
1988-06-20,3.9520
1988-06-21,3.9570
1988-06-22,4.0040
1988-06-23,4.0140
1988-06-24,4.0290
1988-06-25,4.0750
1988-06-27,4.1370
1988-06-28,4.0900
1988-06-29,4.1450
1988-06-30,4.1430
1988-07-01,4.2180
1988-07-02,4.2750
1988-07-04,4.3630
1988-07-05,4.3680
1988-07-06,4.3480
1988-07-07,4.3250
1988-07-08,4.3790
1988-07-11,4.3940
1988-07-12,4.3750
1988-07-13,4.3620
1988-07-14,4.3370
1988-07-15,4.3130
1988-07-18,4.2690
1988-07-19,4.2260
1988-07-20,4.2310
1988-07-21,4.2750
1988-07-22,4.2510
1988-07-23,4.2070
1988-07-25,4.2170
1988-07-26,4.2220
1988-07-27,4.2270
1988-07-28,4.1830
1988-07-29,4.1630
1988-07-30,4.1480
1988-08-01,4.1580
1988-08-02,4.1580
1988-08-03,4.1830
1988-08-04,4.1880
1988-08-05,4.1930
1988-08-06,4.1570
1988-08-08,4.1670
1988-08-09,4.1720
1988-08-10,4.3780
1988-08-11,4.3670
1988-08-12,4.3720
1988-08-15,4.3770
1988-08-16,4.3820
1988-08-17,4.3360
1988-08-18,4.3410
1988-08-19,4.3460
1988-08-22,4.3610
1988-08-23,4.4270
1988-08-24,4.4070
1988-08-25,4.4120
1988-08-26,4.4680
1988-08-27,4.4690
1988-08-29,4.4740
1988-08-30,4.4790
1988-08-31,4.4840
1988-09-01,4.5880
1988-09-02,4.5730
1988-09-03,4.5310
1988-09-05,4.4570
1988-09-06,4.4620
1988-09-07,4.4150
1988-09-08,4.4200
1988-09-09,4.3940
1988-09-12,4.4070
1988-09-13,4.4120
1988-09-14,4.4170
1988-09-16,4.3540
1988-09-19,4.3690
1988-09-20,4.3940
1988-09-21,4.3690
1988-09-22,4.3490
1988-09-24,4.3590
1988-09-26,4.3690
1988-09-27,4.3330
1988-09-28,4.3250
1988-09-29,4.3310
1988-09-30,4.3080
1988-10-01,4.2630
1988-10-03,4.2530
1988-10-04,4.2270
1988-10-05,4.2160
1988-10-06,4.2210
1988-10-07,4.1960
1988-10-11,4.1360
1988-10-12,4.0420
1988-10-13,4.0390
1988-10-14,4.0440
1988-10-17,4.0590
1988-10-18,4.0410
1988-10-19,4.0260
1988-10-20,4.0310
1988-10-21,4.0360
1988-10-22,4.0460
1988-10-24,4.0290
1988-10-25,4.0350
1988-10-26,4.0400
1988-10-27,4.0550
1988-10-28,4.0340
1988-10-29,4.0290
1988-10-31,4.0390
1988-11-01,4.0170
1988-11-02,4.0220
1988-11-04,4.0320
1988-11-05,4.0370
1988-11-07,4.0340
1988-11-08,4.0190
1988-11-09,4.0040
1988-11-10,3.9770
1988-11-11,3.9620
1988-11-14,3.9620
1988-11-15,3.9670
1988-11-16,3.9440
1988-11-17,3.9490
1988-11-18,3.9540
1988-11-21,3.9480
1988-11-22,3.9250
1988-11-24,3.9350
1988-11-25,3.9500
1988-11-26,3.9700
1988-11-28,3.9400
1988-11-29,3.9450
1988-11-30,3.9400
1988-12-01,3.9450
1988-12-02,3.9330
1988-12-03,3.9380
1988-12-05,3.9470
1988-12-06,3.9070
1988-12-07,3.9330
1988-12-08,3.9380
1988-12-09,3.9320
1988-12-12,3.9020
1988-12-13,3.9070
1988-12-14,3.9120
1988-12-15,3.9170
1988-12-16,3.9410
1988-12-19,3.9150
1988-12-20,3.9200
1988-12-21,3.9260
1988-12-22,3.9310
1988-12-23,3.9090
1988-12-24,3.9140
1988-12-26,3.9240
1988-12-27,3.9290
1988-12-28,3.8970
1989-01-04,3.9330
1989-01-05,3.9580
1989-01-06,3.9680
1989-01-09,3.9630
1989-01-10,3.9300
1989-01-11,3.9470
1989-01-12,3.9500
1989-01-13,3.9550
1989-01-17,3.9640
1989-01-18,3.9690
1989-01-19,4.0070
1989-01-20,3.9890
1989-01-23,4.0040
1989-01-24,3.9600
1989-01-25,3.9650
1989-01-26,3.9700
1989-01-27,3.9750
1989-01-28,3.9600
1989-01-30,3.9800
1989-01-31,4.0160
1989-02-01,4.0060
1989-02-02,4.0110
1989-02-03,4.0160
1989-02-06,4.0340
1989-02-07,4.0390
1989-02-08,4.0390
1989-02-09,4.0540
1989-02-10,4.0220
1989-02-13,4.0460
1989-02-14,4.0620
1989-02-15,4.0760
1989-02-16,4.0920
1989-02-17,4.1170
1989-02-20,4.2020
1989-02-21,4.3090
1989-02-22,4.3650
1989-02-23,4.4270
1989-02-27,4.5190
1989-02-28,4.5240
1989-03-01,4.5290
1989-03-02,4.5500
1989-03-03,4.5550
1989-03-06,4.5670
1989-03-07,4.5930
1989-03-08,4.5970
1989-03-09,4.5810
1989-03-10,4.5490
1989-03-13,4.5790
1989-03-14,4.6340
1989-03-15,4.6800
1989-03-16,4.6880
1989-03-17,4.6700
1989-03-20,4.7340
1989-03-22,4.7020
1989-03-23,4.7050
1989-03-24,4.7100
1989-03-27,4.7220
1989-03-28,4.7270
1989-03-29,4.7320
1989-03-30,4.7270
1989-03-31,4.7020
1989-04-03,4.7170
1989-04-04,4.7190
1989-04-05,4.7220
1989-04-06,4.7370
1989-04-07,4.7420
1989-04-10,4.7520
1989-04-11,4.7580
1989-04-12,4.7630
1989-04-13,4.7650
1989-04-14,4.7580
1989-04-17,4.7690
1989-04-18,4.7740
1989-04-19,4.7360
1989-04-20,4.7410
1989-04-21,4.7620
1989-04-24,4.7770
1989-04-25,4.7770
1989-04-26,4.7650
1989-04-27,4.7700
1989-04-28,4.7750
1989-05-01,4.7850
1989-05-02,4.7660
1989-05-08,4.7860
1989-05-09,4.8110
1989-05-10,4.8520
1989-05-11,4.8510
1989-05-12,4.8580
1989-05-15,4.8680
1989-05-16,4.8990
1989-05-17,4.8850
1989-05-18,4.9010
1989-05-19,4.9420
1989-05-22,4.9280
1989-05-23,5.0010
1989-05-24,5.0240
1989-05-25,5.0430
1989-05-26,5.0200
1989-05-29,5.0890
1989-05-30,5.0920
1989-05-31,5.0970
1989-06-01,5.0900
1989-06-02,5.0910
1989-06-05,5.0900
1989-06-06,5.0740
1989-06-07,5.0770
1989-06-08,5.0610
1989-06-09,5.0650
1989-06-12,5.0630
1989-06-13,5.0650
1989-06-14,5.0710
1989-06-15,5.0980
1989-06-16,5.0870
1989-06-19,5.1360
1989-06-20,5.1390
1989-06-21,5.1290
1989-06-22,5.1030
1989-06-23,5.0960
1989-06-26,5.0910
1989-06-27,5.0930
1989-06-28,5.1090
1989-06-29,5.1110
1989-06-30,5.1080
1989-07-03,5.1080
1989-07-04,5.1100
1989-07-05,5.1070
1989-07-06,5.1010
1989-07-07,5.1070
1989-07-10,5.1190
1989-07-11,5.1050
1989-07-12,5.1220
1989-07-13,5.1240
1989-07-14,5.1230
1989-07-17,5.1260
1989-07-18,5.1200
1989-07-19,5.1120
1989-07-20,5.1170
1989-07-21,5.0950
1989-07-24,5.0870
1989-07-25,5.0790
1989-07-26,5.0630
1989-07-27,5.0360
1989-07-28,5.0300
1989-07-31,5.0110
1989-08-01,4.9790
1989-08-02,4.9740
1989-08-03,4.9790
1989-08-04,4.9840
1989-08-07,4.9500
1989-08-08,4.9500
1989-08-09,4.9550
1989-08-10,4.9600
1989-08-11,4.9500
1989-08-14,4.9760
1989-08-15,4.9810
1989-08-16,4.9860
1989-08-17,4.9670
1989-08-18,4.9680
1989-08-21,4.9780
1989-08-22,4.9630
1989-08-23,4.9680
1989-08-24,4.9690
1989-08-25,4.9730
1989-08-28,4.9610
1989-08-29,4.9650
1989-08-30,4.9700
1989-08-31,4.9480
1989-09-01,4.9630
1989-09-04,4.9840
1989-09-05,5.0060
1989-09-06,5.0580
1989-09-07,5.0940
1989-09-08,5.1460
1989-09-11,5.2360
1989-09-12,5.2390
1989-09-13,5.2730
1989-09-14,5.2640
1989-09-18,5.3060
1989-09-19,5.3090
1989-09-20,5.3100
1989-09-21,5.2920
1989-09-22,5.2700
1989-09-25,5.2360
1989-09-26,5.2210
1989-09-27,5.2210
1989-09-28,5.2260
1989-09-29,5.2140
1989-10-02,5.2250
1989-10-03,5.2560
1989-10-04,5.2990
1989-10-05,5.2910
1989-10-06,5.3320
1989-10-09,5.3220
1989-10-11,5.4010
1989-10-12,5.4660
1989-10-13,5.4880
1989-10-16,5.4480
1989-10-17,5.4510
1989-10-18,5.4550
1989-10-19,5.5060
1989-10-20,5.4940
1989-10-23,5.5140
1989-10-24,5.5450
1989-10-25,5.5500
1989-10-26,5.5390
1989-10-27,5.5750
1989-10-30,5.5900
1989-10-31,5.6280
1989-11-01,5.7320
1989-11-02,5.7840
1989-11-06,5.8690
1989-11-07,5.9530
1989-11-08,5.9530
1989-11-09,5.9580
1989-11-10,5.9380
1989-11-13,5.9480
1989-11-14,5.9480
1989-11-15,5.9450
1989-11-16,5.9230
1989-11-17,5.9280
1989-11-20,5.9200
1989-11-21,5.9240
1989-11-22,5.9240
1989-11-24,5.9080
1989-11-27,5.9000
1989-11-28,5.9020
1989-11-29,5.9060
1989-11-30,5.9060
1989-12-01,5.9010
1989-12-04,5.9060
1989-12-05,5.9070
1989-12-06,5.8980
1989-12-07,5.8980
1989-12-08,5.9040
1989-12-11,5.8880
1989-12-12,5.8920
1989-12-13,5.8830
1989-12-14,5.8750
1989-12-15,5.8740
1989-12-18,5.8830
1989-12-19,5.9150
1989-12-20,5.9670
1989-12-21,6.0190
1989-12-22,6.0090
1989-12-25,6.0170
1989-12-26,6.0170
1989-12-27,6.0080
1989-12-28,6.0090
1989-12-29,6.0080
1990-01-04,6.0980
1990-01-05,6.1010
1990-01-08,6.1460
1990-01-09,6.2470
1990-01-10,6.3140
1990-01-11,6.3140
1990-01-12,6.3750
1990-01-16,6.4780
1990-01-17,6.4680
1990-01-18,6.5700
1990-01-19,6.5700
1990-01-22,6.5670
1990-01-23,6.5670
1990-01-24,6.6200
1990-01-25,6.5730
1990-01-26,6.5400
1990-01-29,6.5450
1990-01-30,6.5660
1990-01-31,6.5950
1990-02-01,6.5950
1990-02-02,6.6270
1990-02-05,6.6600
1990-02-06,6.6600
1990-02-07,6.6660
1990-02-08,6.6680
1990-02-09,6.6680
1990-02-13,6.6730
1990-02-14,6.6920
1990-02-15,6.6920
1990-02-16,6.7300
1990-02-19,6.7780
1990-02-20,6.8280
1990-02-21,6.8280
1990-02-22,6.8280
1990-02-23,6.8750
1990-02-26,6.8970
1990-02-27,6.9520
1990-02-28,6.9740
1990-03-01,6.9930
1990-03-02,7.0890
1990-03-05,7.1110
1990-03-06,7.1420
1990-03-07,7.1800
1990-03-08,7.2190
1990-03-09,7.2450
1990-03-12,7.2670
1990-03-13,7.2950
1990-03-14,7.3350
1990-03-15,7.3350
1990-03-16,7.3340
1990-03-19,7.3840
1990-03-20,7.3840
1990-03-22,7.3820
1990-03-23,7.3550
1990-03-26,7.3550
1990-03-27,7.3920
1990-03-28,7.3930
1990-03-29,7.3560
1990-03-30,7.3560
1990-04-02,7.3730
1990-04-03,7.3730
1990-04-04,7.3730
1990-04-05,7.3540
1990-04-06,7.3340
1990-04-09,7.2960
1990-04-10,7.2670
1990-04-11,7.2670
1990-04-12,7.2450
1990-04-13,7.2500
1990-04-16,7.2190
1990-04-17,7.2180
1990-04-18,7.2150
1990-04-19,7.2150
1990-04-20,7.1880
1990-04-23,7.1650
1990-04-24,7.1350
1990-04-25,7.1390
1990-04-26,7.1170
1990-04-27,7.1170
1990-05-01,7.1170
1990-05-02,7.1000
1990-05-07,7.0530
1990-05-08,7.0330
1990-05-09,7.0170
1990-05-10,6.9740
1990-05-11,6.8950
1990-05-14,6.8320
1990-05-15,6.7840
1990-05-16,6.7860
1990-05-17,6.7480
1990-05-18,6.7210
1990-05-21,6.7330
1990-05-22,6.7120
1990-05-23,6.7010
1990-05-24,6.6850
1990-05-25,6.6170
1990-05-28,6.6110
1990-05-29,6.6320
1990-05-30,6.6160
1990-05-31,6.6050
1990-06-01,6.5890
1990-06-04,6.5950
1990-06-05,6.5950
1990-06-06,6.5840
1990-06-07,6.5890
1990-06-08,6.6110
1990-06-11,6.6310
1990-06-12,6.6310
1990-06-13,6.6310
1990-06-14,6.6310
1990-06-15,6.6630
1990-06-18,6.6640
1990-06-19,6.6860
1990-06-20,6.6870
1990-06-21,6.7090
1990-06-22,6.7410
1990-06-25,6.8000
1990-06-26,6.8510
1990-06-27,6.8510
1990-06-28,6.8920
1990-06-29,6.9510
1990-07-02,6.9730
1990-07-03,7.0260
1990-07-04,7.0260
1990-07-05,7.0260
1990-07-06,7.0070
1990-07-09,7.0230
1990-07-10,7.1200
1990-07-11,7.0840
1990-07-12,7.0850
1990-07-13,7.0850
1990-07-16,7.0900
1990-07-17,7.0790
1990-07-18,7.0800
1990-07-19,7.0870
1990-07-20,7.1250
1990-07-23,7.1980
1990-07-24,7.2250
1990-07-25,7.2260
1990-07-26,7.2260
1990-07-27,7.3080
1990-07-30,7.3630
1990-07-31,7.4100
1990-08-01,7.3790
1990-08-02,7.4000
1990-08-03,7.4500
1990-08-06,7.5030
1990-08-07,7.5080
1990-08-08,7.5110
1990-08-09,7.5150
1990-08-10,7.5070
1990-08-13,7.5370
1990-08-14,7.5380
1990-08-15,7.5370
1990-08-16,7.5600
1990-08-17,7.5740
1990-08-20,7.5780
1990-08-21,7.6060
1990-08-22,7.7040
1990-08-23,7.8470
1990-08-24,7.8910
1990-08-27,7.8860
1990-08-28,7.8990
1990-08-29,7.9610
1990-08-30,7.9620
1990-08-31,7.9000
1990-09-03,7.9000
1990-09-04,7.9000
1990-09-05,7.8990
1990-09-06,7.9740
1990-09-07,7.9750
1990-09-10,7.9960
1990-09-11,8.1430
1990-09-12,8.1600
1990-09-13,8.1980
1990-09-14,8.2550
1990-09-17,8.3890
1990-09-18,8.4370
1990-09-19,8.4120
1990-09-20,8.3930
1990-09-21,8.3930
1990-09-25,8.4110
1990-09-26,8.4110
1990-09-27,8.4110
1990-09-28,8.4050
1990-10-01,8.3620
1990-10-02,8.2560
1990-10-03,8.2260
1990-10-04,8.1710
1990-10-05,8.0760
1990-10-08,7.9780
1990-10-09,7.9430
1990-10-11,7.8950
1990-10-12,7.8640
1990-10-15,7.8290
1990-10-16,7.7670
1990-10-17,7.6740
1990-10-18,7.6220
1990-10-19,7.5870
1990-10-22,7.5490
1990-10-23,7.5090
1990-10-24,7.5090
1990-10-25,7.4620
1990-10-26,7.4790
1990-10-29,7.4320
1990-10-30,7.4110
1990-10-31,7.4050
1990-11-01,7.4050
1990-11-02,7.3840
1990-11-05,7.3560
1990-11-06,7.3560
1990-11-07,7.3560
1990-11-08,7.3730
1990-11-09,7.3950
1990-11-13,7.3900
1990-11-14,7.3900
1990-11-15,7.3890
1990-11-16,7.3900
1990-11-19,7.3250
1990-11-20,7.3230
1990-11-21,7.3130
1990-11-22,7.2930
1990-11-26,7.2260
1990-11-27,7.2580
1990-11-28,7.2590
1990-11-29,7.2590
1990-11-30,7.2590
1990-12-03,7.2420
1990-12-04,7.2640
1990-12-05,7.2480
1990-12-06,7.2640
1990-12-07,7.2480
1990-12-10,7.2050
1990-12-11,7.1790
1990-12-12,7.1580
1990-12-13,7.0930
1990-12-14,7.0590
1990-12-17,7.0130
1990-12-18,6.9830
1990-12-19,6.9590
1990-12-20,6.9590
1990-12-21,6.9980
1990-12-25,7.0110
1990-12-26,7.0490
1990-12-27,7.0540
1990-12-28,7.0540
1991-01-04,7.0050
1991-01-07,7.0380
1991-01-08,7.0650
1991-01-09,7.0590
1991-01-10,7.0340
1991-01-11,7.0060
1991-01-14,7.0390
1991-01-16,7.0660
1991-01-17,7.0110
1991-01-18,6.9950
1991-01-21,7.0270
1991-01-22,7.0210
1991-01-23,6.9990
1991-01-24,6.9930
1991-01-25,6.9710
1991-01-28,6.9560
1991-01-29,6.9260
1991-01-30,6.9040
1991-01-31,6.8980
1991-02-01,6.9110
1991-02-04,6.9230
1991-02-05,6.9210
1991-02-06,6.8980
1991-02-07,6.8980
1991-02-08,6.8860
1991-02-12,6.8580
1991-02-13,6.8190
1991-02-14,6.7970
1991-02-15,6.7690
1991-02-18,6.7410
1991-02-19,6.7070
1991-02-20,6.6790
1991-02-21,6.6610
1991-02-22,6.6440
1991-02-25,6.6170
1991-02-26,6.5980
1991-02-27,6.6110
1991-02-28,6.6450
1991-03-01,6.7490
1991-03-04,6.8030
1991-03-05,6.7860
1991-03-06,6.7880
1991-03-07,6.8000
1991-03-08,6.7950
1991-03-11,6.8160
1991-03-12,6.8070
1991-03-13,6.8160
1991-03-14,6.8150
1991-03-15,6.8150
1991-03-18,6.8150
1991-03-19,6.8160
1991-03-20,6.8090
1991-03-22,6.7640
1991-03-25,6.7710
1991-03-26,6.7880
1991-03-27,6.8150
1991-03-28,6.8150
1991-03-29,6.8040
1991-04-01,6.8330
1991-04-02,6.8340
1991-04-03,6.8370
1991-04-04,6.8480
1991-04-05,6.8230
1991-04-08,6.8230
1991-04-09,6.8340
1991-04-10,6.8630
1991-04-11,6.9020
1991-04-12,6.9170
1991-04-15,6.9180
1991-04-16,6.8820
1991-04-17,6.8820
1991-04-18,6.8620
1991-04-19,6.8620
1991-04-22,6.8930
1991-04-23,6.9140
1991-04-24,6.9450
1991-04-25,6.9440
1991-04-26,6.9400
1991-04-30,6.9410
1991-05-01,6.9250
1991-05-02,6.9210
1991-05-07,6.9330
1991-05-08,6.9440
1991-05-09,6.9540
1991-05-10,6.9340
1991-05-13,6.9240
1991-05-14,6.9130
1991-05-15,6.9190
1991-05-16,6.9080
1991-05-17,6.8950
1991-05-20,6.8900
1991-05-21,6.8790
1991-05-22,6.8750
1991-05-23,6.8590
1991-05-24,6.8500
1991-05-27,6.8460
1991-05-28,6.8300
1991-05-29,6.8300
1991-05-30,6.8030
1991-05-31,6.7570
1991-06-03,6.7620
1991-06-04,6.7510
1991-06-05,6.7510
1991-06-06,6.7510
1991-06-07,6.7620
1991-06-10,6.8160
1991-06-11,6.8510
1991-06-12,6.8940
1991-06-13,6.9000
1991-06-14,6.9040
1991-06-17,6.9150
1991-06-18,6.9430
1991-06-19,6.9810
1991-06-20,6.9830
1991-06-21,6.9750
1991-06-24,7.0050
1991-06-25,6.9970
1991-06-26,6.9970
1991-06-27,7.0080
1991-06-28,7.0190
1991-07-01,6.9330
1991-07-02,6.9500
1991-07-03,6.9550
1991-07-04,6.9340
1991-07-05,6.9140
1991-07-08,6.8980
1991-07-09,6.8770
1991-07-10,6.8820
1991-07-11,6.8570
1991-07-12,6.8460
1991-07-15,6.8240
1991-07-16,6.8250
1991-07-17,6.8180
1991-07-18,6.8180
1991-07-19,6.8070
1991-07-22,6.8070
1991-07-23,6.7960
1991-07-24,6.7800
1991-07-25,6.7690
1991-07-26,6.7350
1991-07-29,6.7350
1991-07-30,6.7070
1991-07-31,6.7020
1991-08-01,6.6980
1991-08-02,6.6810
1991-08-05,6.6530
1991-08-06,6.6490
1991-08-07,6.6370
1991-08-08,6.6420
1991-08-09,6.6200
1991-08-12,6.6190
1991-08-13,6.5800
1991-08-14,6.5520
1991-08-15,6.5530
1991-08-16,6.5140
1991-08-19,6.5540
1991-08-20,6.5090
1991-08-21,6.4810
1991-08-22,6.4610
1991-08-23,6.4540
1991-08-26,6.4550
1991-08-27,6.4530
1991-08-28,6.4530
1991-08-29,6.4070
1991-08-30,6.3760
1991-09-02,6.3630
1991-09-03,6.3450
1991-09-04,6.3200
1991-09-05,6.3230
1991-09-06,6.2680
1991-09-09,6.2240
1991-09-10,6.1710
1991-09-11,6.1240
1991-09-12,6.0510
1991-09-13,5.9720
1991-09-17,5.9800
1991-09-18,5.9800
1991-09-19,5.9700
1991-09-20,5.9220
1991-09-24,5.9010
1991-09-25,5.8930
1991-09-26,5.8780
1991-09-27,5.8300
1991-09-30,5.7850
1991-10-01,5.7470
1991-10-02,5.7390
1991-10-03,5.6950
1991-10-04,5.6800
1991-10-07,5.6830
1991-10-08,5.7180
1991-10-09,5.7570
1991-10-11,5.7620
1991-10-14,5.7700
1991-10-15,5.7700
1991-10-16,5.7320
1991-10-17,5.6830
1991-10-18,5.6870
1991-10-21,5.6520
1991-10-22,5.6530
1991-10-23,5.6290
1991-10-24,5.5910
1991-10-25,5.5790
1991-10-28,5.5880
1991-10-29,5.5880
1991-10-30,5.5930
1991-10-31,5.5760
1991-11-01,5.5780
1991-11-05,5.5880
1991-11-06,5.6080
1991-11-07,5.6140
1991-11-08,5.5940
1991-11-11,5.5940
1991-11-12,5.5740
1991-11-13,5.5790
1991-11-14,5.5700
1991-11-15,5.5460
1991-11-18,5.5410
1991-11-19,5.5410
1991-11-20,5.5870
1991-11-21,5.5530
1991-11-22,5.5590
1991-11-25,5.5640
1991-11-26,5.5430
1991-11-27,5.5480
1991-11-28,5.5480
1991-11-29,5.5430
1991-12-02,5.5140
1991-12-03,5.4980
1991-12-04,5.4830
1991-12-05,5.4370
1991-12-06,5.4010
1991-12-09,5.4110
1991-12-10,5.3580
1991-12-11,5.3580
1991-12-12,5.3420
1991-12-13,5.3160
1991-12-16,5.3250
1991-12-17,5.3270
1991-12-18,5.3200
1991-12-19,5.2890
1991-12-20,5.2910
1991-12-24,5.2400
1991-12-25,5.2120
1991-12-26,5.1810
1991-12-27,5.1550
1991-12-30,5.1030
1992-01-06,5.0200
1992-01-07,4.9220
1992-01-08,4.9270
1992-01-09,4.8790
1992-01-10,4.8790
1992-01-13,4.8900
1992-01-14,4.8630
1992-01-16,4.8680
1992-01-17,4.7690
1992-01-20,4.7270
1992-01-21,4.6550
1992-01-22,4.4890
1992-01-23,4.4940
1992-01-24,4.5090
1992-01-27,4.5140
1992-01-28,4.5560
1992-01-29,4.5560
1992-01-30,4.5820
1992-01-31,4.6060
1992-02-03,4.6440
1992-02-04,4.6890
1992-02-05,4.6820
1992-02-06,4.6750
1992-02-07,4.6790
1992-02-10,4.7020
1992-02-12,4.7500
1992-02-13,4.7340
1992-02-14,4.7490
1992-02-17,4.7360
1992-02-18,4.7410
1992-02-19,4.7630
1992-02-20,4.7430
1992-02-21,4.7410
1992-02-24,4.7440
1992-02-25,4.7060
1992-02-26,4.6870
1992-02-27,4.6700
1992-02-28,4.6630
1992-03-02,4.6450
1992-03-03,4.6550
1992-03-04,4.6780
1992-03-05,4.6530
1992-03-06,4.6590
1992-03-09,4.6690
1992-03-10,4.6550
1992-03-11,4.6410
1992-03-12,4.6430
1992-03-13,4.6440
1992-03-16,4.6460
1992-03-17,4.6420
1992-03-18,4.6520
1992-03-19,4.6510
1992-03-23,4.6490
1992-03-24,4.6530
1992-03-25,4.6500
1992-03-26,4.6320
1992-03-27,4.6220
1992-03-30,4.6390
1992-03-31,4.6440
1992-04-01,4.6350
1992-04-02,4.6640
1992-04-03,4.6670
1992-04-06,4.6630
1992-04-07,4.6830
1992-04-08,4.6680
1992-04-09,4.6490
1992-04-10,4.5340
1992-04-13,4.5410
1992-04-14,4.5440
1992-04-15,4.5120
1992-04-16,4.5150
1992-04-17,4.5170
1992-04-20,4.5260
1992-04-21,4.4970
1992-04-22,4.5010
1992-04-23,4.5070
1992-04-24,4.5090
1992-04-27,4.5200
1992-04-28,4.5090
1992-04-30,4.5200
1992-05-01,4.5200
1992-05-06,4.5020
1992-05-07,4.5080
1992-05-08,4.5090
1992-05-11,4.5070
1992-05-12,4.5060
1992-05-13,4.5110
1992-05-14,4.5260
1992-05-15,4.5470
1992-05-18,4.5570
1992-05-19,4.5770
1992-05-20,4.6330
1992-05-21,4.6150
1992-05-22,4.6510
1992-05-25,4.6620
1992-05-26,4.6930
1992-05-27,4.7120
1992-05-28,4.7380
1992-05-29,4.7380
1992-06-01,4.7270
1992-06-02,4.7320
1992-06-03,4.7010
1992-06-04,4.7050
1992-06-05,4.6750
1992-06-08,4.6540
1992-06-09,4.6490
1992-06-10,4.6280
1992-06-11,4.5950
1992-06-12,4.5990
1992-06-15,4.5790
1992-06-16,4.5450
1992-06-17,4.5280
1992-06-18,4.5330
1992-06-19,4.5350
1992-06-22,4.5290
1992-06-23,4.5210
1992-06-24,4.5030
1992-06-25,4.4670
1992-06-26,4.4380
1992-06-29,4.4480
1992-06-30,4.4530
1992-07-01,4.4120
1992-07-02,4.4010
1992-07-03,4.3550
1992-07-06,4.3350
1992-07-07,4.3200
1992-07-08,4.2740
1992-07-09,4.2490
1992-07-10,4.2230
1992-07-13,4.2280
1992-07-14,4.1980
1992-07-15,4.2030
1992-07-16,4.2080
1992-07-17,4.1770
1992-07-20,4.1760
1992-07-21,4.1300
1992-07-22,4.0340
1992-07-23,4.0390
1992-07-24,4.0390
1992-07-27,3.9820
1992-07-28,3.9150
1992-07-29,3.8680
1992-07-30,3.8730
1992-07-31,3.8710
1992-08-03,3.8810
1992-08-04,3.8650
1992-08-05,3.8700
1992-08-06,3.8610
1992-08-07,3.8450
1992-08-10,3.8080
1992-08-11,3.7410
1992-08-12,3.6830
1992-08-13,3.6350
1992-08-14,3.5610
1992-08-17,3.5070
1992-08-18,3.4680
1992-08-19,3.4300
1992-08-20,3.4350
1992-08-21,3.5080
1992-08-24,3.5210
1992-08-25,3.5260
1992-08-26,3.5320
1992-08-27,3.5240
1992-08-28,3.6100
1992-08-31,3.7760
1992-09-01,3.7950
1992-09-02,3.8480
1992-09-03,3.8300
1992-09-04,3.7430
1992-09-07,3.6330
1992-09-08,3.6370
1992-09-09,3.6460
1992-09-10,3.6740
1992-09-11,3.7280
1992-09-14,3.7290
1992-09-16,3.7500
1992-09-17,3.7620
1992-09-18,3.7370
1992-09-21,3.7280
1992-09-22,3.7120
1992-09-24,3.6820
1992-09-25,3.6330
1992-09-28,3.6260
1992-09-29,3.6310
1992-09-30,3.6370
1992-10-01,3.5770
1992-10-02,3.5180
1992-10-05,3.5240
1992-10-06,3.4840
1992-10-07,3.5100
1992-10-08,3.5450
1992-10-09,3.5290
1992-10-12,3.5360
1992-10-13,3.5210
1992-10-14,3.5130
1992-10-15,3.5520
1992-10-16,3.5480
1992-10-19,3.5610
1992-10-20,3.5940
1992-10-21,3.5970
1992-10-22,3.5890
1992-10-23,3.5740
1992-10-26,3.5650
1992-10-27,3.5600
1992-10-28,3.5540
1992-10-29,3.5470
1992-10-30,3.5080
1992-11-02,3.4990
1992-11-04,3.4800
1992-11-05,3.4680
1992-11-06,3.4690
1992-11-09,3.4650
1992-11-10,3.4500
1992-11-11,3.4540
1992-11-12,3.4550
1992-11-13,3.4400
1992-11-16,3.4650
1992-11-17,3.4800
1992-11-18,3.5050
1992-11-19,3.5000
1992-11-20,3.5250
1992-11-24,3.5400
1992-11-25,3.5550
1992-11-26,3.5480
1992-11-27,3.5720
1992-11-30,3.6160
1992-12-01,3.6020
1992-12-02,3.5720
1992-12-03,3.5570
1992-12-04,3.5240
1992-12-07,3.5140
1992-12-08,3.5190
1992-12-09,3.5190
1992-12-10,3.5340
1992-12-11,3.5570
1992-12-14,3.6010
1992-12-15,3.6020
1992-12-16,3.6170
1992-12-17,3.5990
1992-12-18,3.6020
1992-12-21,3.6140
1992-12-22,3.6170
1992-12-24,3.6040
1992-12-25,3.6090
1992-12-28,3.6190
1992-12-29,3.6070
1992-12-30,3.6120
1993-01-04,3.6270
1993-01-05,3.6120
1993-01-06,3.5870
1993-01-07,3.5560
1993-01-08,3.5420
1993-01-11,3.5570
1993-01-12,3.5270
1993-01-13,3.5220
1993-01-14,3.4800
1993-01-18,3.4650
1993-01-19,3.4500
1993-01-20,3.4550
1993-01-21,3.4310
1993-01-22,3.4310
1993-01-25,3.4250
1993-01-26,3.3880
1993-01-27,3.3900
1993-01-28,3.3880
1993-01-29,3.3720
1993-02-01,3.3760
1993-02-02,3.3240
1993-02-03,3.3080
1993-02-04,3.2520
1993-02-05,3.1830
1993-02-08,3.1670
1993-02-09,3.1620
1993-02-10,3.1460
1993-02-12,3.1550
1993-02-15,3.1800
1993-02-16,3.2080
1993-02-17,3.2020
1993-02-18,3.1700
1993-02-19,3.1250
1993-02-22,3.1090
1993-02-23,3.1140
1993-02-24,3.0690
1993-02-25,3.0770
1993-02-26,3.0770
1993-03-01,3.0650
1993-03-02,3.0410
1993-03-03,3.0420
1993-03-04,3.0480
1993-03-05,3.0110
1993-03-08,3.0340
1993-03-09,3.0900
1993-03-10,3.0930
1993-03-11,3.0820
1993-03-12,3.0870
1993-03-15,3.1290
1993-03-16,3.1340
1993-03-17,3.1200
1993-03-18,3.1450
1993-03-19,3.1510
1993-03-22,3.1630
1993-03-23,3.2000
1993-03-24,3.2400
1993-03-25,3.3970
1993-03-26,3.4250
1993-03-29,3.4960
1993-03-30,3.4500
1993-03-31,3.4460
1993-04-01,3.4000
1993-04-02,3.4050
1993-04-05,3.4340
1993-04-06,3.4170
1993-04-07,3.4230
1993-04-08,3.4280
1993-04-09,3.3990
1993-04-12,3.3680
1993-04-13,3.3730
1993-04-14,3.3460
1993-04-15,3.3190
1993-04-16,3.3310
1993-04-19,3.3410
1993-04-20,3.2900
1993-04-21,3.2940
1993-04-22,3.2650
1993-04-23,3.2520
1993-04-26,3.2400
1993-04-27,3.2720
1993-04-28,3.3280
1993-04-30,3.3140
1993-05-06,3.3130
1993-05-07,3.3150
1993-05-10,3.3350
1993-05-11,3.3210
1993-05-12,3.3260
1993-05-13,3.3110
1993-05-14,3.3150
1993-05-17,3.3020
1993-05-18,3.3440
1993-05-19,3.3670
1993-05-20,3.3910
1993-05-21,3.3630
1993-05-24,3.4080
1993-05-25,3.4320
1993-05-26,3.4320
1993-05-27,3.4180
1993-05-28,3.4420
1993-05-31,3.4570
1993-06-01,3.4410
1993-06-02,3.4260
1993-06-03,3.4010
1993-06-04,3.3620
1993-06-07,3.3420
1993-06-08,3.3370
1993-06-10,3.3120
1993-06-11,3.3070
1993-06-14,3.2910
1993-06-15,3.2760
1993-06-16,3.2540
1993-06-17,3.2280
1993-06-18,3.2130
1993-06-21,3.2130
1993-06-22,3.2380
1993-06-23,3.2310
1993-06-24,3.1630
1993-06-25,3.1420
1993-06-28,3.1140
1993-06-29,3.0990
1993-06-30,3.0940
1993-07-01,3.0620
1993-07-02,3.0670
1993-07-05,3.0820
1993-07-06,3.0620
1993-07-07,3.0770
1993-07-08,3.0820
1993-07-09,3.0770
1993-07-12,3.0620
1993-07-13,3.0670
1993-07-14,3.0720
1993-07-15,3.0770
1993-07-16,3.0660
1993-07-19,3.0760
1993-07-20,3.0800
1993-07-21,3.0850
1993-07-22,3.0650
1993-07-23,3.0400
1993-07-26,3.0500
1993-07-27,3.0240
1993-07-28,3.0140
1993-07-29,2.9980
1993-07-30,2.9770
1993-08-02,2.9310
1993-08-03,2.9240
1993-08-04,2.9290
1993-08-05,2.9390
1993-08-06,2.9360
1993-08-09,2.9510
1993-08-10,2.9510
1993-08-11,2.9350
1993-08-12,2.9290
1993-08-13,2.9400
1993-08-16,2.9550
1993-08-17,2.9150
1993-08-18,2.9190
1993-08-19,2.9510
1993-08-20,3.0560
1993-08-23,2.9910
1993-08-24,2.9590
1993-08-25,2.9320
1993-08-26,2.8860
1993-08-27,2.8920
1993-08-30,2.9020
1993-08-31,2.8360
1993-09-01,2.8300
1993-09-02,2.8380
1993-09-03,2.8250
1993-09-06,2.7940
1993-09-07,2.7940
1993-09-08,2.7770
1993-09-09,2.7280
1993-09-10,2.7250
1993-09-13,2.7470
1993-09-14,2.7600
1993-09-16,2.7580
1993-09-17,2.7610
1993-09-20,2.7540
1993-09-21,2.6350
1993-09-22,2.6390
1993-09-24,2.6400
1993-09-27,2.6250
1993-09-28,2.6320
1993-09-29,2.6370
1993-09-30,2.6080
1993-10-01,2.5950
1993-10-04,2.5800
1993-10-05,2.5140
1993-10-06,2.5290
1993-10-07,2.5080
1993-10-08,2.4760
1993-10-12,2.4520
1993-10-13,2.4460
1993-10-14,2.4500
1993-10-15,2.4450
1993-10-18,2.4720
1993-10-19,2.4530
1993-10-20,2.4070
1993-10-21,2.3460
1993-10-22,2.2890
1993-10-25,2.2520
1993-10-26,2.2090
1993-10-27,2.1880
1993-10-28,2.1920
1993-10-29,2.1370
1993-11-01,2.1390
1993-11-02,2.1290
1993-11-04,2.0980
1993-11-05,2.0950
1993-11-08,2.1100
1993-11-09,2.0820
1993-11-10,2.0490
1993-11-11,2.0720
1993-11-12,2.0900
1993-11-15,2.0790
1993-11-16,2.1120
1993-11-17,2.1310
1993-11-18,2.0980
1993-11-19,2.0730
1993-11-22,2.0730
1993-11-24,2.0500
1993-11-25,1.9510
1993-11-26,1.8730
1993-11-29,1.8500
1993-11-30,1.7540
1993-12-01,1.7290
1993-12-02,1.7340
1993-12-03,1.7190
1993-12-06,1.7290
1993-12-07,1.7430
1993-12-08,1.7480
1993-12-09,1.7110
1993-12-10,1.7290
1993-12-13,1.7440
1993-12-14,1.7340
1993-12-15,1.7880
1993-12-16,1.8080
1993-12-17,1.8160
1993-12-20,1.7820
1993-12-21,1.7270
1993-12-22,1.6930
1993-12-24,1.6610
1993-12-27,1.6670
1993-12-28,1.6750
1993-12-29,1.6360
1993-12-30,1.6400
1994-01-04,1.6790
1994-01-05,1.6840
1994-01-06,1.6890
1994-01-07,1.6650
1994-01-10,1.7080
1994-01-11,1.7400
1994-01-12,1.8180
1994-01-13,1.8330
1994-01-14,1.9410
1994-01-17,1.9350
1994-01-18,1.9850
1994-01-19,1.9920
1994-01-20,1.9970
1994-01-21,1.9800
1994-01-24,1.8910
1994-01-25,2.0270
1994-01-26,2.0970
1994-01-27,2.1010
1994-01-28,2.1260
1994-01-31,2.2720
1994-02-01,2.2560
1994-02-02,2.2120
1994-02-03,2.1690
1994-02-04,2.1540
1994-02-07,2.1790
1994-02-08,2.1970
1994-02-09,2.1750
1994-02-10,2.1650
1994-02-14,2.1220
1994-02-15,2.0320
1994-02-16,2.0670
1994-02-17,2.1760
1994-02-18,2.2110
1994-02-21,2.2780
1994-02-22,2.2930
1994-02-23,2.2840
1994-02-24,2.3570
1994-02-25,2.4450
1994-02-28,2.5200
1994-03-01,2.6210
1994-03-02,2.7830
1994-03-03,2.6770
1994-03-04,2.6230
1994-03-07,2.6620
1994-03-08,2.6130
1994-03-09,2.6080
1994-03-10,2.5630
1994-03-11,2.5160
1994-03-14,2.5240
1994-03-15,2.5680
1994-03-16,2.5820
1994-03-17,2.6160
1994-03-18,2.6060
1994-03-22,2.7710
1994-03-23,2.7060
1994-03-24,2.7100
1994-03-25,2.7140
1994-03-28,2.6810
1994-03-29,2.6130
1994-03-30,2.5970
1994-03-31,2.5260
1994-04-01,2.5150
1994-04-04,2.5260
1994-04-05,2.5410
1994-04-06,2.5930
1994-04-07,2.7140
1994-04-08,2.7490
1994-04-11,2.8200
1994-04-12,2.7960
1994-04-13,2.7570
1994-04-14,2.7370
1994-04-15,2.6800
1994-04-18,2.6750
1994-04-19,2.7480
1994-04-20,2.7500
1994-04-21,2.7440
1994-04-22,2.6640
1994-04-25,2.6650
1994-04-26,2.6580
1994-04-27,2.6100
1994-04-28,2.5740
1994-05-02,2.5200
1994-05-06,2.5520
1994-05-09,2.5350
1994-05-10,2.4860
1994-05-11,2.4480
1994-05-12,2.4280
1994-05-13,2.3940
1994-05-16,2.3970
1994-05-17,2.4210
1994-05-18,2.4030
1994-05-19,2.3920
1994-05-20,2.3790
1994-05-23,2.3910
1994-05-24,2.3720
1994-05-25,2.3690
1994-05-26,2.3110
1994-05-27,2.2990
1994-05-30,2.3340
1994-05-31,2.3910
1994-06-01,2.4850
1994-06-02,2.5300
1994-06-03,2.5150
1994-06-06,2.5500
1994-06-07,2.6530
1994-06-08,2.5990
1994-06-09,2.5990
1994-06-10,2.5560
1994-06-13,2.6400
1994-06-14,2.6540
1994-06-15,2.6490
1994-06-16,2.6370
1994-06-17,2.7410
1994-06-20,2.8850
1994-06-21,2.8370
1994-06-22,2.7400
1994-06-23,2.6930
1994-06-24,2.6460
1994-06-27,2.5940
1994-06-28,2.6790
1994-06-29,2.6010
1994-06-30,2.5860
1994-07-01,2.4400
1994-07-04,2.5050
1994-07-05,2.6000
1994-07-06,2.5490
1994-07-07,2.5540
1994-07-08,2.4740
1994-07-11,2.5430
1994-07-12,2.4970
1994-07-13,2.5280
1994-07-14,2.5530
1994-07-15,2.5080
1994-07-18,2.5180
1994-07-19,2.5180
1994-07-20,2.5830
1994-07-21,2.6120
1994-07-22,2.6430
1994-07-25,2.6520
1994-07-26,2.6870
1994-07-27,2.6550
1994-07-28,2.6490
1994-07-29,2.6590
1994-08-01,2.6580
1994-08-02,2.6920
1994-08-03,2.7650
1994-08-04,2.8160
1994-08-05,2.8640
1994-08-08,2.8830
1994-08-09,2.9780
1994-08-10,2.9880
1994-08-11,2.9650
1994-08-12,2.9690
1994-08-15,2.9420
1994-08-16,2.9470
1994-08-17,2.9850
1994-08-18,2.9280
1994-08-19,2.8850
1994-08-22,2.9280
1994-08-23,2.9220
1994-08-24,2.9340
1994-08-25,2.9710
1994-08-26,2.9850
1994-08-29,3.0430
1994-08-30,3.1050
1994-08-31,3.1020
1994-09-01,3.0520
1994-09-02,3.0330
1994-09-05,3.0240
1994-09-06,3.0240
1994-09-07,3.0030
1994-09-08,2.9870
1994-09-09,2.9570
1994-09-12,2.9720
1994-09-13,2.9780
1994-09-14,2.9850
1994-09-16,2.9890
1994-09-19,3.0090
1994-09-20,2.9830
1994-09-21,2.9560
1994-09-22,2.9370
1994-09-26,2.9220
1994-09-27,2.9100
1994-09-28,2.8930
1994-09-29,2.8970
1994-09-30,2.9080
1994-10-03,2.9590
1994-10-04,2.9820
1994-10-05,3.0230
1994-10-06,3.0540
1994-10-07,3.1310
1994-10-11,3.1650
1994-10-12,3.1890
1994-10-13,3.2430
1994-10-14,3.2020
1994-10-17,3.1830
1994-10-18,3.2130
1994-10-19,3.2270
1994-10-20,3.2430
1994-10-21,3.2050
1994-10-24,3.2710
1994-10-25,3.2520
1994-10-26,3.2440
1994-10-27,3.2430
1994-10-28,3.2380
1994-10-31,3.2180
1994-11-01,3.2080
1994-11-02,3.2030
1994-11-04,3.2390
1994-11-07,3.2420
1994-11-08,3.2420
1994-11-09,3.2470
1994-11-10,3.2330
1994-11-11,3.1730
1994-11-14,3.1830
1994-11-15,3.1710
1994-11-16,3.1860
1994-11-17,3.1870
1994-11-18,3.1740
1994-11-21,3.1700
1994-11-22,3.1300
1994-11-24,3.0360
1994-11-25,3.0340
1994-11-28,3.0690
1994-11-29,3.0740
1994-11-30,3.0840
1994-12-01,3.0380
1994-12-02,3.0280
1994-12-05,3.0680
1994-12-06,3.0430
1994-12-07,2.9930
1994-12-08,3.0180
1994-12-09,2.9720
1994-12-12,2.9670
1994-12-13,2.9400
1994-12-14,2.9350
1994-12-15,2.9750
1994-12-16,2.9800
1994-12-19,2.9970
1994-12-20,2.9840
1994-12-21,2.9660
1994-12-22,2.9620
1994-12-26,2.9720
1994-12-27,2.9580
1994-12-28,2.9330
1994-12-29,2.9170
1994-12-30,2.9220
1995-01-04,2.9930
1995-01-05,3.0130
1995-01-06,3.0130
1995-01-09,3.0230
1995-01-10,2.9760
1995-01-11,2.9200
1995-01-12,2.8690
1995-01-13,2.9050
1995-01-17,2.9790
1995-01-18,2.9020
1995-01-19,2.8970
1995-01-20,2.8810
1995-01-23,2.8210
1995-01-24,2.7850
1995-01-25,2.8000
1995-01-26,2.8000
1995-01-27,2.7900
1995-01-30,2.8040
1995-01-31,2.8180
1995-02-01,2.8460
1995-02-02,2.8980
1995-02-03,2.8750
1995-02-06,2.8650
1995-02-07,2.8480
1995-02-08,2.8370
1995-02-09,2.8250
1995-02-10,2.8060
1995-02-13,2.8210
1995-02-14,2.8050
1995-02-15,2.7980
1995-02-16,2.7970
1995-02-17,2.7940
1995-02-20,2.7920
1995-02-21,2.7930
1995-02-22,2.7920
1995-02-23,2.7120
1995-02-24,2.7120
1995-02-27,2.6610
1995-02-28,2.6570
1995-03-01,2.6590
1995-03-02,2.6610
1995-03-03,2.6370
1995-03-06,2.5990
1995-03-07,2.4870
1995-03-08,2.4380
1995-03-09,2.4840
1995-03-10,2.4710
1995-03-13,2.3670
1995-03-14,2.3720
1995-03-15,2.3630
1995-03-16,2.3100
1995-03-17,2.2710
1995-03-20,2.2940
1995-03-22,2.2590
1995-03-23,2.1880
1995-03-24,2.1900
1995-03-27,2.2060
1995-03-28,2.0850
1995-03-29,2.0630
1995-03-30,2.0650
1995-03-31,1.9690
1995-04-03,1.8210
1995-04-04,1.7850
1995-04-05,1.8390
1995-04-06,1.8350
1995-04-07,1.8080
1995-04-10,1.8900
1995-04-11,1.8950
1995-04-12,1.9160
1995-04-13,1.7880
1995-04-14,1.6740
1995-04-17,1.6450
1995-04-18,1.5500
1995-04-19,1.6020
1995-04-20,1.6090
1995-04-21,1.6980
1995-04-24,1.7050
1995-04-25,1.7330
1995-04-26,1.6810
1995-04-27,1.7270
1995-04-28,1.7550
1995-05-01,1.8110
1995-05-02,1.7460
1995-05-08,1.7120
1995-05-09,1.6650
1995-05-10,1.6480
1995-05-11,1.5990
1995-05-12,1.6640
1995-05-15,1.6780
1995-05-16,1.6540
1995-05-17,1.5920
1995-05-18,1.5780
1995-05-19,1.5270
1995-05-22,1.4590
1995-05-23,1.4220
1995-05-24,1.3930
1995-05-25,1.3120
1995-05-26,1.2070
1995-05-29,1.1930
1995-05-30,1.1210
1995-05-31,1.0260
1995-06-01,0.9970
1995-06-02,1.1510
1995-06-05,1.0980
1995-06-06,1.0260
1995-06-07,1.0690
1995-06-08,1.1510
1995-06-09,1.1320
1995-06-12,1.1450
1995-06-13,1.1150
1995-06-14,1.1640
1995-06-15,1.2080
1995-06-16,1.1900
1995-06-19,1.1930
1995-06-20,1.2260
1995-06-21,1.1570
1995-06-22,1.0780
1995-06-23,1.0630
1995-06-26,1.0530
1995-06-27,1.0570
1995-06-28,1.0970
1995-06-29,1.0760
1995-06-30,1.1260
1995-07-03,1.0960
1995-07-04,1.0970
1995-07-05,1.0670
1995-07-06,1.0870
1995-07-07,0.9020
1995-07-10,0.9700
1995-07-11,0.9660
1995-07-12,0.9920
1995-07-13,0.9970
1995-07-14,1.0750
1995-07-17,1.0650
1995-07-18,1.0790
1995-07-19,1.0510
1995-07-20,0.9950
1995-07-21,1.0010
1995-07-24,1.0220
1995-07-25,1.0040
1995-07-26,0.9830
1995-07-27,0.9340
1995-07-28,0.8980
1995-07-31,0.9320
1995-08-01,0.9030
1995-08-02,0.9870
1995-08-03,1.0020
1995-08-04,1.0120
1995-08-07,0.9960
1995-08-08,1.0420
1995-08-09,1.0500
1995-08-10,1.0790
1995-08-11,1.1190
1995-08-14,1.1610
1995-08-15,1.2180
1995-08-16,1.5830
1995-08-17,1.5250
1995-08-18,1.4770
1995-08-21,1.3810
1995-08-22,1.3360
1995-08-23,1.2590
1995-08-24,1.2210
1995-08-25,1.1790
1995-08-28,1.1240
1995-08-29,1.1770
1995-08-30,1.1530
1995-08-31,1.0280
1995-09-01,0.9710
1995-09-04,0.8900
1995-09-05,0.9570
1995-09-06,0.9760
1995-09-07,0.9480
1995-09-08,0.8580
1995-09-11,0.8430
1995-09-12,0.8480
1995-09-13,0.8190
1995-09-14,0.7850
1995-09-18,0.8090
1995-09-19,0.8190
1995-09-20,0.7610
1995-09-21,0.7460
1995-09-22,0.7410
1995-09-25,0.7360
1995-09-26,0.6510
1995-09-27,0.6560
1995-09-28,0.6250
1995-09-29,0.5740
1995-10-02,0.5580
1995-10-03,0.5320
1995-10-04,0.5070
1995-10-05,0.5220
1995-10-06,0.5530
1995-10-09,0.5530
1995-10-11,0.5600
1995-10-12,0.5470
1995-10-13,0.5090
1995-10-16,0.4770
1995-10-17,0.3810
1995-10-18,0.3970
1995-10-19,0.3710
1995-10-20,0.3180
1995-10-23,0.3540
1995-10-24,0.4210
1995-10-25,0.5320
1995-10-26,0.3940
1995-10-27,0.4340
1995-10-30,0.4950
1995-10-31,0.5100
1995-11-01,0.5390
1995-11-02,0.5770
1995-11-06,0.5830
1995-11-07,0.5800
1995-11-08,0.5430
1995-11-09,0.4760
1995-11-10,0.4140
1995-11-13,0.4340
1995-11-14,0.4380
1995-11-15,0.4060
1995-11-16,0.4100
1995-11-17,0.3740
1995-11-20,0.3670
1995-11-21,0.3640
1995-11-22,0.3500
1995-11-24,0.3320
1995-11-27,0.3210
1995-11-28,0.3490
1995-11-29,0.3540
1995-11-30,0.3770
1995-12-01,0.3920
1995-12-04,0.4400
1995-12-05,0.4870
1995-12-06,0.5160
1995-12-07,0.4690
1995-12-08,0.4400
1995-12-11,0.4150
1995-12-12,0.4100
1995-12-13,0.4580
1995-12-14,0.4170
1995-12-15,0.4270
1995-12-18,0.4520
1995-12-19,0.4450
1995-12-20,0.4550
1995-12-21,0.4980
1995-12-22,0.5370
1995-12-25,0.6290
1995-12-26,0.6550
1995-12-27,0.7230
1995-12-28,0.7350
1995-12-29,0.7390
1996-01-04,0.9530
1996-01-05,0.9140
1996-01-08,0.9330
1996-01-09,0.8980
1996-01-10,0.8050
1996-01-11,0.7900
1996-01-12,0.8250
1996-01-16,0.8690
1996-01-17,0.8110
1996-01-18,0.8160
1996-01-19,0.8800
1996-01-22,0.8820
1996-01-23,0.8900
1996-01-24,0.9020
1996-01-25,0.9010
1996-01-26,0.8730
1996-01-29,0.8780
1996-01-30,0.9140
1996-01-31,0.9420
1996-02-01,0.9570
1996-02-02,0.9630
1996-02-05,0.9630
1996-02-06,0.9670
1996-02-07,0.9630
1996-02-08,0.9480
1996-02-09,0.9490
1996-02-13,0.9910
1996-02-14,1.0150
1996-02-15,1.1310
1996-02-16,1.1460
1996-02-19,1.1550
1996-02-20,1.1820
1996-02-21,1.2380
1996-02-22,1.2490
1996-02-23,1.2490
1996-02-26,1.3240
1996-02-27,1.3480
1996-02-28,1.3720
1996-02-29,1.3130
1996-03-01,1.1530
1996-03-04,1.0510
1996-03-05,1.0560
1996-03-06,1.0170
1996-03-07,0.9930
1996-03-08,0.9820
1996-03-11,0.9760
1996-03-12,0.9810
1996-03-13,0.9430
1996-03-14,0.9030
1996-03-15,0.9130
1996-03-18,0.9570
1996-03-19,0.9900
1996-03-21,1.0530
1996-03-22,1.0810
1996-03-25,1.1260
1996-03-26,1.2080
1996-03-27,1.0910
1996-03-28,1.0800
1996-03-29,1.0210
1996-04-01,0.9760
1996-04-02,0.9700
1996-04-03,1.1300
1996-04-04,1.0960
1996-04-05,1.1110
1996-04-08,1.2190
1996-04-09,1.2340
1996-04-10,1.1850
1996-04-11,1.1810
1996-04-12,1.1970
1996-04-15,1.1820
1996-04-16,1.2220
1996-04-17,1.2630
1996-04-18,1.2600
1996-04-19,1.2330
1996-04-22,1.2250
1996-04-23,1.2100
1996-04-24,1.2240
1996-04-25,1.2670
1996-04-26,1.3470
1996-04-30,1.3610
1996-05-01,1.3740
1996-05-02,1.4150
1996-05-07,1.4250
1996-05-08,1.4510
1996-05-09,1.4140
1996-05-10,1.3480
1996-05-13,1.3440
1996-05-14,1.4070
1996-05-15,1.3510
1996-05-16,1.2260
1996-05-17,1.2370
1996-05-20,1.2840
1996-05-21,1.2460
1996-05-22,1.1890
1996-05-23,1.1510
1996-05-24,1.1560
1996-05-27,1.1970
1996-05-28,1.1580
1996-05-29,1.1640
1996-05-30,1.1730
1996-05-31,1.1060
1996-06-03,1.1110
1996-06-04,1.1160
1996-06-05,1.0770
1996-06-06,1.0820
1996-06-07,1.2130
1996-06-10,1.2660
1996-06-11,1.2590
1996-06-12,1.1960
1996-06-13,1.2010
1996-06-14,1.2060
1996-06-17,1.1900
1996-06-18,1.2000
1996-06-19,1.2640
1996-06-20,1.3000
1996-06-21,1.2850
1996-06-24,1.2700
1996-06-25,1.2750
1996-06-26,1.2620
1996-06-27,1.2870
1996-06-28,1.1470
1996-07-01,1.1650
1996-07-02,1.2010
1996-07-03,1.2370
1996-07-04,1.2430
1996-07-05,1.2760
1996-07-08,1.3610
1996-07-09,1.3710
1996-07-10,1.3540
1996-07-11,1.3370
1996-07-12,1.3320
1996-07-15,1.4150
1996-07-16,1.4690
1996-07-17,1.4610
1996-07-18,1.4860
1996-07-19,1.4370
1996-07-22,1.4070
1996-07-23,1.4200
1996-07-24,1.3350
1996-07-25,1.3170
1996-07-26,1.2700
1996-07-29,1.2790
1996-07-30,1.3090
1996-07-31,1.2970
1996-08-01,1.3200
1996-08-02,1.3060
1996-08-05,1.2980
1996-08-06,1.2750
1996-08-07,1.1810
1996-08-08,1.1540
1996-08-09,1.1490
1996-08-12,1.1090
1996-08-13,1.1040
1996-08-14,1.1040
1996-08-15,1.0990
1996-08-16,1.0660
1996-08-19,1.0250
1996-08-20,1.0300
1996-08-21,1.0060
1996-08-22,1.0060
1996-08-23,0.9870
1996-08-26,1.0110
1996-08-27,1.0240
1996-08-28,0.8630
1996-08-29,0.8060
1996-08-30,0.7790
1996-09-02,0.8080
1996-09-03,0.8750
1996-09-04,0.8890
1996-09-05,0.9370
1996-09-06,0.9510
1996-09-09,0.8790
1996-09-10,0.8940
1996-09-11,0.8740
1996-09-12,0.8780
1996-09-13,0.8830
1996-09-17,0.8290
1996-09-18,0.8490
1996-09-19,0.8440
1996-09-20,0.8490
1996-09-24,0.8590
1996-09-25,0.8300
1996-09-26,0.8530
1996-09-27,0.9070
1996-09-30,0.8540
1996-10-01,0.8500
1996-10-02,0.8470
1996-10-03,0.7830
1996-10-04,0.7370
1996-10-07,0.7270
1996-10-08,0.7180
1996-10-09,0.7090
1996-10-11,0.7140
1996-10-14,0.7490
1996-10-15,0.7350
1996-10-16,0.7580
1996-10-17,0.7490
1996-10-18,0.7520
1996-10-21,0.7070
1996-10-22,0.6970
1996-10-23,0.6980
1996-10-24,0.6780
1996-10-25,0.6830
1996-10-28,0.6850
1996-10-29,0.6970
1996-10-30,0.6400
1996-10-31,0.6210
1996-11-01,0.6210
1996-11-05,0.5910
1996-11-06,0.6490
1996-11-07,0.7090
1996-11-08,0.7550
1996-11-11,0.7720
1996-11-12,0.7590
1996-11-13,0.6770
1996-11-14,0.6680
1996-11-15,0.6700
1996-11-18,0.6670
1996-11-19,0.6670
1996-11-20,0.7020
1996-11-21,0.7020
1996-11-22,0.6900
1996-11-25,0.7130
1996-11-26,0.6910
1996-11-27,0.6460
1996-11-28,0.6040
1996-11-29,0.6090
1996-12-02,0.5900
1996-12-03,0.6080
1996-12-04,0.6130
1996-12-05,0.6040
1996-12-06,0.6450
1996-12-09,0.6360
1996-12-10,0.6400
1996-12-11,0.6550
1996-12-12,0.6450
1996-12-13,0.6210
1996-12-16,0.6010
1996-12-17,0.5720
1996-12-18,0.5810
1996-12-19,0.5320
1996-12-20,0.5080
1996-12-24,0.5460
1996-12-25,0.5710
1996-12-26,0.6130
1996-12-27,0.6350
1996-12-30,0.6690
1997-01-06,0.7340
1997-01-07,0.7070
1997-01-08,0.6460
1997-01-09,0.6320
1997-01-10,0.6070
1997-01-13,0.5920
1997-01-14,0.6100
1997-01-16,0.6030
1997-01-17,0.6180
1997-01-20,0.6060
1997-01-21,0.6010
1997-01-22,0.5990
1997-01-23,0.6080
1997-01-24,0.5720
1997-01-27,0.5520
1997-01-28,0.5710
1997-01-29,0.5920
1997-01-30,0.5610
1997-01-31,0.5560
1997-02-03,0.5630
1997-02-04,0.5680
1997-02-05,0.5480
1997-02-06,0.5490
1997-02-07,0.5300
1997-02-10,0.5520
1997-02-12,0.5570
1997-02-13,0.5400
1997-02-14,0.5400
1997-02-17,0.5500
1997-02-18,0.5460
1997-02-19,0.5270
1997-02-20,0.5600
1997-02-21,0.5460
1997-02-24,0.5560
1997-02-25,0.5620
1997-02-26,0.5520
1997-02-27,0.5480
1997-02-28,0.5630
1997-03-03,0.5720
1997-03-04,0.5830
1997-03-05,0.5930
1997-03-06,0.5370
1997-03-07,0.5460
1997-03-10,0.5610
1997-03-11,0.5700
1997-03-12,0.5550
1997-03-13,0.5170
1997-03-14,0.5020
1997-03-17,0.5210
1997-03-18,0.5740
1997-03-19,0.5980
1997-03-21,0.6860
1997-03-24,0.7730
1997-03-25,0.7480
1997-03-26,0.6930
1997-03-27,0.7390
1997-03-28,0.7070
1997-03-31,0.6960
1997-04-01,0.6910
1997-04-02,0.6520
1997-04-03,0.6710
1997-04-04,0.6560
1997-04-07,0.6490
1997-04-08,0.6710
1997-04-09,0.6750
1997-04-10,0.6750
1997-04-11,0.7090
1997-04-14,0.7250
1997-04-15,0.7040
1997-04-16,0.6730
1997-04-17,0.7040
1997-04-18,0.7090
1997-04-21,0.7340
1997-04-22,0.7430
1997-04-23,0.7600
1997-04-24,0.7810
1997-04-25,0.8790
1997-04-28,0.9150
1997-04-30,0.9390
1997-05-01,0.8960
1997-05-02,0.8720
1997-05-06,0.9660
1997-05-07,0.9590
1997-05-08,0.9870
1997-05-09,1.0480
1997-05-12,1.0610
1997-05-13,1.0240
1997-05-14,1.0420
1997-05-15,1.0420
1997-05-16,1.0310
1997-05-19,1.0060
1997-05-20,1.0060
1997-05-21,1.0890
1997-05-22,1.0680
1997-05-23,1.0870
1997-05-26,1.1310
1997-05-27,1.2070
1997-05-28,1.2810
1997-05-29,1.2300
1997-05-30,1.1410
1997-06-02,1.1660
1997-06-03,1.1950
1997-06-04,1.1600
1997-06-05,1.1700
1997-06-06,1.1520
1997-06-09,1.1060
1997-06-10,1.0970
1997-06-11,0.9830
1997-06-12,1.0160
1997-06-13,0.9820
1997-06-16,0.9630
1997-06-17,0.9290
1997-06-18,0.9490
1997-06-19,0.9400
1997-06-20,0.9450
1997-06-23,0.9500
1997-06-24,0.9110
1997-06-25,1.0460
1997-06-26,1.0310
1997-06-27,0.9490
1997-06-30,0.9390
1997-07-01,0.9190
1997-07-02,0.9000
1997-07-03,0.8790
1997-07-04,0.8540
1997-07-07,0.8740
1997-07-08,0.8790
1997-07-09,0.8650
1997-07-10,0.8660
1997-07-11,0.8680
1997-07-14,0.8730
1997-07-15,0.8780
1997-07-16,0.8580
1997-07-17,0.8470
1997-07-18,0.8500
1997-07-22,0.8600
1997-07-23,0.8290
1997-07-24,0.8140
1997-07-25,0.7830
1997-07-28,0.7900
1997-07-29,0.7930
1997-07-30,0.7500
1997-07-31,0.7280
1997-08-01,0.7130
1997-08-04,0.7340
1997-08-05,0.7390
1997-08-06,0.7630
1997-08-07,0.7340
1997-08-08,0.7220
1997-08-11,0.7260
1997-08-12,0.7340
1997-08-13,0.7170
1997-08-14,0.6810
1997-08-15,0.6930
1997-08-18,0.6880
1997-08-19,0.6650
1997-08-20,0.6430
1997-08-21,0.6380
1997-08-22,0.6330
1997-08-25,0.6340
1997-08-26,0.6190
1997-08-27,0.6250
1997-08-28,0.6060
1997-08-29,0.5880
1997-09-01,0.5930
1997-09-02,0.5640
1997-09-03,0.5810
1997-09-04,0.5990
1997-09-05,0.6040
1997-09-08,0.5990
1997-09-09,0.6120
1997-09-10,0.6020
1997-09-11,0.6020
1997-09-12,0.5820
1997-09-16,0.5820
1997-09-17,0.5820
1997-09-18,0.5860
1997-09-19,0.5860
1997-09-22,0.5700
1997-09-24,0.5640
1997-09-25,0.5440
1997-09-26,0.5540
1997-09-29,0.5680
1997-09-30,0.6120
1997-10-01,0.5570
1997-10-02,0.5610
1997-10-03,0.5870
1997-10-06,0.5900
1997-10-07,0.5600
1997-10-08,0.5710
1997-10-09,0.6030
1997-10-13,0.6090
1997-10-14,0.6060
1997-10-15,0.5900
1997-10-16,0.6010
1997-10-17,0.5790
1997-10-20,0.5850
1997-10-21,0.5800
1997-10-22,0.5740
1997-10-23,0.5700
1997-10-24,0.5730
1997-10-27,0.5620
1997-10-28,0.5410
1997-10-29,0.5620
1997-10-30,0.5400
1997-10-31,0.5450
1997-11-04,0.5440
1997-11-05,0.5420
1997-11-06,0.5460
1997-11-07,0.5430
1997-11-10,0.5690
1997-11-11,0.5840
1997-11-12,0.5930
1997-11-13,0.4960
1997-11-14,0.4960
1997-11-17,0.4510
1997-11-18,0.4680
1997-11-19,0.4750
1997-11-20,0.4780
1997-11-21,0.4780
1997-11-25,0.4040
1997-11-26,0.4340
1997-11-27,0.4930
1997-11-28,0.5030
1997-12-01,0.5040
1997-12-02,0.5360
1997-12-03,0.5530
1997-12-04,0.5480
1997-12-05,0.5520
1997-12-08,0.5420
1997-12-09,0.5840
1997-12-10,0.5810
1997-12-11,0.5710
1997-12-12,0.5790
1997-12-15,0.5790
1997-12-16,0.5980
1997-12-17,0.6740
1997-12-18,0.6430
1997-12-19,0.6420
1997-12-22,0.6410
1997-12-24,0.6420
1997-12-25,0.6410
1997-12-26,0.6440
1997-12-29,0.6440
1997-12-30,0.6520
1998-01-05,0.6170
1998-01-06,0.6190
1998-01-07,0.6360
1998-01-08,0.6390
1998-01-09,0.6330
1998-01-12,0.5750
1998-01-13,0.5820
1998-01-14,0.5820
1998-01-16,0.5970
1998-01-19,0.6070
1998-01-20,0.6250
1998-01-21,0.6870
1998-01-22,0.6680
1998-01-23,0.7450
1998-01-26,0.7880
1998-01-27,0.8020
1998-01-28,0.8360
1998-01-29,0.8370
1998-01-30,0.7960
1998-02-02,0.8260
1998-02-03,0.8390
1998-02-04,0.8310
1998-02-05,0.8420
1998-02-06,0.8450
1998-02-09,0.8270
1998-02-10,0.8180
1998-02-12,0.8020
1998-02-13,0.7630
1998-02-16,0.7520
1998-02-17,0.7450
1998-02-18,0.7480
1998-02-19,0.7340
1998-02-20,0.7210
1998-02-23,0.6740
1998-02-24,0.6750
1998-02-25,0.7120
1998-02-26,0.6440
1998-02-27,0.6430
1998-03-02,0.6410
1998-03-03,0.6430
1998-03-04,0.6310
1998-03-05,0.6060
1998-03-06,0.6210
1998-03-09,0.5910
1998-03-10,0.5930
1998-03-11,0.5860
1998-03-12,0.5640
1998-03-13,0.5920
1998-03-16,0.5870
1998-03-17,0.6060
1998-03-18,0.6090
1998-03-19,0.6070
1998-03-20,0.6140
1998-03-23,0.5880
1998-03-24,0.5910
1998-03-25,0.5990
1998-03-26,0.6350
1998-03-27,0.6660
1998-03-30,0.6490
1998-03-31,0.6280
1998-04-01,0.6310
1998-04-02,0.6400
1998-04-03,0.6770
1998-04-06,0.6640
1998-04-07,0.6480
1998-04-08,0.6470
1998-04-09,0.6400
1998-04-10,0.6070
1998-04-13,0.6030
1998-04-14,0.5940
1998-04-15,0.5920
1998-04-16,0.5990
1998-04-17,0.6030
1998-04-20,0.6000
1998-04-21,0.5990
1998-04-22,0.5910
1998-04-23,0.5690
1998-04-24,0.5590
1998-04-27,0.5460
1998-04-28,0.5330
1998-04-30,0.5270
1998-05-01,0.5220
1998-05-06,0.5090
1998-05-07,0.4630
1998-05-08,0.4220
1998-05-11,0.4410
1998-05-12,0.4280
1998-05-13,0.4330
1998-05-14,0.4520
1998-05-15,0.4490
1998-05-18,0.4330
1998-05-19,0.4380
1998-05-20,0.4380
1998-05-21,0.4530
1998-05-22,0.4240
1998-05-25,0.4090
1998-05-26,0.4170
1998-05-27,0.4350
1998-05-28,0.4280
1998-05-29,0.4380
1998-06-01,0.4400
1998-06-02,0.4460
1998-06-03,0.4840
1998-06-04,0.4770
1998-06-05,0.4840
1998-06-08,0.4670
1998-06-09,0.4730
1998-06-10,0.4690
1998-06-11,0.4940
1998-06-12,0.4490
1998-06-15,0.4400
1998-06-16,0.4630
1998-06-17,0.5240
1998-06-18,0.5630
1998-06-19,0.5410
1998-06-22,0.5150
1998-06-23,0.5170
1998-06-24,0.4990
1998-06-25,0.5200
1998-06-26,0.5650
1998-06-29,0.5900
1998-06-30,0.5880
1998-07-01,0.6030
1998-07-02,0.5660
1998-07-03,0.5630
1998-07-06,0.5410
1998-07-07,0.5390
1998-07-08,0.5700
1998-07-09,0.5720
1998-07-10,0.5750
1998-07-13,0.6030
1998-07-14,0.6140
1998-07-15,0.5920
1998-07-16,0.6200
1998-07-17,0.6200
1998-07-21,0.6330
1998-07-22,0.6200
1998-07-23,0.6060
1998-07-24,0.6210
1998-07-27,0.6000
1998-07-28,0.6020
1998-07-29,0.5720
1998-07-30,0.5300
1998-07-31,0.5410
1998-08-03,0.5400
1998-08-04,0.5390
1998-08-05,0.5380
1998-08-06,0.5280
1998-08-07,0.5080
1998-08-10,0.4980
1998-08-11,0.5160
1998-08-12,0.5160
1998-08-13,0.5320
1998-08-14,0.5180
1998-08-17,0.5090
1998-08-18,0.5030
1998-08-19,0.5140
1998-08-20,0.5110
1998-08-21,0.5030
1998-08-24,0.4830
1998-08-25,0.4840
1998-08-26,0.4960
1998-08-27,0.4970
1998-08-28,0.4610
1998-08-31,0.4320
1998-09-01,0.4420
1998-09-02,0.4450
1998-09-03,0.4450
1998-09-04,0.4420
1998-09-07,0.4200
1998-09-08,0.4210
1998-09-09,0.4180
1998-09-10,0.2400
1998-09-11,0.2350
1998-09-14,0.2490
1998-09-16,0.2860
1998-09-17,0.2860
1998-09-18,0.2970
1998-09-21,0.3400
1998-09-22,0.3480
1998-09-24,0.3580
1998-09-25,0.3590
1998-09-28,0.3890
1998-09-29,0.3850
1998-09-30,0.3790
1998-10-01,0.3600
1998-10-02,0.3600
1998-10-05,0.3810
1998-10-06,0.3870
1998-10-07,0.3950
1998-10-08,0.3910
1998-10-09,0.3730
1998-10-12,0.4080
1998-10-13,0.3790
1998-10-14,0.4120
1998-10-15,0.4130
1998-10-16,0.4090
1998-10-19,0.3660
1998-10-20,0.3660
1998-10-21,0.3540
1998-10-22,0.3460
1998-10-23,0.3460
1998-10-26,0.3460
1998-10-27,0.3560
1998-10-28,0.3390
1998-10-29,0.3290
1998-10-30,0.3200
1998-11-02,0.3230
1998-11-04,0.3290
1998-11-05,0.2810
1998-11-06,0.2650
1998-11-09,0.2600
1998-11-10,0.2350
1998-11-11,0.2530
1998-11-12,0.2380
1998-11-13,0.2360
1998-11-16,0.2400
1998-11-17,0.2420
1998-11-18,0.2420
1998-11-19,0.2510
1998-11-20,0.2720
1998-11-24,0.2810
1998-11-25,0.2970
1998-11-26,0.3290
1998-11-27,0.3330
1998-11-30,0.3340
1998-12-01,0.4130
1998-12-02,0.4230
1998-12-03,0.3960
1998-12-04,0.3940
1998-12-07,0.4160
1998-12-08,0.4230
1998-12-09,0.4610
1998-12-10,0.4760
1998-12-11,0.4630
1998-12-14,0.5030
1998-12-15,0.4870
1998-12-16,0.5130
1998-12-17,0.5090
1998-12-18,0.5050
1998-12-21,0.5770
1998-12-22,0.6810
1998-12-24,0.7430
1998-12-25,0.7180
1998-12-28,0.6990
1998-12-29,0.7670
1998-12-30,0.8020
1999-01-04,0.7900
1999-01-05,0.7580
1999-01-06,0.7160
1999-01-07,0.6330
1999-01-08,0.7080
1999-01-11,0.6870
1999-01-12,0.6830
1999-01-13,0.6640
1999-01-14,0.6200
1999-01-18,0.6430
1999-01-19,0.6690
1999-01-20,0.6440
1999-01-21,0.6500
1999-01-22,0.6400
1999-01-25,0.6570
1999-01-26,0.6420
1999-01-27,0.6680
1999-01-28,0.6600
1999-01-29,0.6820
1999-02-01,0.6960
1999-02-02,0.7430
1999-02-03,0.7200
1999-02-04,0.6550
1999-02-05,0.6610
1999-02-08,0.6130
1999-02-09,0.5860
1999-02-10,0.5880
1999-02-12,0.6000
1999-02-15,0.5420
1999-02-16,0.4890
1999-02-17,0.4290
1999-02-18,0.3830
1999-02-19,0.3630
1999-02-22,0.3570
1999-02-23,0.3780
1999-02-24,0.3770
1999-02-25,0.4000
1999-02-26,0.4000
1999-03-01,0.4010
1999-03-02,0.3920
1999-03-03,0.3400
1999-03-04,0.2800
1999-03-05,0.2730
1999-03-08,0.3010
1999-03-09,0.3320
1999-03-10,0.3280
1999-03-11,0.3490
1999-03-12,0.3310
1999-03-15,0.3530
1999-03-16,0.3500
1999-03-17,0.3170
1999-03-18,0.3080
1999-03-19,0.2990
1999-03-23,0.3060
1999-03-24,0.3210
1999-03-25,0.3110
1999-03-26,0.2960
1999-03-29,0.3170
1999-03-30,0.3330
1999-03-31,0.3480
1999-04-01,0.3450
1999-04-02,0.3450
1999-04-05,0.3460
1999-04-06,0.3470
1999-04-07,0.3250
1999-04-08,0.3120
1999-04-09,0.3130
1999-04-12,0.3040
1999-04-13,0.3150
1999-04-14,0.3200
1999-04-15,0.2790
1999-04-16,0.2920
1999-04-19,0.2790
1999-04-20,0.2650
1999-04-21,0.2550
1999-04-22,0.2500
1999-04-23,0.2500
1999-04-26,0.2450
1999-04-27,0.2120
1999-04-28,0.2170
1999-04-30,0.2040
1999-05-06,0.1850
1999-05-07,0.1790
1999-05-10,0.1810
1999-05-11,0.1810
1999-05-12,0.1650
1999-05-13,0.1400
1999-05-14,0.1180
1999-05-17,0.1170
1999-05-18,0.1160
1999-05-19,0.1160
1999-05-20,0.1150
1999-05-21,0.1250
1999-05-24,0.1240
1999-05-25,0.1190
1999-05-26,0.1290
1999-05-27,0.1300
1999-05-28,0.1210
1999-05-31,0.1200
1999-06-01,0.1480
1999-06-02,0.1760
1999-06-03,0.1590
1999-06-04,0.1610
1999-06-07,0.1540
1999-06-08,0.1390
1999-06-09,0.1390
1999-06-10,0.1470
1999-06-11,0.2740
1999-06-14,0.2650
1999-06-15,0.2330
1999-06-16,0.2290
1999-06-17,0.2630
1999-06-18,0.2590
1999-06-21,0.2660
1999-06-22,0.2610
1999-06-23,0.2930
1999-06-24,0.3150
1999-06-25,0.3350
1999-06-28,0.3670
1999-06-29,0.3810
1999-06-30,0.4760
1999-07-01,0.4150
1999-07-02,0.3680
1999-07-05,0.3310
1999-07-06,0.3670
1999-07-07,0.3610
1999-07-08,0.3790
1999-07-09,0.3960
1999-07-12,0.3940
1999-07-13,0.3680
1999-07-14,0.3780
1999-07-15,0.3720
1999-07-16,0.3860
1999-07-19,0.4040
1999-07-21,0.3780
1999-07-22,0.3440
1999-07-23,0.3200
1999-07-26,0.3470
1999-07-27,0.3290
1999-07-28,0.3480
1999-07-29,0.4060
1999-07-30,0.4070
1999-08-02,0.4340
1999-08-03,0.4550
1999-08-04,0.4490
1999-08-05,0.4410
1999-08-06,0.4200
1999-08-09,0.4420
1999-08-10,0.4670
1999-08-11,0.4650
1999-08-12,0.4470
1999-08-13,0.4490
1999-08-16,0.4680
1999-08-17,0.4550
1999-08-18,0.4320
1999-08-19,0.4040
1999-08-20,0.3650
1999-08-23,0.3810
1999-08-24,0.3910
1999-08-25,0.4020
1999-08-26,0.3910
1999-08-27,0.3900
1999-08-30,0.3960
1999-08-31,0.3750
1999-09-01,0.3660
1999-09-02,0.3580
1999-09-03,0.3360
1999-09-06,0.3260
1999-09-07,0.3510
1999-09-08,0.3640
1999-09-09,0.3800
1999-09-10,0.3750
1999-09-13,0.3630
1999-09-14,0.3260
1999-09-16,0.3100
1999-09-17,0.3000
1999-09-20,0.2550
1999-09-21,0.2600
1999-09-22,0.2900
1999-09-24,0.2700
1999-09-27,0.2600
1999-09-28,0.2690
1999-09-29,0.2620
1999-09-30,0.2930
1999-10-01,0.2860
1999-10-04,0.2680
1999-10-05,0.2760
1999-10-06,0.2880
1999-10-07,0.2940
1999-10-08,0.3030
1999-10-12,0.3110
1999-10-13,0.2900
1999-10-14,0.2700
1999-10-15,0.2610
1999-10-18,0.2530
1999-10-19,0.2590
1999-10-20,0.2740
1999-10-21,0.2840
1999-10-22,0.2750
1999-10-25,0.2760
1999-10-26,0.2750
1999-10-27,0.2730
1999-10-28,0.2930
1999-10-29,0.2860
1999-11-01,0.2840
1999-11-02,0.2770
1999-11-04,0.2800
1999-11-05,0.2720
1999-11-08,0.2600
1999-11-09,0.2650
1999-11-10,0.2770
1999-11-11,0.2720
1999-11-12,0.2630
1999-11-15,0.2650
1999-11-16,0.2690
1999-11-17,0.2840
1999-11-18,0.2980
1999-11-19,0.2940
1999-11-22,0.3000
1999-11-24,0.3310
1999-11-25,0.3470
1999-11-26,0.3930
1999-11-29,0.4250
1999-11-30,0.4110
1999-12-01,0.3920
1999-12-02,0.3930
1999-12-03,0.3770
1999-12-06,0.3710
1999-12-07,0.3790
1999-12-08,0.3620
1999-12-09,0.3430
1999-12-10,0.3560
1999-12-13,0.3360
1999-12-14,0.3470
1999-12-15,0.3380
1999-12-16,0.3450
1999-12-17,0.3410
1999-12-20,0.3540
1999-12-21,0.3600
1999-12-22,0.3750
1999-12-24,0.3950
1999-12-27,0.3960
1999-12-28,0.3700
1999-12-29,0.3650
1999-12-30,0.3600
2000-01-04,0.4020
2000-01-05,0.3800
2000-01-06,0.3880
2000-01-07,0.4060
2000-01-11,0.4210
2000-01-12,0.4540
2000-01-13,0.4370
2000-01-14,0.4140
2000-01-17,0.4220
2000-01-18,0.4170
2000-01-19,0.4140
2000-01-20,0.4190
2000-01-21,0.4100
2000-01-24,0.3920
2000-01-25,0.3760
2000-01-26,0.3750
2000-01-27,0.3710
2000-01-28,0.3710
2000-01-31,0.4030
2000-02-01,0.4260
2000-02-02,0.4530
2000-02-03,0.4470
2000-02-04,0.4210
2000-02-07,0.4300
2000-02-08,0.4390
2000-02-09,0.4300
2000-02-10,0.4330
2000-02-14,0.4280
2000-02-15,0.4140
2000-02-16,0.4110
2000-02-17,0.4170
2000-02-18,0.3980
2000-02-21,0.3850
2000-02-22,0.3910
2000-02-23,0.3910
2000-02-24,0.4070
2000-02-25,0.4120
2000-02-28,0.4040
2000-02-29,0.4090
2000-03-01,0.4050
2000-03-02,0.4130
2000-03-03,0.4250
2000-03-06,0.4290
2000-03-07,0.4390
2000-03-08,0.4240
2000-03-09,0.4340
2000-03-10,0.4400
2000-03-13,0.4410
2000-03-14,0.4410
2000-03-15,0.4460
2000-03-16,0.4620
2000-03-17,0.4680
2000-03-21,0.4910
2000-03-22,0.4720
2000-03-23,0.4570
2000-03-24,0.4730
2000-03-27,0.5000
2000-03-28,0.5010
2000-03-29,0.5070
2000-03-30,0.5010
2000-03-31,0.4930
2000-04-03,0.4910
2000-04-04,0.4820
2000-04-05,0.4730
2000-04-06,0.4620
2000-04-07,0.4530
2000-04-10,0.4660
2000-04-11,0.4660
2000-04-12,0.4680
2000-04-13,0.5150
2000-04-14,0.5100
2000-04-17,0.4700
2000-04-18,0.4720
2000-04-19,0.4680
2000-04-20,0.4780
2000-04-21,0.4690
2000-04-24,0.4560
2000-04-25,0.4410
2000-04-26,0.4310
2000-04-27,0.4320
2000-04-28,0.4370
2000-05-01,0.4270
2000-05-02,0.4240
2000-05-08,0.4150
2000-05-09,0.4010
2000-05-10,0.3990
2000-05-11,0.3860
2000-05-12,0.3900
2000-05-15,0.3960
2000-05-16,0.4010
2000-05-17,0.4110
2000-05-18,0.3920
2000-05-19,0.3980
2000-05-22,0.3810
2000-05-23,0.3810
2000-05-24,0.3720
2000-05-25,0.3730
2000-05-26,0.3730
2000-05-29,0.3740
2000-05-30,0.4010
2000-05-31,0.4030
2000-06-01,0.4160
2000-06-02,0.4390
2000-06-05,0.4720
2000-06-06,0.4780
2000-06-07,0.4760
2000-06-08,0.4770
2000-06-09,0.4500
2000-06-12,0.4580
2000-06-13,0.4530
2000-06-14,0.4590
2000-06-15,0.4450
2000-06-16,0.4220
2000-06-19,0.4200
2000-06-20,0.4400
2000-06-21,0.4660
2000-06-22,0.4710
2000-06-23,0.4820
2000-06-26,0.5090
2000-06-27,0.5100
2000-06-28,0.5000
2000-06-29,0.5250
2000-06-30,0.5240
2000-07-03,0.5260
2000-07-04,0.5070
2000-07-05,0.5130
2000-07-06,0.4990
2000-07-07,0.5050
2000-07-10,0.5070
2000-07-11,0.5250
2000-07-12,0.5380
2000-07-13,0.4850
2000-07-14,0.4860
2000-07-17,0.4890
2000-07-18,0.4720
2000-07-19,0.4770
2000-07-21,0.4790
2000-07-24,0.4750
2000-07-25,0.4810
2000-07-26,0.4710
2000-07-27,0.4610
2000-07-28,0.4460
2000-07-31,0.4480
2000-08-01,0.4550
2000-08-02,0.4560
2000-08-03,0.4560
2000-08-04,0.4570
2000-08-07,0.4530
2000-08-08,0.4690
2000-08-09,0.5040
2000-08-10,0.5350
2000-08-11,0.5210
2000-08-14,0.5300
2000-08-15,0.5460
2000-08-16,0.5570
2000-08-17,0.5470
2000-08-18,0.5480
2000-08-21,0.5560
2000-08-22,0.5660
2000-08-23,0.5920
2000-08-24,0.5970
2000-08-25,0.6130
2000-08-28,0.6300
2000-08-29,0.6520
2000-08-30,0.6460
2000-08-31,0.6450
2000-09-01,0.6620
2000-09-04,0.6580
2000-09-05,0.6610
2000-09-06,0.6670
2000-09-07,0.6600
2000-09-08,0.6280
2000-09-11,0.6200
2000-09-12,0.6110
2000-09-13,0.6120
2000-09-14,0.6230
2000-09-18,0.6230
2000-09-19,0.6190
2000-09-20,0.6240
2000-09-21,0.6350
2000-09-22,0.6190
2000-09-25,0.6310
2000-09-26,0.6460
2000-09-27,0.6460
2000-09-28,0.6550
2000-09-29,0.6460
2000-10-02,0.6410
2000-10-03,0.6310
2000-10-04,0.6270
2000-10-05,0.6200
2000-10-06,0.6180
2000-10-10,0.6150
2000-10-11,0.6040
2000-10-12,0.6040
2000-10-13,0.5860
2000-10-16,0.5840
2000-10-17,0.5900
2000-10-18,0.5910
2000-10-19,0.5830
2000-10-20,0.5790
2000-10-23,0.5900
2000-10-24,0.5940
2000-10-25,0.5900
2000-10-26,0.5800
2000-10-27,0.5750
2000-10-30,0.5710
2000-10-31,0.5710
2000-11-01,0.5790
2000-11-02,0.5640
2000-11-06,0.5630
2000-11-07,0.5670
2000-11-08,0.5810
2000-11-09,0.5790
2000-11-10,0.5820
2000-11-13,0.5720
2000-11-14,0.5830
2000-11-15,0.5790
2000-11-16,0.5710
2000-11-17,0.5620
2000-11-20,0.5550
2000-11-21,0.5550
2000-11-22,0.5550
2000-11-24,0.5550
2000-11-27,0.5600
2000-11-28,0.5600
2000-11-29,0.5550
2000-11-30,0.5450
2000-12-01,0.5550
2000-12-04,0.5690
2000-12-05,0.5660
2000-12-06,0.5720
2000-12-07,0.5500
2000-12-08,0.5630
2000-12-11,0.6060
2000-12-12,0.5930
2000-12-13,0.5910
2000-12-14,0.5640
2000-12-15,0.5550
2000-12-18,0.5630
2000-12-19,0.5590
2000-12-20,0.5550
2000-12-21,0.5330
2000-12-22,0.5170
2000-12-25,0.5100
2000-12-26,0.5050
2000-12-27,0.4990
2000-12-28,0.5150
2000-12-29,0.5150
2001-01-04,0.4750
2001-01-05,0.4540
2001-01-09,0.4440
2001-01-10,0.4550
2001-01-11,0.4470
2001-01-12,0.4430
2001-01-15,0.4480
2001-01-16,0.4440
2001-01-17,0.4450
2001-01-18,0.4260
2001-01-19,0.4160
2001-01-22,0.3780
2001-01-23,0.3770
2001-01-24,0.3870
2001-01-25,0.3770
2001-01-26,0.3710
2001-01-29,0.3760
2001-01-30,0.3910
2001-01-31,0.3900
2001-02-01,0.3960
2001-02-02,0.4170
2001-02-05,0.4010
2001-02-06,0.4050
2001-02-07,0.3950
2001-02-08,0.3650
2001-02-09,0.3390
2001-02-13,0.3280
2001-02-14,0.3330
2001-02-15,0.3240
2001-02-16,0.3240
2001-02-19,0.3060
2001-02-20,0.3110
2001-02-21,0.3020
2001-02-22,0.3120
2001-02-23,0.2780
2001-02-26,0.2480
2001-02-27,0.2480
2001-02-28,0.2420
2001-03-01,0.1800
2001-03-02,0.1790
2001-03-05,0.1780
2001-03-06,0.1780
2001-03-07,0.1750
2001-03-08,0.1780
2001-03-09,0.1800
2001-03-12,0.1700
2001-03-13,0.1650
2001-03-14,0.1370
2001-03-15,0.1170
2001-03-16,0.1060
2001-03-19,0.1050
2001-03-21,0.0850
2001-03-22,0.0840
2001-03-23,0.1050
2001-03-26,0.1040
2001-03-27,0.1270
2001-03-28,0.1480
2001-03-29,0.1490
2001-03-30,0.1330
2001-04-02,0.1500
2001-04-03,0.1430
2001-04-04,0.1280
2001-04-05,0.1260
2001-04-06,0.1170
2001-04-09,0.1180
2001-04-10,0.1180
2001-04-11,0.1110
2001-04-12,0.1250
2001-04-13,0.1160
2001-04-16,0.1170
2001-04-17,0.1170
2001-04-18,0.1230
2001-04-19,0.1090
2001-04-20,0.0990
2001-04-23,0.0950
2001-04-24,0.0950
2001-04-25,0.1010
2001-04-26,0.0970
2001-04-27,0.0970
2001-05-01,0.0980
2001-05-02,0.0990
2001-05-07,0.0950
2001-05-08,0.0960
2001-05-09,0.0880
2001-05-10,0.0730
2001-05-11,0.0530
2001-05-14,0.0550
2001-05-15,0.0690
2001-05-16,0.0640
2001-05-17,0.0600
2001-05-18,0.0450
2001-05-21,0.0500
2001-05-22,0.0550
2001-05-23,0.0550
2001-05-24,0.0550
2001-05-25,0.0560
2001-05-28,0.0560
2001-05-29,0.0560
2001-05-30,0.0560
2001-05-31,0.0520
2001-06-01,0.0520
2001-06-04,0.0550
2001-06-05,0.0520
2001-06-06,0.0580
2001-06-07,0.0550
2001-06-08,0.0550
2001-06-11,0.0530
2001-06-12,0.0550
2001-06-13,0.0540
2001-06-14,0.0490
2001-06-15,0.0540
2001-06-18,0.0550
2001-06-19,0.0550
2001-06-20,0.0550
2001-06-21,0.0550
2001-06-22,0.0550
2001-06-25,0.0600
2001-06-26,0.0660
2001-06-27,0.0660
2001-06-28,0.0670
2001-06-29,0.0730
2001-07-02,0.0780
2001-07-03,0.0790
2001-07-04,0.0790
2001-07-05,0.0770
2001-07-06,0.0770
2001-07-09,0.0810
2001-07-10,0.0830
2001-07-11,0.0810
2001-07-12,0.0780
2001-07-13,0.0780
2001-07-16,0.0790
2001-07-17,0.0840
2001-07-18,0.0840
2001-07-19,0.0840
2001-07-23,0.0850
2001-07-24,0.0850
2001-07-25,0.0900
2001-07-26,0.0900
2001-07-27,0.0900
2001-07-30,0.0910
2001-07-31,0.0910
2001-08-01,0.0910
2001-08-02,0.0970
2001-08-03,0.1040
2001-08-06,0.1220
2001-08-07,0.1360
2001-08-08,0.1260
2001-08-09,0.1180
2001-08-10,0.1020
2001-08-13,0.0950
2001-08-14,0.0850
2001-08-15,0.0700
2001-08-16,0.0700
2001-08-17,0.0800
2001-08-20,0.0850
2001-08-21,0.0950
2001-08-22,0.0950
2001-08-23,0.0950
2001-08-24,0.0900
2001-08-27,0.0870
2001-08-28,0.0860
2001-08-29,0.0860
2001-08-30,0.0860
2001-08-31,0.0860
2001-09-03,0.0870
2001-09-04,0.0850
2001-09-05,0.0770
2001-09-06,0.0720
2001-09-07,0.0650
2001-09-10,0.0630
2001-09-11,0.0680
2001-09-12,0.0650
2001-09-13,0.0640
2001-09-14,0.0650
2001-09-17,0.0600
2001-09-18,0.0600
2001-09-19,0.0700
2001-09-20,0.0790
2001-09-21,0.0800
2001-09-25,0.0800
2001-09-26,0.0850
2001-09-27,0.0860
2001-09-28,0.0850
2001-10-01,0.0860
2001-10-02,0.0810
2001-10-03,0.0820
2001-10-04,0.0820
2001-10-05,0.0840
2001-10-09,0.0860
2001-10-10,0.0860
2001-10-11,0.0810
2001-10-12,0.0830
2001-10-15,0.0840
2001-10-16,0.0800
2001-10-17,0.0840
2001-10-18,0.0850
2001-10-19,0.0850
2001-10-22,0.0900
2001-10-23,0.0860
2001-10-24,0.0860
2001-10-25,0.0850
2001-10-26,0.0850
2001-10-29,0.0850
2001-10-30,0.0860
2001-10-31,0.0870
2001-11-01,0.0870
2001-11-02,0.0870
2001-11-05,0.0870
2001-11-06,0.0870
2001-11-07,0.0850
2001-11-08,0.0830
2001-11-09,0.0830
2001-11-12,0.0830
2001-11-13,0.0840
2001-11-14,0.0850
2001-11-15,0.0890
2001-11-16,0.0890
2001-11-19,0.0900
2001-11-20,0.0900
2001-11-21,0.0900
2001-11-22,0.0900
2001-11-26,0.0970
2001-11-27,0.1000
2001-11-28,0.1000
2001-11-29,0.1160
2001-11-30,0.1050
2001-12-03,0.1050
2001-12-04,0.1000
2001-12-05,0.0900
2001-12-06,0.0900
2001-12-07,0.0900
2001-12-10,0.0880
2001-12-11,0.0850
2001-12-12,0.0850
2001-12-13,0.0850
2001-12-14,0.0850
2001-12-17,0.0850
2001-12-18,0.0850
2001-12-19,0.0850
2001-12-20,0.0840
2001-12-21,0.0750
2001-12-25,0.0750
2001-12-26,0.0750
2001-12-27,0.0760
2001-12-28,0.0760
2002-01-04,0.0790
2002-01-07,0.0770
2002-01-08,0.0780
2002-01-09,0.0780
2002-01-10,0.0780
2002-01-11,0.0760
2002-01-15,0.0780
2002-01-16,0.0740
2002-01-17,0.0790
2002-01-18,0.0740
2002-01-21,0.0800
2002-01-22,0.0810
2002-01-23,0.0710
2002-01-24,0.0710
2002-01-25,0.0710
2002-01-28,0.0670
2002-01-29,0.0720
2002-01-30,0.0710
2002-01-31,0.0650
2002-02-01,0.0630
2002-02-04,0.0600
2002-02-05,0.0600
2002-02-06,0.0570
2002-02-07,0.0600
2002-02-08,0.0570
2002-02-12,0.0550
2002-02-13,0.0600
2002-02-14,0.0600
2002-02-15,0.0550
2002-02-18,0.0600
2002-02-19,0.0700
2002-02-20,0.0750
2002-02-21,0.0800
2002-02-22,0.0800
2002-02-25,0.0810
2002-02-26,0.0860
2002-02-27,0.0860
2002-02-28,0.0810
2002-03-01,0.0810
2002-03-04,0.0750
2002-03-05,0.0720
2002-03-06,0.0700
2002-03-07,0.0650
2002-03-08,0.0650
2002-03-11,0.0680
2002-03-12,0.0630
2002-03-13,0.0600
2002-03-14,0.0580
2002-03-15,0.0590
2002-03-18,0.0550
2002-03-19,0.0500
2002-03-20,0.0490
2002-03-22,0.0450
2002-03-25,0.0500
2002-03-26,0.0500
2002-03-27,0.0500
2002-03-28,0.0500
2002-03-29,0.0510
2002-04-01,0.0560
2002-04-02,0.0500
2002-04-03,0.0520
2002-04-04,0.0520
2002-04-05,0.0550
2002-04-08,0.0550
2002-04-09,0.0550
2002-04-10,0.0530
2002-04-11,0.0500
2002-04-12,0.0530
2002-04-15,0.0530
2002-04-16,0.0540
2002-04-17,0.0540
2002-04-18,0.0550
2002-04-19,0.0550
2002-04-22,0.0550
2002-04-23,0.0550
2002-04-24,0.0600
2002-04-25,0.0590
2002-04-26,0.0550
2002-04-30,0.0550
2002-05-01,0.0530
2002-05-02,0.0500
2002-05-07,0.0520
2002-05-08,0.0520
2002-05-09,0.0520
2002-05-10,0.0520
2002-05-13,0.0510
2002-05-14,0.0510
2002-05-15,0.0510
2002-05-16,0.0510
2002-05-17,0.0510
2002-05-20,0.0500
2002-05-21,0.0550
2002-05-22,0.0500
2002-05-23,0.0610
2002-05-24,0.0610
2002-05-27,0.0660
2002-05-28,0.0610
2002-05-29,0.0660
2002-05-30,0.0660
2002-05-31,0.0670
2002-06-03,0.0670
2002-06-04,0.0670
2002-06-05,0.0670
2002-06-06,0.0670
2002-06-07,0.0680
2002-06-10,0.0680
2002-06-11,0.0680
2002-06-12,0.0680
2002-06-13,0.0690
2002-06-14,0.0690
2002-06-17,0.0650
2002-06-18,0.0650
2002-06-19,0.0650
2002-06-20,0.0650
2002-06-21,0.0650
2002-06-24,0.0650
2002-06-25,0.0600
2002-06-26,0.0600
2002-06-27,0.0600
2002-06-28,0.0600
2002-07-01,0.0600
2002-07-02,0.0600
2002-07-03,0.0600
2002-07-04,0.0600
2002-07-05,0.0600
2002-07-08,0.0550
2002-07-09,0.0550
2002-07-10,0.0550
2002-07-11,0.0520
2002-07-12,0.0550
2002-07-15,0.0510
2002-07-16,0.0510
2002-07-17,0.0510
2002-07-18,0.0500
2002-07-19,0.0500
2002-07-22,0.0550
2002-07-23,0.0550
2002-07-24,0.0550
2002-07-25,0.0500
2002-07-26,0.0450
2002-07-29,0.0460
2002-07-30,0.0460
2002-07-31,0.0400
2002-08-01,0.0350
2002-08-02,0.0330
2002-08-05,0.0320
2002-08-06,0.0320
2002-08-07,0.0320
2002-08-08,0.0320
2002-08-09,0.0320
2002-08-12,0.0310
2002-08-13,0.0310
2002-08-14,0.0310
2002-08-15,0.0310
2002-08-16,0.0310
2002-08-19,0.0300
2002-08-20,0.0300
2002-08-21,0.0200
2002-08-22,0.0150
2002-08-23,0.0150
2002-08-26,0.0200
2002-08-27,0.0190
2002-08-28,0.0190
2002-08-29,0.0200
2002-08-30,0.0200
2002-09-02,0.0200
2002-09-03,0.0200
2002-09-04,0.0200
2002-09-05,0.0200
2002-09-06,0.0200
2002-09-09,0.0200
2002-09-10,0.0200
2002-09-11,0.0250
2002-09-12,0.0250
2002-09-13,0.0250
2002-09-17,0.0250
2002-09-18,0.0390
2002-09-19,0.0390
2002-09-20,0.0450
2002-09-24,0.0500
2002-09-25,0.0500
2002-09-26,0.0500
2002-09-27,0.0550
2002-09-30,0.0560
2002-10-01,0.0430
2002-10-02,0.0430
2002-10-03,0.0430
2002-10-04,0.0430
2002-10-07,0.0420
2002-10-08,0.0420
2002-10-09,0.0400
2002-10-10,0.0400
2002-10-11,0.0400
2002-10-15,0.0400
2002-10-16,0.0400
2002-10-17,0.0400
2002-10-18,0.0400
2002-10-21,0.0450
2002-10-22,0.0450
2002-10-23,0.0450
2002-10-24,0.0460
2002-10-25,0.0460
2002-10-28,0.0460
2002-10-29,0.0460
2002-10-30,0.0460
2002-10-31,0.0380
2002-11-01,0.0380
2002-11-05,0.0370
2002-11-06,0.0400
2002-11-07,0.0400
2002-11-08,0.0400
2002-11-11,0.0400
2002-11-12,0.0400
2002-11-13,0.0400
2002-11-14,0.0400
2002-11-15,0.0400
2002-11-18,0.0390
2002-11-19,0.0400
2002-11-20,0.0400
2002-11-21,0.0500
2002-11-22,0.0550
2002-11-25,0.0550
2002-11-26,0.0550
2002-11-27,0.0550
2002-11-28,0.0550
2002-11-29,0.0550
2002-12-02,0.0550
2002-12-03,0.0550
2002-12-04,0.0550
2002-12-05,0.0550
2002-12-06,0.0550
2002-12-09,0.0550
2002-12-10,0.0550
2002-12-11,0.0550
2002-12-12,0.0550
2002-12-13,0.0550
2002-12-16,0.0540
2002-12-17,0.0500
2002-12-18,0.0500
2002-12-19,0.0500
2002-12-20,0.0550
2002-12-24,0.0560
2002-12-25,0.0560
2002-12-26,0.0500
2002-12-27,0.0500
2002-12-30,0.0500
2003-01-06,0.0500
2003-01-07,0.0500
2003-01-08,0.0500
2003-01-09,0.0500
2003-01-10,0.0500
2003-01-14,0.0500
2003-01-15,0.0500
2003-01-16,0.0500
2003-01-17,0.0500
2003-01-20,0.0550
2003-01-21,0.0550
2003-01-22,0.0550
2003-01-23,0.0550
2003-01-24,0.0500
2003-01-27,0.0510
2003-01-28,0.0510
2003-01-29,0.0510
2003-01-30,0.0430
2003-01-31,0.0430
2003-02-03,0.0430
2003-02-04,0.0420
2003-02-05,0.0420
2003-02-06,0.0420
2003-02-07,0.0420
2003-02-10,0.0450
2003-02-12,0.0450
2003-02-13,0.0450
2003-02-14,0.0450
2003-02-17,0.0450
2003-02-18,0.0450
2003-02-19,0.0450
2003-02-20,0.0500
2003-02-21,0.0500
2003-02-24,0.0500
2003-02-25,0.0500
2003-02-26,0.0500
2003-02-27,0.0500
2003-02-28,0.0500
2003-03-03,0.0500
2003-03-04,0.0500
2003-03-05,0.0500
2003-03-06,0.0500
2003-03-07,0.0500
2003-03-10,0.0500
2003-03-11,0.0500
2003-03-12,0.0500
2003-03-13,0.0500
2003-03-14,0.0500
2003-03-17,0.0500
2003-03-18,0.0500
2003-03-19,0.0500
2003-03-20,0.0550
2003-03-24,0.0550
2003-03-25,0.0560
2003-03-26,0.0560
2003-03-27,0.0600
2003-03-28,0.0600
2003-03-31,0.0600
2003-04-01,0.0600
2003-04-02,0.0600
2003-04-03,0.0600
2003-04-04,0.0600
2003-04-07,0.0600
2003-04-08,0.0600
2003-04-09,0.0600
2003-04-10,0.0600
2003-04-11,0.0600
2003-04-14,0.0600
2003-04-15,0.0560
2003-04-16,0.0560
2003-04-17,0.0550
2003-04-18,0.0550
2003-04-21,0.0600
2003-04-22,0.0600
2003-04-23,0.0600
2003-04-24,0.0590
2003-04-25,0.0550
2003-04-28,0.0540
2003-04-30,0.0500
2003-05-01,0.0480
2003-05-02,0.0450
2003-05-06,0.0470
2003-05-07,0.0470
2003-05-08,0.0470
2003-05-09,0.0450
2003-05-12,0.0450
2003-05-13,0.0450
2003-05-14,0.0450
2003-05-15,0.0450
2003-05-16,0.0440
2003-05-19,0.0400
2003-05-20,0.0450
2003-05-21,0.0400
2003-05-22,0.0400
2003-05-23,0.0400
2003-05-26,0.0400
2003-05-27,0.0400
2003-05-28,0.0400
2003-05-29,0.0400
2003-05-30,0.0400
2003-06-02,0.0430
2003-06-03,0.0430
2003-06-04,0.0430
2003-06-05,0.0400
2003-06-06,0.0350
2003-06-09,0.0350
2003-06-10,0.0350
2003-06-11,0.0350
2003-06-12,0.0350
2003-06-13,0.0350
2003-06-16,0.0350
2003-06-17,0.0350
2003-06-18,0.0350
2003-06-19,0.0450
2003-06-20,0.0400
2003-06-23,0.0450
2003-06-24,0.0510
2003-06-25,0.0560
2003-06-26,0.0560
2003-06-27,0.0600
2003-06-30,0.0750
2003-07-01,0.0820
2003-07-02,0.0920
2003-07-03,0.1040
2003-07-04,0.1050
2003-07-07,0.1060
2003-07-08,0.1110
2003-07-09,0.1010
2003-07-10,0.0830
2003-07-11,0.0840
2003-07-14,0.0850
2003-07-15,0.0890
2003-07-16,0.0940
2003-07-17,0.0950
2003-07-18,0.0950
2003-07-22,0.0950
2003-07-23,0.0960
2003-07-24,0.0960
2003-07-25,0.0860
2003-07-28,0.0810
2003-07-29,0.0820
2003-07-30,0.0820
2003-07-31,0.0700
2003-08-01,0.0700
2003-08-04,0.0700
2003-08-05,0.0700
2003-08-06,0.0700
2003-08-07,0.0700
2003-08-08,0.0700
2003-08-11,0.0700
2003-08-12,0.0700
2003-08-13,0.0700
2003-08-14,0.0750
2003-08-15,0.0790
2003-08-18,0.0850
2003-08-19,0.1150
2003-08-20,0.1800
2003-08-21,0.1560
2003-08-22,0.1710
2003-08-25,0.1890
2003-08-26,0.2040
2003-08-27,0.1900
2003-08-28,0.1820
2003-08-29,0.1870
2003-09-01,0.2200
2003-09-02,0.2620
2003-09-03,0.2550
2003-09-04,0.1910
2003-09-05,0.1630
2003-09-08,0.1650
2003-09-09,0.1950
2003-09-10,0.1920
2003-09-11,0.1670
2003-09-12,0.1580
2003-09-16,0.1340
2003-09-17,0.1340
2003-09-18,0.1290
2003-09-19,0.1340
2003-09-22,0.1250
2003-09-24,0.1310
2003-09-25,0.1570
2003-09-26,0.1680
2003-09-29,0.1750
2003-09-30,0.1760
2003-10-01,0.1510
2003-10-02,0.1300
2003-10-03,0.1230
2003-10-06,0.1220
2003-10-07,0.1070
2003-10-08,0.0950
2003-10-09,0.0950
2003-10-10,0.0920
2003-10-14,0.0920
2003-10-15,0.0880
2003-10-16,0.0880
2003-10-17,0.1090
2003-10-20,0.1500
2003-10-21,0.1360
2003-10-22,0.1060
2003-10-23,0.1010
2003-10-24,0.1070
2003-10-27,0.1180
2003-10-28,0.1240
2003-10-29,0.1240
2003-10-30,0.1310
2003-10-31,0.1370
2003-11-04,0.1540
2003-11-05,0.1600
2003-11-06,0.1610
2003-11-07,0.1640
2003-11-10,0.1580
2003-11-11,0.1390
2003-11-12,0.1350
2003-11-13,0.1350
2003-11-14,0.1300
2003-11-17,0.1130
2003-11-18,0.1240
2003-11-19,0.1240
2003-11-20,0.1300
2003-11-21,0.1260
2003-11-25,0.1280
2003-11-26,0.1430
2003-11-27,0.1410
2003-11-28,0.1320
2003-12-01,0.1340
2003-12-02,0.1400
2003-12-03,0.1390
2003-12-04,0.1420
2003-12-05,0.1350
2003-12-08,0.1320
2003-12-09,0.1260
2003-12-10,0.1170
2003-12-11,0.1170
2003-12-12,0.1150
2003-12-15,0.1170
2003-12-16,0.1120
2003-12-17,0.1130
2003-12-18,0.1140
2003-12-19,0.1140
2003-12-22,0.1160
2003-12-24,0.1270
2003-12-25,0.1080
2003-12-26,0.1020
2003-12-29,0.1080
2003-12-30,0.1100
2004-01-05,0.1150
2004-01-06,0.1130
2004-01-07,0.1130
2004-01-08,0.1090
2004-01-09,0.1010
2004-01-13,0.0890
2004-01-14,0.0890
2004-01-15,0.0830
2004-01-16,0.0830
2004-01-19,0.0850
2004-01-20,0.0900
2004-01-21,0.0800
2004-01-22,0.0760
2004-01-23,0.0760
2004-01-26,0.0770
2004-01-27,0.0770
2004-01-28,0.0770
2004-01-29,0.0710
2004-01-30,0.0680
2004-02-02,0.0670
2004-02-03,0.0640
2004-02-04,0.0620
2004-02-05,0.0570
2004-02-06,0.0570
2004-02-09,0.0560
2004-02-10,0.0530
2004-02-12,0.0480
2004-02-13,0.0480
2004-02-16,0.0490
2004-02-17,0.0490
2004-02-18,0.0490
2004-02-19,0.0500
2004-02-20,0.0550
2004-02-23,0.0560
2004-02-24,0.0560
2004-02-25,0.0560
2004-02-26,0.0560
2004-02-27,0.0560
2004-03-01,0.0550
2004-03-02,0.0720
2004-03-03,0.1110
2004-03-04,0.1090
2004-03-05,0.1150
2004-03-08,0.1110
2004-03-09,0.0980
2004-03-10,0.0830
2004-03-11,0.0830
2004-03-12,0.0820
2004-03-15,0.0930
2004-03-16,0.0940
2004-03-17,0.1040
2004-03-18,0.1140
2004-03-19,0.1250
2004-03-22,0.1310
2004-03-23,0.1210
2004-03-24,0.1170
2004-03-25,0.1060
2004-03-26,0.1120
2004-03-29,0.1230
2004-03-30,0.1230
2004-03-31,0.1180
2004-04-01,0.1190
2004-04-02,0.1190
2004-04-05,0.1300
2004-04-06,0.1380
2004-04-07,0.1310
2004-04-08,0.1310
2004-04-09,0.1280
2004-04-12,0.1320
2004-04-13,0.1290
2004-04-14,0.1370
2004-04-15,0.1280
2004-04-16,0.1290
2004-04-19,0.1250
2004-04-20,0.1300
2004-04-21,0.1360
2004-04-22,0.1310
2004-04-23,0.1270
2004-04-26,0.1230
2004-04-27,0.1240
2004-04-28,0.1340
2004-04-30,0.1350
2004-05-06,0.1350
2004-05-07,0.1310
2004-05-10,0.1320
2004-05-11,0.1320
2004-05-12,0.1290
2004-05-13,0.1180
2004-05-14,0.1180
2004-05-17,0.1140
2004-05-18,0.1290
2004-05-19,0.1300
2004-05-20,0.1300
2004-05-21,0.1300
2004-05-24,0.1320
2004-05-25,0.1320
2004-05-26,0.1380
2004-05-27,0.1330
2004-05-28,0.1340
2004-05-31,0.1350
2004-06-01,0.1360
2004-06-02,0.1340
2004-06-03,0.1240
2004-06-04,0.1220
2004-06-07,0.1250
2004-06-08,0.1410
2004-06-09,0.1950
2004-06-10,0.2290
2004-06-11,0.2160
2004-06-14,0.2510
2004-06-15,0.2240
2004-06-16,0.2280
2004-06-17,0.2190
2004-06-18,0.2090
2004-06-21,0.1960
2004-06-22,0.1960
2004-06-23,0.1970
2004-06-24,0.1970
2004-06-25,0.1820
2004-06-28,0.1940
2004-06-29,0.1800
2004-06-30,0.1610
2004-07-01,0.1760
2004-07-02,0.1570
2004-07-05,0.1580
2004-07-06,0.1540
2004-07-07,0.1540
2004-07-08,0.1550
2004-07-09,0.1520
2004-07-12,0.1480
2004-07-13,0.1480
2004-07-14,0.1530
2004-07-15,0.1640
2004-07-16,0.1640
2004-07-20,0.1650
2004-07-21,0.1750
2004-07-22,0.1760
2004-07-23,0.1920
2004-07-26,0.1930
2004-07-27,0.2040
2004-07-28,0.2200
2004-07-29,0.1990
2004-07-30,0.2050
2004-08-02,0.2080
2004-08-03,0.2090
2004-08-04,0.1950
2004-08-05,0.1930
2004-08-06,0.1880
2004-08-09,0.1800
2004-08-10,0.1770
2004-08-11,0.1860
2004-08-12,0.1770
2004-08-13,0.1620
2004-08-16,0.1530
2004-08-17,0.1590
2004-08-18,0.1490
2004-08-19,0.1500
2004-08-20,0.1500
2004-08-23,0.1560
2004-08-24,0.1620
2004-08-25,0.1730
2004-08-26,0.1620
2004-08-27,0.1570
2004-08-30,0.1580
2004-08-31,0.1500
2004-09-01,0.1440
2004-09-02,0.1440
2004-09-03,0.1440
2004-09-06,0.1530
2004-09-07,0.1550
2004-09-08,0.1560
2004-09-09,0.1410
2004-09-10,0.1360
2004-09-13,0.1410
2004-09-14,0.1420
2004-09-15,0.1340
2004-09-16,0.1380
2004-09-17,0.1340
2004-09-21,0.1350
2004-09-22,0.1350
2004-09-24,0.1350
2004-09-27,0.1360
2004-09-28,0.1270
2004-09-29,0.1270
2004-09-30,0.1270
2004-10-01,0.1270
2004-10-04,0.1330
2004-10-05,0.1360
2004-10-06,0.1310
2004-10-07,0.1290
2004-10-08,0.1270
2004-10-12,0.1180
2004-10-13,0.1230
2004-10-14,0.1230
2004-10-15,0.1230
2004-10-18,0.1290
2004-10-19,0.1290
2004-10-20,0.1250
2004-10-21,0.1210
2004-10-22,0.1260
2004-10-25,0.1170
2004-10-26,0.1180
2004-10-27,0.1180
2004-10-28,0.1180
2004-10-29,0.1180
2004-11-01,0.1190
2004-11-02,0.1240
2004-11-04,0.1220
2004-11-05,0.1200
2004-11-08,0.1210
2004-11-09,0.1190
2004-11-10,0.1150
2004-11-11,0.1070
2004-11-12,0.1070
2004-11-15,0.1120
2004-11-16,0.1080
2004-11-17,0.1090
2004-11-18,0.1040
2004-11-19,0.1050
2004-11-22,0.1010
2004-11-24,0.1020
2004-11-25,0.1000
2004-11-26,0.1010
2004-11-29,0.1030
2004-11-30,0.1030
2004-12-01,0.1030
2004-12-02,0.1040
2004-12-03,0.1040
2004-12-06,0.1050
2004-12-07,0.1050
2004-12-08,0.1010
2004-12-09,0.0930
2004-12-10,0.0910
2004-12-13,0.0890
2004-12-14,0.0890
2004-12-15,0.0890
2004-12-16,0.0890
2004-12-17,0.0840
2004-12-20,0.0850
2004-12-21,0.0850
2004-12-22,0.0860
2004-12-24,0.0910
2004-12-27,0.0970
2004-12-28,0.1020
2004-12-29,0.1030
2004-12-30,0.1030
2005-01-04,0.0970
2005-01-05,0.0970
2005-01-06,0.0970
2005-01-07,0.0950
2005-01-11,0.0930
2005-01-12,0.0880
2005-01-13,0.0890
2005-01-14,0.0890
2005-01-17,0.0940
2005-01-18,0.0890
2005-01-19,0.0950
2005-01-20,0.0950
2005-01-21,0.0950
2005-01-24,0.0970
2005-01-25,0.0970
2005-01-26,0.0970
2005-01-27,0.0910
2005-01-28,0.0860
2005-01-31,0.0870
2005-02-01,0.0840
2005-02-02,0.0840
2005-02-03,0.0870
2005-02-04,0.0870
2005-02-07,0.0880
2005-02-08,0.0910
2005-02-09,0.1060
2005-02-10,0.1120
2005-02-14,0.1180
2005-02-15,0.1180
2005-02-16,0.1130
2005-02-17,0.1140
2005-02-18,0.1090
2005-02-21,0.1110
2005-02-22,0.1110
2005-02-23,0.1060
2005-02-24,0.1060
2005-02-25,0.1120
2005-02-28,0.1230
2005-03-01,0.1300
2005-03-02,0.1300
2005-03-03,0.1310
2005-03-04,0.1290
2005-03-07,0.1250
2005-03-08,0.1230
2005-03-09,0.1210
2005-03-10,0.1210
2005-03-11,0.1250
2005-03-14,0.1270
2005-03-15,0.1180
2005-03-16,0.1190
2005-03-17,0.1090
2005-03-18,0.1090
2005-03-22,0.1110
2005-03-23,0.1110
2005-03-24,0.1070
2005-03-25,0.1070
2005-03-28,0.1090
2005-03-29,0.1040
2005-03-30,0.1050
2005-03-31,0.0970
2005-04-01,0.0920
2005-04-04,0.0870
2005-04-05,0.0870
2005-04-06,0.0880
2005-04-07,0.0860
2005-04-08,0.0860
2005-04-11,0.0870
2005-04-12,0.0870
2005-04-13,0.0880
2005-04-14,0.0840
2005-04-15,0.0740
2005-04-18,0.0700
2005-04-19,0.0800
2005-04-20,0.0750
2005-04-21,0.0750
2005-04-22,0.0810
2005-04-25,0.0810
2005-04-26,0.0760
2005-04-27,0.0760
2005-04-28,0.0760
2005-05-02,0.0720
2005-05-06,0.0680
2005-05-09,0.0760
2005-05-10,0.0780
2005-05-11,0.0770
2005-05-12,0.0740
2005-05-13,0.0750
2005-05-16,0.0840
2005-05-17,0.0950
2005-05-18,0.0950
2005-05-19,0.0950
2005-05-20,0.0900
2005-05-23,0.0960
2005-05-24,0.0810
2005-05-25,0.0760
2005-05-26,0.0760
2005-05-27,0.0760
2005-05-30,0.0770
2005-05-31,0.0770
2005-06-01,0.0740
2005-06-02,0.0770
2005-06-03,0.0790
2005-06-06,0.0830
2005-06-07,0.0780
2005-06-08,0.0780
2005-06-09,0.0780
2005-06-10,0.0780
2005-06-13,0.0790
2005-06-14,0.0790
2005-06-15,0.0780
2005-06-16,0.0790
2005-06-17,0.0840
2005-06-20,0.0850
2005-06-21,0.0850
2005-06-22,0.0800
2005-06-23,0.0750
2005-06-24,0.0760
2005-06-27,0.0760
2005-06-28,0.0750
2005-06-29,0.0700
2005-06-30,0.0700
2005-07-01,0.0700
2005-07-04,0.0750
2005-07-05,0.0750
2005-07-06,0.0780
2005-07-07,0.0750
2005-07-08,0.0730
2005-07-11,0.0750
2005-07-12,0.0750
2005-07-13,0.0790
2005-07-14,0.0750
2005-07-15,0.0710
2005-07-19,0.0750
2005-07-20,0.0750
2005-07-21,0.0750
2005-07-22,0.0750
2005-07-25,0.0760
2005-07-26,0.0820
2005-07-27,0.0970
2005-07-28,0.1040
2005-07-29,0.1040
2005-08-01,0.1110
2005-08-02,0.1260
2005-08-03,0.1220
2005-08-04,0.1250
2005-08-05,0.1200
2005-08-08,0.1240
2005-08-09,0.1250
2005-08-10,0.1420
2005-08-11,0.1760
2005-08-12,0.1530
2005-08-15,0.1580
2005-08-16,0.1580
2005-08-17,0.1390
2005-08-18,0.1350
2005-08-19,0.1300
2005-08-22,0.1460
2005-08-23,0.1460
2005-08-24,0.1420
2005-08-25,0.1520
2005-08-26,0.1580
2005-08-29,0.1530
2005-08-30,0.1490
2005-08-31,0.1290
2005-09-01,0.1230
2005-09-02,0.1050
2005-09-05,0.1310
2005-09-06,0.1310
2005-09-07,0.1310
2005-09-08,0.1320
2005-09-09,0.1420
2005-09-12,0.1630
2005-09-13,0.1630
2005-09-14,0.1730
2005-09-15,0.1690
2005-09-16,0.1640
2005-09-20,0.1650
2005-09-21,0.1750
2005-09-22,0.1660
2005-09-26,0.1870
2005-09-27,0.1910
2005-09-28,0.2200
2005-09-29,0.2200
2005-09-30,0.2210
2005-10-03,0.2230
2005-10-04,0.2300
2005-10-05,0.2210
2005-10-06,0.2160
2005-10-07,0.2170
2005-10-11,0.2280
2005-10-12,0.2290
2005-10-13,0.2400
2005-10-14,0.2600
2005-10-17,0.2910
2005-10-18,0.2820
2005-10-19,0.2520
2005-10-20,0.2670
2005-10-21,0.2640
2005-10-24,0.2610
2005-10-25,0.2610
2005-10-26,0.2730
2005-10-27,0.2670
2005-10-28,0.2620
2005-10-31,0.2730
2005-11-01,0.2840
2005-11-02,0.2840
2005-11-04,0.3230
2005-11-07,0.3250
2005-11-08,0.3210
2005-11-09,0.3010
2005-11-10,0.2980
2005-11-11,0.2880
2005-11-14,0.2690
2005-11-15,0.2550
2005-11-16,0.2650
2005-11-17,0.2560
2005-11-18,0.2460
2005-11-21,0.2480
2005-11-22,0.2380
2005-11-24,0.2290
2005-11-25,0.2290
2005-11-28,0.2390
2005-11-29,0.2410
2005-11-30,0.2290
2005-12-01,0.2320
2005-12-02,0.2420
2005-12-05,0.2590
2005-12-06,0.2550
2005-12-07,0.2510
2005-12-08,0.2470
2005-12-09,0.2510
2005-12-12,0.2640
2005-12-13,0.2640
2005-12-14,0.2490
2005-12-15,0.2400
2005-12-16,0.2510
2005-12-19,0.2530
2005-12-20,0.2580
2005-12-21,0.2700
2005-12-22,0.2750
2005-12-26,0.2810
2005-12-27,0.2770
2005-12-28,0.2820
2005-12-29,0.2830
2005-12-30,0.2810
2006-01-04,0.2750
2006-01-05,0.2690
2006-01-06,0.2700
2006-01-10,0.2620
2006-01-11,0.2670
2006-01-12,0.2620
2006-01-13,0.2580
2006-01-16,0.2600
2006-01-17,0.2510
2006-01-18,0.2410
2006-01-19,0.2520
2006-01-20,0.2520
2006-01-23,0.2430
2006-01-24,0.2440
2006-01-25,0.2490
2006-01-26,0.2710
2006-01-27,0.2960
2006-01-30,0.3070
2006-01-31,0.3020
2006-02-01,0.2930
2006-02-02,0.3030
2006-02-03,0.3090
2006-02-06,0.2960
2006-02-07,0.3060
2006-02-08,0.3200
2006-02-09,0.3210
2006-02-10,0.3610
2006-02-13,0.3830
2006-02-14,0.3940
2006-02-15,0.4060
2006-02-16,0.4010
2006-02-17,0.4220
2006-02-20,0.4140
2006-02-21,0.4100
2006-02-22,0.3950
2006-02-23,0.4060
2006-02-24,0.4790
2006-02-27,0.4820
2006-02-28,0.4790
2006-03-01,0.4850
2006-03-02,0.4830
2006-03-03,0.4920
2006-03-06,0.5180
2006-03-07,0.5090
2006-03-08,0.4760
2006-03-09,0.4710
2006-03-10,0.4710
2006-03-13,0.5150
2006-03-14,0.5350
2006-03-15,0.5600
2006-03-16,0.5510
2006-03-17,0.5470
2006-03-20,0.5540
2006-03-22,0.5810
2006-03-23,0.5860
2006-03-24,0.5880
2006-03-27,0.5690
2006-03-28,0.5760
2006-03-29,0.6270
2006-03-30,0.6660
2006-03-31,0.6670
2006-04-03,0.6880
2006-04-04,0.6460
2006-04-05,0.6250
2006-04-06,0.6460
2006-04-07,0.6670
2006-04-10,0.6710
2006-04-11,0.6670
2006-04-12,0.6580
2006-04-13,0.6640
2006-04-14,0.6700
2006-04-17,0.6420
2006-04-18,0.6430
2006-04-19,0.6280
2006-04-20,0.6240
2006-04-21,0.6250
2006-04-24,0.6270
2006-04-25,0.6180
2006-04-26,0.6500
2006-04-27,0.6750
2006-04-28,0.6490
2006-05-01,0.6270
2006-05-02,0.6410
2006-05-08,0.6670
2006-05-09,0.7050
2006-05-10,0.7910
2006-05-11,0.7930
2006-05-12,0.7940
2006-05-15,0.8010
2006-05-16,0.7920
2006-05-17,0.7670
2006-05-18,0.7730
2006-05-19,0.7590
2006-05-22,0.7410
2006-05-23,0.7010
2006-05-24,0.7370
2006-05-25,0.7990
2006-05-26,0.8450
2006-05-29,0.8470
2006-05-30,0.8220
2006-05-31,0.8130
2006-06-01,0.8620
2006-06-02,0.8480
2006-06-05,0.8100
2006-06-06,0.8370
2006-06-07,0.8120
2006-06-08,0.7440
2006-06-09,0.7300
2006-06-12,0.7370
2006-06-13,0.7280
2006-06-14,0.7080
2006-06-15,0.7230
2006-06-16,0.7540
2006-06-19,0.7600
2006-06-20,0.8060
2006-06-21,0.8220
2006-06-22,0.8120
2006-06-23,0.7970
2006-06-26,0.8130
2006-06-27,0.8210
2006-06-28,0.8170
2006-06-29,0.8290
2006-06-30,0.8250
2006-07-03,0.8610
2006-07-04,0.8590
2006-07-05,0.8860
2006-07-06,0.8930
2006-07-07,0.8940
2006-07-10,0.8980
2006-07-11,0.8790
2006-07-12,0.8440
2006-07-13,0.8350
2006-07-14,0.7800
2006-07-18,0.7440
2006-07-19,0.7540
2006-07-20,0.7440
2006-07-21,0.7500
2006-07-24,0.7870
2006-07-25,0.8140
2006-07-26,0.8030
2006-07-27,0.7930
2006-07-28,0.8070
2006-07-31,0.8170
2006-08-01,0.8250
2006-08-02,0.8130
2006-08-03,0.8020
2006-08-04,0.8040
2006-08-07,0.7810
2006-08-08,0.7960
2006-08-09,0.7960
2006-08-10,0.8170
2006-08-11,0.7890
2006-08-14,0.8060
2006-08-15,0.8050
2006-08-16,0.7900
2006-08-17,0.7860
2006-08-18,0.7960
2006-08-21,0.7720
2006-08-22,0.7520
2006-08-23,0.7580
2006-08-24,0.7680
2006-08-25,0.6560
2006-08-28,0.6410
2006-08-29,0.6760
2006-08-30,0.6590
2006-08-31,0.6250
2006-09-01,0.6280
2006-09-04,0.6620
2006-09-05,0.6830
2006-09-06,0.6780
2006-09-07,0.6690
2006-09-08,0.6890
2006-09-11,0.6220
2006-09-12,0.6420
2006-09-13,0.6220
2006-09-14,0.6330
2006-09-15,0.6400
2006-09-19,0.6660
2006-09-20,0.6410
2006-09-21,0.6530
2006-09-22,0.6170
2006-09-25,0.6070
2006-09-26,0.5870
2006-09-27,0.6220
2006-09-28,0.6340
2006-09-29,0.6350
2006-10-02,0.6730
2006-10-03,0.6400
2006-10-04,0.6380
2006-10-05,0.6430
2006-10-06,0.6580
2006-10-10,0.6710
2006-10-11,0.6920
2006-10-12,0.6880
2006-10-13,0.7030
2006-10-16,0.7460
2006-10-17,0.7460
2006-10-18,0.7720
2006-10-19,0.8030
2006-10-20,0.7830
2006-10-23,0.8000
2006-10-24,0.7740
2006-10-25,0.7690
2006-10-26,0.7510
2006-10-27,0.7420
2006-10-30,0.7240
2006-10-31,0.7170
2006-11-01,0.7310
2006-11-02,0.7310
2006-11-06,0.7770
2006-11-07,0.7830
2006-11-08,0.7740
2006-11-09,0.7590
2006-11-10,0.7550
2006-11-13,0.7310
2006-11-14,0.8030
2006-11-15,0.8050
2006-11-16,0.8150
2006-11-17,0.8060
2006-11-20,0.7660
2006-11-21,0.7820
2006-11-22,0.8030
2006-11-24,0.8030
2006-11-27,0.8040
2006-11-28,0.7950
2006-11-29,0.8140
2006-11-30,0.8020
2006-12-01,0.7900
2006-12-04,0.7970
2006-12-05,0.7960
2006-12-06,0.8170
2006-12-07,0.8380
2006-12-08,0.8390
2006-12-11,0.8120
2006-12-12,0.7970
2006-12-13,0.7830
2006-12-14,0.7790
2006-12-15,0.8150
2006-12-18,0.8220
2006-12-19,0.8020
2006-12-20,0.7820
2006-12-21,0.7690
2006-12-22,0.7500
2006-12-25,0.7470
2006-12-26,0.7320
2006-12-27,0.7840
2006-12-28,0.7790
2006-12-29,0.7800
2007-01-04,0.8180
2007-01-05,0.8160
2007-01-09,0.8290
2007-01-10,0.8300
2007-01-11,0.8110
2007-01-12,0.8120
2007-01-15,0.8250
2007-01-16,0.8310
2007-01-17,0.7760
2007-01-18,0.7910
2007-01-19,0.7570
2007-01-22,0.7320
2007-01-23,0.7280
2007-01-24,0.7380
2007-01-25,0.7430
2007-01-26,0.7230
2007-01-29,0.7380
2007-01-30,0.7260
2007-01-31,0.7080
2007-02-01,0.7190
2007-02-02,0.7400
2007-02-05,0.7450
2007-02-06,0.7570
2007-02-07,0.7690
2007-02-08,0.7600
2007-02-09,0.7350
2007-02-13,0.7620
2007-02-14,0.7630
2007-02-15,0.7900
2007-02-16,0.7750
2007-02-19,0.7810
2007-02-20,0.7770
2007-02-21,0.8030
2007-02-22,0.8180
2007-02-23,0.8390
2007-02-26,0.8350
2007-02-27,0.8140
2007-02-28,0.8180
2007-03-01,0.8310
2007-03-02,0.8140
2007-03-05,0.7860
2007-03-06,0.7910
2007-03-07,0.7920
2007-03-08,0.7920
2007-03-09,0.7880
2007-03-12,0.7950
2007-03-13,0.7860
2007-03-14,0.7710
2007-03-15,0.7800
2007-03-16,0.7750
2007-03-19,0.7850
2007-03-20,0.7910
2007-03-22,0.7910
2007-03-23,0.8040
2007-03-26,0.8200
2007-03-27,0.8060
2007-03-28,0.8160
2007-03-29,0.8070
2007-03-30,0.8070
2007-04-02,0.7980
2007-04-03,0.7980
2007-04-04,0.8150
2007-04-05,0.8040
2007-04-06,0.7990
2007-04-09,0.8040
2007-04-10,0.8140
2007-04-11,0.8000
2007-04-12,0.8100
2007-04-13,0.8100
2007-04-16,0.8260
2007-04-17,0.8310
2007-04-18,0.8520
2007-04-19,0.8370
2007-04-20,0.8520
2007-04-23,0.8530
2007-04-24,0.8430
2007-04-25,0.8430
2007-04-26,0.8570
2007-04-27,0.8470
2007-05-01,0.8370
2007-05-02,0.8420
2007-05-07,0.8490
2007-05-08,0.8530
2007-05-09,0.8640
2007-05-10,0.8740
2007-05-11,0.8650
2007-05-14,0.8810
2007-05-15,0.8850
2007-05-16,0.8700
2007-05-17,0.8600
2007-05-18,0.8750
2007-05-21,0.8810
2007-05-22,0.8760
2007-05-23,0.8970
2007-05-24,0.9030
2007-05-25,0.9180
2007-05-28,0.9360
2007-05-29,0.9600
2007-05-30,0.9610
2007-05-31,0.9720
2007-06-01,0.9770
2007-06-04,0.9840
2007-06-05,0.9900
2007-06-06,0.9970
2007-06-07,1.0170
2007-06-08,1.0370
2007-06-11,1.0440
2007-06-12,1.0650
2007-06-13,1.0800
2007-06-14,1.0610
2007-06-15,1.0300
2007-06-18,1.0120
2007-06-19,1.0330
2007-06-20,1.0180
2007-06-21,1.0220
2007-06-22,1.0130
2007-06-25,1.0090
2007-06-26,1.0100
2007-06-27,1.0000
2007-06-28,1.0220
2007-06-29,1.0100
2007-07-02,1.0200
2007-07-03,1.0260
2007-07-04,1.0320
2007-07-05,1.0520
2007-07-06,1.0580
2007-07-09,1.0710
2007-07-10,1.0670
2007-07-11,1.0280
2007-07-12,1.0290
2007-07-13,1.0510
2007-07-17,1.0410
2007-07-18,1.0270
2007-07-19,1.0370
2007-07-20,1.0330
2007-07-23,1.0130
2007-07-24,1.0130
2007-07-25,1.0130
2007-07-26,1.0190
2007-07-27,0.9780
2007-07-30,0.9890
2007-07-31,0.9960
2007-08-01,0.9690
2007-08-02,0.9800
2007-08-03,0.9780
2007-08-06,0.9550
2007-08-07,0.9660
2007-08-08,1.0030
2007-08-09,1.0230
2007-08-10,0.9440
2007-08-13,0.9300
2007-08-14,0.9510
2007-08-15,0.9040
2007-08-16,0.8690
2007-08-17,0.8180
2007-08-20,0.8340
2007-08-21,0.8440
2007-08-22,0.8740
2007-08-23,0.9040
2007-08-24,0.8840
2007-08-27,0.8840
2007-08-28,0.8790
2007-08-29,0.8740
2007-08-30,0.8470
2007-08-31,0.8700
2007-09-03,0.8690
2007-09-04,0.8540
2007-09-05,0.8330
2007-09-06,0.8270
2007-09-07,0.8170
2007-09-10,0.7770
2007-09-11,0.7870
2007-09-12,0.7870
2007-09-13,0.7870
2007-09-14,0.7930
2007-09-18,0.7780
2007-09-19,0.7980
2007-09-20,0.8030
2007-09-21,0.8430
2007-09-25,0.8640
2007-09-26,0.8630
2007-09-27,0.8810
2007-09-28,0.8560
2007-10-01,0.8360
2007-10-02,0.8470
2007-10-03,0.8550
2007-10-04,0.8750
2007-10-05,0.8610
2007-10-09,0.8820
2007-10-10,0.8970
2007-10-11,0.8980
2007-10-12,0.8730
2007-10-15,0.8900
2007-10-16,0.8800
2007-10-17,0.8550
2007-10-18,0.8390
2007-10-19,0.7990
2007-10-22,0.7880
2007-10-23,0.7930
2007-10-24,0.7820
2007-10-25,0.7670
2007-10-26,0.7830
2007-10-29,0.7720
2007-10-30,0.7700
2007-10-31,0.7750
2007-11-01,0.8150
2007-11-02,0.7720
2007-11-05,0.7810
2007-11-06,0.7710
2007-11-07,0.7710
2007-11-08,0.7660
2007-11-09,0.7660
2007-11-12,0.7670
2007-11-13,0.7530
2007-11-14,0.7630
2007-11-15,0.7500
2007-11-16,0.7390
2007-11-19,0.7350
2007-11-20,0.7400
2007-11-21,0.7300
2007-11-22,0.7300
2007-11-26,0.7520
2007-11-27,0.7670
2007-11-28,0.7670
2007-11-29,0.7670
2007-11-30,0.7570
2007-12-03,0.7370
2007-12-04,0.7070
2007-12-05,0.7110
2007-12-06,0.7410
2007-12-07,0.7380
2007-12-10,0.7330
2007-12-11,0.7380
2007-12-12,0.7140
2007-12-13,0.7390
2007-12-14,0.7340
2007-12-17,0.7200
2007-12-18,0.7140
2007-12-19,0.7140
2007-12-20,0.7150
2007-12-21,0.7150
2007-12-25,0.7360
2007-12-26,0.7350
2007-12-27,0.7300
2007-12-28,0.7050
2008-01-04,0.6850
2008-01-07,0.6780
2008-01-08,0.6730
2008-01-09,0.6630
2008-01-10,0.6380
2008-01-11,0.6070
2008-01-15,0.6090
2008-01-16,0.5890
2008-01-17,0.5840
2008-01-18,0.5790
2008-01-21,0.5690
2008-01-22,0.5270
2008-01-23,0.4970
2008-01-24,0.5070
2008-01-25,0.5640
2008-01-28,0.5240
2008-01-29,0.5500
2008-01-30,0.5490
2008-01-31,0.5490
2008-02-01,0.5500
2008-02-04,0.5840
2008-02-05,0.6110
2008-02-06,0.5730
2008-02-07,0.5740
2008-02-08,0.5490
2008-02-12,0.5490
2008-02-13,0.5590
2008-02-14,0.5850
2008-02-15,0.5810
2008-02-18,0.5810
2008-02-19,0.5860
2008-02-20,0.5710
2008-02-21,0.5970
2008-02-22,0.5820
2008-02-25,0.6080
2008-02-26,0.6230
2008-02-27,0.6230
2008-02-28,0.5940
2008-02-29,0.5530
2008-03-03,0.5230
2008-03-04,0.5490
2008-03-05,0.5340
2008-03-06,0.5240
2008-03-07,0.5090
2008-03-10,0.5190
2008-03-11,0.5500
2008-03-12,0.5790
2008-03-13,0.5600
2008-03-14,0.5650
2008-03-17,0.5600
2008-03-18,0.5750
2008-03-19,0.5650
2008-03-21,0.5700
2008-03-24,0.5710
2008-03-25,0.5660
2008-03-26,0.5710
2008-03-27,0.5750
2008-03-28,0.5720
2008-03-31,0.5640
2008-04-01,0.5790
2008-04-02,0.5850
2008-04-03,0.5740
2008-04-04,0.5590
2008-04-07,0.5640
2008-04-08,0.5690
2008-04-09,0.5890
2008-04-10,0.5990
2008-04-11,0.6050
2008-04-14,0.6000
2008-04-15,0.6000
2008-04-16,0.6200
2008-04-17,0.6460
2008-04-18,0.6460
2008-04-21,0.6620
2008-04-22,0.6830
2008-04-23,0.6890
2008-04-24,0.7200
2008-04-25,0.8180
2008-04-28,0.8240
2008-04-30,0.7750
2008-05-01,0.7350
2008-05-02,0.7530
2008-05-07,0.7530
2008-05-08,0.7380
2008-05-09,0.7240
2008-05-12,0.7400
2008-05-13,0.7560
2008-05-14,0.8110
2008-05-15,0.8410
2008-05-16,0.8370
2008-05-19,0.8290
2008-05-20,0.8140
2008-05-21,0.7840
2008-05-22,0.7950
2008-05-23,0.8370
2008-05-26,0.8390
2008-05-27,0.8610
2008-05-28,0.8560
2008-05-29,0.8990
2008-05-30,0.9000
2008-06-02,0.9190
2008-06-03,0.8570
2008-06-04,0.8630
2008-06-05,0.8280
2008-06-06,0.8740
2008-06-09,0.8460
2008-06-10,0.9420
2008-06-11,0.9930
2008-06-12,0.9830
2008-06-13,1.0090
2008-06-16,0.9610
2008-06-17,0.9160
2008-06-18,0.8750
2008-06-19,0.9010
2008-06-20,0.8810
2008-06-23,0.8520
2008-06-24,0.8580
2008-06-25,0.8320
2008-06-26,0.8030
2008-06-27,0.7810
2008-06-30,0.7810
2008-07-01,0.8080
2008-07-02,0.8090
2008-07-03,0.8250
2008-07-04,0.8230
2008-07-07,0.8530
2008-07-08,0.8250
2008-07-09,0.8060
2008-07-10,0.7720
2008-07-11,0.7730
2008-07-14,0.7690
2008-07-15,0.7590
2008-07-16,0.7490
2008-07-17,0.7590
2008-07-18,0.7590
2008-07-22,0.7840
2008-07-23,0.7950
2008-07-24,0.8060
2008-07-25,0.7800
2008-07-28,0.7960
2008-07-29,0.7850
2008-07-30,0.7730
2008-07-31,0.7710
2008-08-01,0.7510
2008-08-04,0.7330
2008-08-05,0.7470
2008-08-06,0.7330
2008-08-07,0.7180
2008-08-08,0.6960
2008-08-11,0.7030
2008-08-12,0.7030
2008-08-13,0.6990
2008-08-14,0.6940
2008-08-15,0.6890
2008-08-18,0.6750
2008-08-19,0.6750
2008-08-20,0.6900
2008-08-21,0.6800
2008-08-22,0.6910
2008-08-25,0.6910
2008-08-26,0.6950
2008-08-27,0.7160
2008-08-28,0.7160
2008-08-29,0.7090
2008-09-01,0.7310
2008-09-02,0.7210
2008-09-03,0.7170
2008-09-04,0.7390
2008-09-05,0.7200
2008-09-08,0.7460
2008-09-09,0.7360
2008-09-10,0.7320
2008-09-11,0.7320
2008-09-12,0.7380
2008-09-16,0.7060
2008-09-17,0.7370
2008-09-18,0.7980
2008-09-19,0.7890
2008-09-22,0.7860
2008-09-24,0.8010
2008-09-25,0.8030
2008-09-26,0.8070
2008-09-29,0.8110
2008-09-30,0.7480
2008-10-01,0.7640
2008-10-02,0.7640
2008-10-03,0.7260
2008-10-06,0.6820
2008-10-07,0.7070
2008-10-08,0.7460
2008-10-09,0.7970
2008-10-10,0.8430
2008-10-14,0.8400
2008-10-15,0.8000
2008-10-16,0.7950
2008-10-17,0.7860
2008-10-20,0.7770
2008-10-21,0.7620
2008-10-22,0.7320
2008-10-23,0.7170
2008-10-24,0.7170
2008-10-27,0.6960
2008-10-28,0.7060
2008-10-29,0.6090
2008-10-30,0.5840
2008-10-31,0.5390
2008-11-04,0.5380
2008-11-05,0.5450
2008-11-06,0.5440
2008-11-07,0.5680
2008-11-10,0.5970
2008-11-11,0.5930
2008-11-12,0.5930
2008-11-13,0.5730
2008-11-14,0.5490
2008-11-17,0.5250
2008-11-18,0.5350
2008-11-19,0.5460
2008-11-20,0.5360
2008-11-21,0.5560
2008-11-25,0.5870
2008-11-26,0.6030
2008-11-27,0.5990
2008-11-28,0.5860
2008-12-01,0.5790
2008-12-02,0.5440
2008-12-03,0.5440
2008-12-04,0.5490
2008-12-05,0.5640
2008-12-08,0.5780
2008-12-09,0.5830
2008-12-10,0.5840
2008-12-11,0.5790
2008-12-12,0.5340
2008-12-15,0.5350
2008-12-16,0.5100
2008-12-17,0.4600
2008-12-18,0.4540
2008-12-19,0.4140
2008-12-22,0.3940
2008-12-24,0.3930
2008-12-25,0.3990
2008-12-26,0.4030
2008-12-29,0.3880
2008-12-30,0.3700
2009-01-05,0.3580
2009-01-06,0.3740
2009-01-07,0.3640
2009-01-08,0.3690
2009-01-09,0.3690
2009-01-13,0.3680
2009-01-14,0.3740
2009-01-15,0.3740
2009-01-16,0.3640
2009-01-19,0.3550
2009-01-20,0.3500
2009-01-21,0.3650
2009-01-22,0.3600
2009-01-23,0.3640
2009-01-26,0.3850
2009-01-27,0.4020
2009-01-28,0.4110
2009-01-29,0.4030
2009-01-30,0.4030
2009-02-02,0.3960
2009-02-03,0.4090
2009-02-04,0.4250
2009-02-05,0.4230
2009-02-06,0.4100
2009-02-09,0.3930
2009-02-10,0.4090
2009-02-12,0.3990
2009-02-13,0.3890
2009-02-16,0.3950
2009-02-17,0.3850
2009-02-18,0.3700
2009-02-19,0.3800
2009-02-20,0.3810
2009-02-23,0.3850
2009-02-24,0.4050
2009-02-25,0.4100
2009-02-26,0.3920
2009-02-27,0.3920
2009-03-02,0.3930
2009-03-03,0.3930
2009-03-04,0.3930
2009-03-05,0.3990
2009-03-06,0.3990
2009-03-09,0.3990
2009-03-10,0.4100
2009-03-11,0.4100
2009-03-12,0.4100
2009-03-13,0.4100
2009-03-16,0.4050
2009-03-17,0.4060
2009-03-18,0.4060
2009-03-19,0.3960
2009-03-23,0.4030
2009-03-24,0.4030
2009-03-25,0.4030
2009-03-26,0.4090
2009-03-27,0.4090
2009-03-30,0.4070
2009-03-31,0.4080
2009-04-01,0.3980
2009-04-02,0.3980
2009-04-03,0.3960
2009-04-06,0.4160
2009-04-07,0.4210
2009-04-08,0.4320
2009-04-09,0.4580
2009-04-10,0.4540
2009-04-13,0.4500
2009-04-14,0.4450
2009-04-15,0.4200
2009-04-16,0.4160
2009-04-17,0.4010
2009-04-20,0.4020
2009-04-21,0.4080
2009-04-22,0.4030
2009-04-23,0.4030
2009-04-24,0.4060
2009-04-27,0.4060
2009-04-28,0.3900
2009-04-30,0.3750
2009-05-01,0.3710
2009-05-07,0.3930
2009-05-08,0.3940
2009-05-11,0.3990
2009-05-12,0.3900
2009-05-13,0.3800
2009-05-14,0.3710
2009-05-15,0.3700
2009-05-18,0.3700
2009-05-19,0.3810
2009-05-20,0.3710
2009-05-21,0.3610
2009-05-22,0.3520
2009-05-25,0.3620
2009-05-26,0.3630
2009-05-27,0.3630
2009-05-28,0.3440
2009-05-29,0.3440
2009-06-01,0.3450
2009-06-02,0.3540
2009-06-03,0.3560
2009-06-04,0.3460
2009-06-05,0.3370
2009-06-08,0.3680
2009-06-09,0.3780
2009-06-10,0.3730
2009-06-11,0.3740
2009-06-12,0.3740
2009-06-15,0.3750
2009-06-16,0.3700
2009-06-17,0.3710
2009-06-18,0.3660
2009-06-19,0.3560
2009-06-22,0.3570
2009-06-23,0.3470
2009-06-24,0.3330
2009-06-25,0.3140
2009-06-26,0.3030
2009-06-29,0.2940
2009-06-30,0.3070
2009-07-01,0.2870
2009-07-02,0.2700
2009-07-03,0.2550
2009-07-06,0.2540
2009-07-07,0.2590
2009-07-08,0.2540
2009-07-09,0.2400
2009-07-10,0.2400
2009-07-13,0.2450
2009-07-14,0.2500
2009-07-15,0.2600
2009-07-16,0.2650
2009-07-17,0.2650
2009-07-21,0.2760
2009-07-22,0.2810
2009-07-23,0.2760
2009-07-24,0.2710
2009-07-27,0.2670
2009-07-28,0.2660
2009-07-29,0.2710
2009-07-30,0.2720
2009-07-31,0.2750
2009-08-03,0.2750
2009-08-04,0.2700
2009-08-05,0.2650
2009-08-06,0.2650
2009-08-07,0.2650
2009-08-10,0.2750
2009-08-11,0.2700
2009-08-12,0.2700
2009-08-13,0.2650
2009-08-14,0.2650
2009-08-17,0.2600
2009-08-18,0.2600
2009-08-19,0.2550
2009-08-20,0.2460
2009-08-21,0.2450
2009-08-24,0.2460
2009-08-25,0.2410
2009-08-26,0.2410
2009-08-27,0.2410
2009-08-28,0.2420
2009-08-31,0.2400
2009-09-01,0.2400
2009-09-02,0.2350
2009-09-03,0.2300
2009-09-04,0.2310
2009-09-07,0.2370
2009-09-08,0.2330
2009-09-09,0.2230
2009-09-10,0.2090
2009-09-11,0.2040
2009-09-14,0.2090
2009-09-15,0.2100
2009-09-16,0.2100
2009-09-17,0.2150
2009-09-18,0.2250
2009-09-24,0.2210
2009-09-25,0.2110
2009-09-28,0.2270
2009-09-29,0.2280
2009-09-30,0.2390
2009-10-01,0.2340
2009-10-02,0.2300
2009-10-05,0.2310
2009-10-06,0.2310
2009-10-07,0.2360
2009-10-08,0.2470
2009-10-09,0.2520
2009-10-13,0.2490
2009-10-14,0.2400
2009-10-15,0.2450
2009-10-16,0.2400
2009-10-19,0.2460
2009-10-20,0.2520
2009-10-21,0.2520
2009-10-22,0.2630
2009-10-23,0.2730
2009-10-26,0.2850
2009-10-27,0.2800
2009-10-28,0.2680
2009-10-29,0.2530
2009-10-30,0.2500
2009-11-02,0.2460
2009-11-04,0.2670
2009-11-05,0.2720
2009-11-06,0.2670
2009-11-09,0.2680
2009-11-10,0.2590
2009-11-11,0.2540
2009-11-12,0.2540
2009-11-13,0.2490
2009-11-16,0.2450
2009-11-17,0.2400
2009-11-18,0.2350
2009-11-19,0.2360
2009-11-20,0.2460
2009-11-24,0.2510
2009-11-25,0.2400
2009-11-26,0.2400
2009-11-27,0.2250
2009-11-30,0.2250
2009-12-01,0.1650
2009-12-02,0.1750
2009-12-03,0.1690
2009-12-04,0.1690
2009-12-07,0.1740
2009-12-08,0.1800
2009-12-09,0.1790
2009-12-10,0.1790
2009-12-11,0.1690
2009-12-14,0.1700
2009-12-15,0.1650
2009-12-16,0.1650
2009-12-17,0.1650
2009-12-18,0.1590
2009-12-21,0.1550
2009-12-22,0.1550
2009-12-24,0.1550
2009-12-25,0.1550
2009-12-28,0.1550
2009-12-29,0.1460
2009-12-30,0.1360
2010-01-04,0.1470
2010-01-05,0.1480
2010-01-06,0.1540
2010-01-07,0.1540
2010-01-08,0.1640
2010-01-12,0.1640
2010-01-13,0.1640
2010-01-14,0.1590
2010-01-15,0.1550
2010-01-18,0.1600
2010-01-19,0.1600
2010-01-20,0.1610
2010-01-21,0.1610
2010-01-22,0.1610
2010-01-25,0.1620
2010-01-26,0.1570
2010-01-27,0.1560
2010-01-28,0.1550
2010-01-29,0.1550
2010-02-01,0.1550
2010-02-02,0.1550
2010-02-03,0.1550
2010-02-04,0.1550
2010-02-05,0.1550
2010-02-08,0.1550
2010-02-09,0.1550
2010-02-10,0.1540
2010-02-12,0.1540
2010-02-15,0.1600
2010-02-16,0.1600
2010-02-17,0.1550
2010-02-18,0.1550
2010-02-19,0.1550
2010-02-22,0.1560
2010-02-23,0.1560
2010-02-24,0.1560
2010-02-25,0.1550
2010-02-26,0.1550
2010-03-01,0.1550
2010-03-02,0.1550
2010-03-03,0.1550
2010-03-04,0.1450
2010-03-05,0.1400
2010-03-08,0.1400
2010-03-09,0.1400
2010-03-10,0.1400
2010-03-11,0.1400
2010-03-12,0.1400
2010-03-15,0.1450
2010-03-16,0.1450
2010-03-17,0.1450
2010-03-18,0.1450
2010-03-19,0.1450
2010-03-23,0.1460
2010-03-24,0.1460
2010-03-25,0.1520
2010-03-26,0.1570
2010-03-29,0.1620
2010-03-30,0.1620
2010-03-31,0.1670
2010-04-01,0.1630
2010-04-02,0.1630
2010-04-05,0.1630
2010-04-06,0.1590
2010-04-07,0.1590
2010-04-08,0.1550
2010-04-09,0.1550
2010-04-12,0.1550
2010-04-13,0.1600
2010-04-14,0.1600
2010-04-15,0.1650
2010-04-16,0.1650
2010-04-19,0.1600
2010-04-20,0.1600
2010-04-21,0.1600
2010-04-22,0.1600
2010-04-23,0.1600
2010-04-26,0.1650
2010-04-27,0.1620
2010-04-28,0.1600
2010-04-30,0.1600
2010-05-06,0.1600
2010-05-07,0.1600
2010-05-10,0.1600
2010-05-11,0.1600
2010-05-12,0.1550
2010-05-13,0.1600
2010-05-14,0.1600
2010-05-17,0.1600
2010-05-18,0.1650
2010-05-19,0.1650
2010-05-20,0.1600
2010-05-21,0.1550
2010-05-24,0.1600
2010-05-25,0.1600
2010-05-26,0.1600
2010-05-27,0.1600
2010-05-28,0.1600
2010-05-31,0.1600
2010-06-01,0.1550
2010-06-02,0.1550
2010-06-03,0.1500
2010-06-04,0.1450
2010-06-07,0.1450
2010-06-08,0.1450
2010-06-09,0.1450
2010-06-10,0.1450
2010-06-11,0.1500
2010-06-14,0.1550
2010-06-15,0.1550
2010-06-16,0.1550
2010-06-17,0.1550
2010-06-18,0.1550
2010-06-21,0.1550
2010-06-22,0.1510
2010-06-23,0.1500
2010-06-24,0.1500
2010-06-25,0.1500
2010-06-28,0.1500
2010-06-29,0.1450
2010-06-30,0.1450
2010-07-01,0.1400
2010-07-02,0.1400
2010-07-05,0.1400
2010-07-06,0.1400
2010-07-07,0.1400
2010-07-08,0.1400
2010-07-09,0.1400
2010-07-12,0.1400
2010-07-13,0.1450
2010-07-14,0.1450
2010-07-15,0.1450
2010-07-16,0.1400
2010-07-20,0.1450
2010-07-21,0.1450
2010-07-22,0.1440
2010-07-23,0.1440
2010-07-26,0.1450
2010-07-27,0.1450
2010-07-28,0.1450
2010-07-29,0.1450
2010-07-30,0.1450
2010-08-02,0.1450
2010-08-03,0.1450
2010-08-04,0.1400
2010-08-05,0.1400
2010-08-06,0.1400
2010-08-09,0.1400
2010-08-10,0.1360
2010-08-11,0.1360
2010-08-12,0.1360
2010-08-13,0.1310
2010-08-16,0.1350
2010-08-17,0.1300
2010-08-18,0.1200
2010-08-19,0.1150
2010-08-20,0.1140
2010-08-23,0.1140
2010-08-24,0.1190
2010-08-25,0.1250
2010-08-26,0.1210
2010-08-27,0.1290
2010-08-30,0.1290
2010-08-31,0.1190
2010-09-01,0.1190
2010-09-02,0.1240
2010-09-03,0.1290
2010-09-06,0.1490
2010-09-07,0.1390
2010-09-08,0.1340
2010-09-09,0.1340
2010-09-10,0.1440
2010-09-13,0.1400
2010-09-14,0.1400
2010-09-15,0.1300
2010-09-16,0.1250
2010-09-17,0.1250
2010-09-21,0.1260
2010-09-22,0.1260
2010-09-24,0.1310
2010-09-27,0.1370
2010-09-28,0.1340
2010-09-29,0.1350
2010-09-30,0.1320
2010-10-01,0.1280
2010-10-04,0.1260
2010-10-05,0.1130
2010-10-06,0.1130
2010-10-07,0.1190
2010-10-08,0.1190
2010-10-12,0.1200
2010-10-13,0.1250
2010-10-14,0.1200
2010-10-15,0.1250
2010-10-18,0.1250
2010-10-19,0.1300
2010-10-20,0.1300
2010-10-21,0.1300
2010-10-22,0.1360
2010-10-25,0.1360
2010-10-26,0.1360
2010-10-27,0.1370
2010-10-28,0.1320
2010-10-29,0.1370
2010-11-01,0.1380
2010-11-02,0.1380
2010-11-04,0.1350
2010-11-05,0.1350
2010-11-08,0.1390
2010-11-09,0.1390
2010-11-10,0.1390
2010-11-11,0.1400
2010-11-12,0.1490
2010-11-15,0.1500
2010-11-16,0.1450
2010-11-17,0.1510
2010-11-18,0.1610
2010-11-19,0.1560
2010-11-22,0.1610
2010-11-24,0.1620
2010-11-25,0.1690
2010-11-26,0.1890
2010-11-29,0.1960
2010-11-30,0.1880
2010-12-01,0.1790
2010-12-02,0.1820
2010-12-03,0.1840
2010-12-06,0.1740
2010-12-07,0.1790
2010-12-08,0.2080
2010-12-09,0.2240
2010-12-10,0.2190
2010-12-13,0.2350
2010-12-14,0.2300
2010-12-15,0.2250
2010-12-16,0.2150
2010-12-17,0.2000
2010-12-20,0.2010
2010-12-21,0.2060
2010-12-22,0.2140
2010-12-24,0.2140
2010-12-27,0.2040
2010-12-28,0.1970
2010-12-29,0.1920
2010-12-30,0.1670
2011-01-04,0.1730
2011-01-05,0.1680
2011-01-06,0.1780
2011-01-07,0.1730
2011-01-11,0.1650
2011-01-12,0.1700
2011-01-13,0.1790
2011-01-14,0.1850
2011-01-17,0.1900
2011-01-18,0.1950
2011-01-19,0.1960
2011-01-20,0.1850
2011-01-21,0.1860
2011-01-24,0.1970
2011-01-25,0.2020
2011-01-26,0.2020
2011-01-27,0.1950
2011-01-28,0.1950
2011-01-31,0.1950
2011-02-01,0.1950
2011-02-02,0.1950
2011-02-03,0.2000
2011-02-04,0.2080
2011-02-07,0.2130
2011-02-08,0.2220
2011-02-09,0.2380
2011-02-10,0.2380
2011-02-14,0.2300
2011-02-15,0.2300
2011-02-16,0.2450
2011-02-17,0.2360
2011-02-18,0.2260
2011-02-21,0.2320
2011-02-22,0.2220
2011-02-23,0.2220
2011-02-24,0.2310
2011-02-25,0.2350
2011-02-28,0.2370
2011-03-01,0.2380
2011-03-02,0.2280
2011-03-03,0.2290
2011-03-04,0.2290
2011-03-07,0.2210
2011-03-08,0.2220
2011-03-09,0.2270
2011-03-10,0.2280
2011-03-11,0.2140
2011-03-14,0.1750
2011-03-15,0.2150
2011-03-16,0.2250
2011-03-17,0.2250
2011-03-18,0.2100
2011-03-22,0.2110
2011-03-23,0.2160
2011-03-24,0.2090
2011-03-25,0.2000
2011-03-28,0.2060
2011-03-29,0.2070
2011-03-30,0.2020
2011-03-31,0.2080
2011-04-01,0.2050
2011-04-04,0.2060
2011-04-05,0.2070
2011-04-06,0.2060
2011-04-07,0.2020
2011-04-08,0.1990
2011-04-11,0.1990
2011-04-12,0.1950
2011-04-13,0.1990
2011-04-14,0.2000
2011-04-15,0.2050
2011-04-18,0.2000
2011-04-19,0.2010
2011-04-20,0.2010
2011-04-21,0.2010
2011-04-22,0.2010
2011-04-25,0.2060
2011-04-26,0.2000
2011-04-27,0.1970
2011-04-28,0.1890
2011-05-02,0.1860
2011-05-06,0.1790
2011-05-09,0.1840
2011-05-10,0.1840
2011-05-11,0.1850
2011-05-12,0.1800
2011-05-13,0.1800
2011-05-16,0.1800
2011-05-17,0.1800
2011-05-18,0.1800
2011-05-19,0.1800
2011-05-20,0.1800
2011-05-23,0.1800
2011-05-24,0.1800
2011-05-25,0.1750
2011-05-26,0.1810
2011-05-27,0.1800
2011-05-30,0.1750
2011-05-31,0.1750
2011-06-01,0.1700
2011-06-02,0.1600
2011-06-03,0.1550
2011-06-06,0.1600
2011-06-07,0.1700
2011-06-08,0.1700
2011-06-09,0.1700
2011-06-10,0.1700
2011-06-13,0.1700
2011-06-14,0.1700
2011-06-15,0.1800
2011-06-16,0.1750
2011-06-17,0.1700
2011-06-20,0.1700
2011-06-21,0.1700
2011-06-22,0.1600
2011-06-23,0.1550
2011-06-24,0.1550
2011-06-27,0.1550
2011-06-28,0.1570
2011-06-29,0.1620
2011-06-30,0.1670
2011-07-01,0.1630
2011-07-04,0.1600
2011-07-05,0.1600
2011-07-06,0.1600
2011-07-07,0.1600
2011-07-08,0.1600
2011-07-11,0.1550
2011-07-12,0.1550
2011-07-13,0.1550
2011-07-14,0.1500
2011-07-15,0.1500
2011-07-19,0.1500
2011-07-20,0.1500
2011-07-21,0.1610
2011-07-22,0.1610
2011-07-25,0.1610
2011-07-26,0.1610
2011-07-27,0.1610
2011-07-28,0.1550
2011-07-29,0.1550
2011-08-01,0.1550
2011-08-02,0.1500
2011-08-03,0.1470
2011-08-04,0.1470
2011-08-05,0.1370
2011-08-08,0.1350
2011-08-09,0.1350
2011-08-10,0.1350
2011-08-11,0.1400
2011-08-12,0.1450
2011-08-15,0.1500
2011-08-16,0.1450
2011-08-17,0.1450
2011-08-18,0.1450
2011-08-19,0.1400
2011-08-22,0.1290
2011-08-23,0.1290
2011-08-24,0.1290
2011-08-25,0.1350
2011-08-26,0.1340
2011-08-29,0.1340
2011-08-30,0.1410
2011-08-31,0.1360
2011-09-01,0.1420
2011-09-02,0.1420
2011-09-05,0.1420
2011-09-06,0.1370
2011-09-07,0.1380
2011-09-08,0.1380
2011-09-09,0.1380
2011-09-12,0.1390
2011-09-13,0.1390
2011-09-14,0.1350
2011-09-15,0.1350
2011-09-16,0.1350
2011-09-20,0.1300
2011-09-21,0.1300
2011-09-22,0.1250
2011-09-26,0.1200
2011-09-27,0.1260
2011-09-28,0.1260
2011-09-29,0.1320
2011-09-30,0.1370
2011-10-03,0.1390
2011-10-04,0.1360
2011-10-05,0.1360
2011-10-06,0.1370
2011-10-07,0.1370
2011-10-11,0.1390
2011-10-12,0.1390
2011-10-13,0.1390
2011-10-14,0.1350
2011-10-17,0.1350
2011-10-18,0.1450
2011-10-19,0.1450
2011-10-20,0.1460
2011-10-21,0.1460
2011-10-24,0.1460
2011-10-25,0.1460
2011-10-26,0.1420
2011-10-27,0.1410
2011-10-28,0.1430
2011-10-31,0.1430
2011-11-01,0.1430
2011-11-02,0.1390
2011-11-04,0.1360
2011-11-07,0.1340
2011-11-08,0.1300
2011-11-09,0.1300
2011-11-10,0.1300
2011-11-11,0.1250
2011-11-14,0.1300
2011-11-15,0.1300
2011-11-16,0.1300
2011-11-17,0.1250
2011-11-18,0.1200
2011-11-21,0.1250
2011-11-22,0.1250
2011-11-24,0.1290
2011-11-25,0.1400
2011-11-28,0.1450
2011-11-29,0.1450
2011-11-30,0.1400
2011-12-01,0.1350
2011-12-02,0.1300
2011-12-05,0.1250
2011-12-06,0.1250
2011-12-07,0.1300
2011-12-08,0.1300
2011-12-09,0.1300
2011-12-12,0.1300
2011-12-13,0.1300
2011-12-14,0.1300
2011-12-15,0.1250
2011-12-16,0.1300
2011-12-19,0.1300
2011-12-20,0.1300
2011-12-21,0.1340
2011-12-22,0.1300
2011-12-26,0.1300
2011-12-27,0.1310
2011-12-28,0.1310
2011-12-29,0.1310
2011-12-30,0.1310
2012-01-04,0.1320
2012-01-05,0.1270
2012-01-06,0.1270
2012-01-10,0.1280
2012-01-11,0.1290
2012-01-12,0.1290
2012-01-13,0.1290
2012-01-16,0.1250
2012-01-17,0.1250
2012-01-18,0.1260
2012-01-19,0.1260
2012-01-20,0.1260
2012-01-23,0.1260
2012-01-24,0.1270
2012-01-25,0.1270
2012-01-26,0.1270
2012-01-27,0.1270
2012-01-30,0.1270
2012-01-31,0.1270
2012-02-01,0.1280
2012-02-02,0.1280
2012-02-03,0.1280
2012-02-06,0.1280
2012-02-07,0.1290
2012-02-08,0.1290
2012-02-09,0.1240
2012-02-10,0.1240
2012-02-13,0.1250
2012-02-14,0.1150
2012-02-15,0.1050
2012-02-16,0.1050
2012-02-17,0.1050
2012-02-20,0.1050
2012-02-21,0.1050
2012-02-22,0.1050
2012-02-23,0.1050
2012-02-24,0.1040
2012-02-27,0.1040
2012-02-28,0.1100
2012-02-29,0.1090
2012-03-01,0.1100
2012-03-02,0.1100
2012-03-05,0.1110
2012-03-06,0.1120
2012-03-07,0.1120
2012-03-08,0.1130
2012-03-09,0.1130
2012-03-12,0.1100
2012-03-13,0.1100
2012-03-14,0.1050
2012-03-15,0.1100
2012-03-16,0.1100
2012-03-19,0.1100
2012-03-21,0.1110
2012-03-22,0.1110
2012-03-23,0.1110
2012-03-26,0.1110
2012-03-27,0.1100
2012-03-28,0.1100
2012-03-29,0.1140
2012-03-30,0.1150
2012-04-02,0.1160
2012-04-03,0.1160
2012-04-04,0.1160
2012-04-05,0.1170
2012-04-06,0.1130
2012-04-09,0.1140
2012-04-10,0.1140
2012-04-11,0.1140
2012-04-12,0.1140
2012-04-13,0.1150
2012-04-16,0.1100
2012-04-17,0.1100
2012-04-18,0.1100
2012-04-19,0.1050
2012-04-20,0.1050
2012-04-23,0.1060
2012-04-24,0.1060
2012-04-25,0.1060
2012-04-26,0.1080
2012-04-27,0.1090
2012-05-01,0.1080
2012-05-02,0.1080
2012-05-07,0.1090
2012-05-08,0.1090
2012-05-09,0.1090
2012-05-10,0.1090
2012-05-11,0.1090
2012-05-14,0.1050
2012-05-15,0.1050
2012-05-16,0.1000
2012-05-17,0.1000
2012-05-18,0.1000
2012-05-21,0.1000
2012-05-22,0.1000
2012-05-23,0.1000
2012-05-24,0.1000
2012-05-25,0.1000
2012-05-28,0.1000
2012-05-29,0.1000
2012-05-30,0.1000
2012-05-31,0.1000
2012-06-01,0.1000
2012-06-04,0.1000
2012-06-05,0.1000
2012-06-06,0.1000
2012-06-07,0.1000
2012-06-08,0.1000
2012-06-11,0.1000
2012-06-12,0.1000
2012-06-13,0.1000
2012-06-14,0.1000
2012-06-15,0.1000
2012-06-18,0.1000
2012-06-19,0.1000
2012-06-20,0.1000
2012-06-21,0.1000
2012-06-22,0.1000
2012-06-25,0.1000
2012-06-26,0.1000
2012-06-27,0.1000
2012-06-28,0.1000
2012-06-29,0.1000
2012-07-02,0.1000
2012-07-03,0.1000
2012-07-04,0.1000
2012-07-05,0.1000
2012-07-06,0.1000
2012-07-09,0.1000
2012-07-10,0.1000
2012-07-11,0.1000
2012-07-12,0.1000
2012-07-13,0.1000
2012-07-17,0.1000
2012-07-18,0.1000
2012-07-19,0.1000
2012-07-20,0.1000
2012-07-23,0.1000
2012-07-24,0.1000
2012-07-25,0.1000
2012-07-26,0.1000
2012-07-27,0.1000
2012-07-30,0.1000
2012-07-31,0.0970
2012-08-01,0.0950
2012-08-02,0.0940
2012-08-03,0.0920
2012-08-06,0.0880
2012-08-07,0.0880
2012-08-08,0.0910
2012-08-09,0.0910
2012-08-10,0.0910
2012-08-13,0.0900
2012-08-14,0.0950
2012-08-15,0.1000
2012-08-16,0.1000
2012-08-17,0.1000
2012-08-20,0.1000
2012-08-21,0.1000
2012-08-22,0.1000
2012-08-23,0.1000
2012-08-24,0.1000
2012-08-27,0.1000
2012-08-28,0.0990
2012-08-29,0.0990
2012-08-30,0.1000
2012-08-31,0.0970
2012-09-03,0.0970
2012-09-04,0.0970
2012-09-05,0.0970
2012-09-06,0.0960
2012-09-07,0.0960
2012-09-10,0.0960
2012-09-11,0.0950
2012-09-12,0.0950
2012-09-13,0.0950
2012-09-14,0.1000
2012-09-18,0.1000
2012-09-19,0.1000
2012-09-20,0.1000
2012-09-21,0.1000
2012-09-24,0.1000
2012-09-25,0.1000
2012-09-26,0.1000
2012-09-27,0.1000
2012-09-28,0.1000
2012-10-01,0.1000
2012-10-02,0.1000
2012-10-03,0.1000
2012-10-04,0.1000
2012-10-05,0.1000
2012-10-09,0.1000
2012-10-10,0.1000
2012-10-11,0.1000
2012-10-12,0.1000
2012-10-15,0.1000
2012-10-16,0.1000
2012-10-17,0.1000
2012-10-18,0.1000
2012-10-19,0.1000
2012-10-22,0.1000
2012-10-23,0.1000
2012-10-24,0.1000
2012-10-25,0.0980
2012-10-26,0.0980
2012-10-29,0.0980
2012-10-30,0.0970
2012-10-31,0.0970
2012-11-01,0.0970
2012-11-02,0.0970
2012-11-05,0.0960
2012-11-06,0.0960
2012-11-07,0.0960
2012-11-08,0.0960
2012-11-09,0.0960
2012-11-12,0.0950
2012-11-13,0.0950
2012-11-14,0.1000
2012-11-15,0.1000
2012-11-16,0.1000
2012-11-19,0.1000
2012-11-20,0.1000
2012-11-21,0.1000
2012-11-22,0.1000
2012-11-26,0.1000
2012-11-27,0.0980
2012-11-28,0.0980
2012-11-29,0.0980
2012-11-30,0.0970
2012-12-03,0.0970
2012-12-04,0.0970
2012-12-05,0.0970
2012-12-06,0.0960
2012-12-07,0.0960
2012-12-10,0.0960
2012-12-11,0.0960
2012-12-12,0.0950
2012-12-13,0.0950
2012-12-14,0.1000
2012-12-17,0.1000
2012-12-18,0.1000
2012-12-19,0.1000
2012-12-20,0.1000
2012-12-21,0.1000
2012-12-25,0.0990
2012-12-26,0.0980
2012-12-27,0.0980
2012-12-28,0.0980
2013-01-04,0.0970
2013-01-07,0.0960
2013-01-08,0.0960
2013-01-09,0.0960
2013-01-10,0.0960
2013-01-11,0.0800
2013-01-15,0.0800
2013-01-16,0.0800
2013-01-17,0.0800
2013-01-18,0.0750
2013-01-21,0.0750
2013-01-22,0.0750
2013-01-23,0.0850
2013-01-24,0.0850
2013-01-25,0.0790
2013-01-28,0.0800
2013-01-29,0.0800
2013-01-30,0.0800
2013-01-31,0.0670
2013-02-01,0.0670
2013-02-04,0.0670
2013-02-05,0.0670
2013-02-06,0.0510
2013-02-07,0.0320
2013-02-08,0.0320
2013-02-12,0.0310
2013-02-13,0.0300
2013-02-14,0.0400
2013-02-15,0.0450
2013-02-18,0.0450
2013-02-19,0.0450
2013-02-20,0.0450
2013-02-21,0.0450
2013-02-22,0.0450
2013-02-25,0.0450
2013-02-26,0.0450
2013-02-27,0.0450
2013-02-28,0.0450
2013-03-01,0.0450
2013-03-04,0.0400
2013-03-05,0.0400
2013-03-06,0.0400
2013-03-07,0.0400
2013-03-08,0.0400
2013-03-11,0.0400
2013-03-12,0.0400
2013-03-13,0.0400
2013-03-14,0.0400
2013-03-15,0.0450
2013-03-18,0.0450
2013-03-19,0.0450
2013-03-21,0.0450
2013-03-22,0.0450
2013-03-25,0.0390
2013-03-26,0.0390
2013-03-27,0.0390
2013-03-28,0.0460
2013-03-29,0.0570
2013-04-01,0.0550
2013-04-02,0.0560
2013-04-03,0.0560
2013-04-04,0.0580
2013-04-05,0.0820
2013-04-08,0.0940
2013-04-09,0.1080
2013-04-10,0.1230
2013-04-11,0.1190
2013-04-12,0.1290
2013-04-15,0.1300
2013-04-16,0.1300
2013-04-17,0.1300
2013-04-18,0.1300
2013-04-19,0.1250
2013-04-22,0.1250
2013-04-23,0.1200
2013-04-24,0.1200
2013-04-25,0.1230
2013-04-26,0.1240
2013-04-30,0.1220
2013-05-01,0.1150
2013-05-02,0.1110
2013-05-07,0.1120
2013-05-08,0.1130
2013-05-09,0.1130
2013-05-10,0.1130
2013-05-13,0.1250
2013-05-14,0.1350
2013-05-15,0.1350
2013-05-16,0.1300
2013-05-17,0.1300
2013-05-20,0.1310
2013-05-21,0.1310
2013-05-22,0.1250
2013-05-23,0.1200
2013-05-24,0.1250
2013-05-27,0.1250
2013-05-28,0.1310
2013-05-29,0.1420
2013-05-30,0.1430
2013-05-31,0.1390
2013-06-03,0.1290
2013-06-04,0.1240
2013-06-05,0.1190
2013-06-06,0.1190
2013-06-07,0.1200
2013-06-10,0.1250
2013-06-11,0.1250
2013-06-12,0.1250
2013-06-13,0.1300
2013-06-14,0.1300
2013-06-17,0.1300
2013-06-18,0.1300
2013-06-19,0.1300
2013-06-20,0.1290
2013-06-21,0.1340
2013-06-24,0.1340
2013-06-25,0.1340
2013-06-26,0.1390
2013-06-27,0.1420
2013-06-28,0.1370
2013-07-01,0.1380
2013-07-02,0.1380
2013-07-03,0.1330
2013-07-04,0.1330
2013-07-05,0.1330
2013-07-08,0.1340
2013-07-09,0.1290
2013-07-10,0.1290
2013-07-11,0.1250
2013-07-12,0.1250
2013-07-16,0.1300
2013-07-17,0.1300
2013-07-18,0.1300
2013-07-19,0.1300
2013-07-22,0.1300
2013-07-23,0.1300
2013-07-24,0.1300
2013-07-25,0.1290
2013-07-26,0.1290
2013-07-29,0.1290
2013-07-30,0.1190
2013-07-31,0.1190
2013-08-01,0.1190
2013-08-02,0.1190
2013-08-05,0.1140
2013-08-06,0.1140
2013-08-07,0.1090
2013-08-08,0.1090
2013-08-09,0.1090
2013-08-12,0.1100
2013-08-13,0.1100
2013-08-14,0.1100
2013-08-15,0.1100
2013-08-16,0.1100
2013-08-19,0.1100
2013-08-20,0.1100
2013-08-21,0.1100
2013-08-22,0.1110
2013-08-23,0.1110
2013-08-26,0.1110
2013-08-27,0.1110
2013-08-28,0.1110
2013-08-29,0.1140
2013-08-30,0.1150
2013-09-02,0.1160
2013-09-03,0.1160
2013-09-04,0.1160
2013-09-05,0.1170
2013-09-06,0.1170
2013-09-09,0.1180
2013-09-10,0.1180
2013-09-11,0.1190
2013-09-12,0.1190
2013-09-13,0.1190
2013-09-17,0.1150
2013-09-18,0.1150
2013-09-19,0.1100
2013-09-20,0.1000
2013-09-24,0.0960
2013-09-25,0.1010
2013-09-26,0.1010
2013-09-27,0.1000
2013-09-30,0.1070
2013-10-01,0.1080
2013-10-02,0.1000
2013-10-03,0.0970
2013-10-04,0.0970
2013-10-07,0.0960
2013-10-08,0.0960
2013-10-09,0.0960
2013-10-10,0.0910
2013-10-11,0.0910
2013-10-15,0.0950
2013-10-16,0.0950
2013-10-17,0.1000
2013-10-18,0.1000
2013-10-21,0.1000
2013-10-22,0.1010
2013-10-23,0.1010
2013-10-24,0.1010
2013-10-25,0.1020
2013-10-28,0.1020
2013-10-29,0.0980
2013-10-30,0.0970
2013-10-31,0.0970
2013-11-01,0.0970
2013-11-05,0.0960
2013-11-06,0.0960
2013-11-07,0.0910
2013-11-08,0.0910
2013-11-11,0.0900
2013-11-12,0.0900
2013-11-13,0.0900
2013-11-14,0.0950
2013-11-15,0.0950
2013-11-18,0.0950
2013-11-19,0.0950
2013-11-20,0.0950
2013-11-21,0.0950
2013-11-22,0.0950
2013-11-25,0.0950
2013-11-26,0.0950
2013-11-27,0.0960
2013-11-28,0.0880
2013-11-29,0.0830
2013-12-02,0.0820
2013-12-03,0.0820
2013-12-04,0.0820
2013-12-05,0.0820
2013-12-06,0.0860
2013-12-09,0.0860
2013-12-10,0.0860
2013-12-11,0.0910
2013-12-12,0.0900
2013-12-13,0.0950
2013-12-16,0.0950
2013-12-17,0.0950
2013-12-18,0.1000
2013-12-19,0.1000
2013-12-20,0.1000
2013-12-24,0.1000
2013-12-25,0.0980
2013-12-26,0.0980
2013-12-27,0.0980
2013-12-30,0.0980
2014-01-06,0.0910
2014-01-07,0.0910
2014-01-08,0.0910
2014-01-09,0.0910
2014-01-10,0.0910
2014-01-14,0.0900
2014-01-15,0.0900
2014-01-16,0.0900
2014-01-17,0.0900
2014-01-20,0.0910
2014-01-21,0.0910
2014-01-22,0.0910
2014-01-23,0.0910
2014-01-24,0.0910
2014-01-27,0.0910
2014-01-28,0.0910
2014-01-29,0.0910
2014-01-30,0.0880
2014-01-31,0.0850
2014-02-03,0.0820
2014-02-04,0.0820
2014-02-05,0.0820
2014-02-06,0.0810
2014-02-07,0.0760
2014-02-10,0.0710
2014-02-12,0.0700
2014-02-13,0.0700
2014-02-14,0.0750
2014-02-17,0.0700
2014-02-18,0.0750
2014-02-19,0.0850
2014-02-20,0.0800
2014-02-21,0.0800
2014-02-24,0.0800
2014-02-25,0.0800
2014-02-26,0.0800
2014-02-27,0.0730
2014-02-28,0.0730
2014-03-03,0.0720
2014-03-04,0.0720
2014-03-05,0.0720
2014-03-06,0.0720
2014-03-07,0.0720
2014-03-10,0.0710
2014-03-11,0.0710
2014-03-12,0.0760
2014-03-13,0.0810
2014-03-14,0.0800
2014-03-17,0.0800
2014-03-18,0.0800
2014-03-19,0.0750
2014-03-20,0.0750
2014-03-24,0.0740
2014-03-25,0.0740
2014-03-26,0.0790
2014-03-27,0.0800
2014-03-28,0.0880
2014-03-31,0.0870
2014-04-01,0.0820
2014-04-02,0.0820
2014-04-03,0.0820
2014-04-04,0.0820
2014-04-07,0.0810
2014-04-08,0.0810
2014-04-09,0.0810
2014-04-10,0.0810
2014-04-11,0.0810
2014-04-14,0.0900
2014-04-15,0.0900
2014-04-16,0.0900
2014-04-17,0.0900
2014-04-18,0.0900
2014-04-21,0.0900
2014-04-22,0.0900
2014-04-23,0.0900
2014-04-24,0.0890
2014-04-25,0.0880
2014-04-28,0.0880
2014-04-30,0.0880
2014-05-01,0.0850
2014-05-02,0.0850
2014-05-07,0.0850
2014-05-08,0.0850
2014-05-09,0.0810
2014-05-12,0.0810
2014-05-13,0.0800
2014-05-14,0.0850
2014-05-15,0.0850
2014-05-16,0.0850
2014-05-19,0.0850
2014-05-20,0.0850
2014-05-21,0.0850
2014-05-22,0.0850
2014-05-23,0.0850
2014-05-26,0.0850
2014-05-27,0.0850
2014-05-28,0.0910
2014-05-29,0.0880
2014-05-30,0.0880
2014-06-02,0.0870
2014-06-03,0.0870
2014-06-04,0.0870
2014-06-05,0.0870
2014-06-06,0.0860
2014-06-09,0.0860
2014-06-10,0.0860
2014-06-11,0.0810
2014-06-12,0.0810
2014-06-13,0.0810
2014-06-16,0.0850
2014-06-17,0.0850
2014-06-18,0.0850
2014-06-19,0.0850
2014-06-20,0.0850
2014-06-23,0.0840
2014-06-24,0.0840
2014-06-25,0.0840
2014-06-26,0.0830
2014-06-27,0.0750
2014-06-30,0.0730
2014-07-01,0.0670
2014-07-02,0.0720
2014-07-03,0.0720
2014-07-04,0.0720
2014-07-07,0.0710
2014-07-08,0.0650
2014-07-09,0.0610
2014-07-10,0.0610
2014-07-11,0.0610
2014-07-14,0.0600
2014-07-15,0.0650
2014-07-16,0.0650
2014-07-17,0.0650
2014-07-18,0.0650
2014-07-22,0.0700
2014-07-23,0.0700
2014-07-24,0.0700
2014-07-25,0.0700
2014-07-28,0.0750
2014-07-29,0.0680
2014-07-30,0.0680
2014-07-31,0.0670
2014-08-01,0.0670
2014-08-04,0.0670
2014-08-05,0.0670
2014-08-06,0.0660
2014-08-07,0.0660
2014-08-08,0.0660
2014-08-11,0.0660
2014-08-12,0.0660
2014-08-13,0.0650
2014-08-14,0.0650
2014-08-15,0.0700
2014-08-18,0.0700
2014-08-19,0.0700
2014-08-20,0.0750
2014-08-21,0.0750
2014-08-22,0.0810
2014-08-25,0.0810
2014-08-26,0.0810
2014-08-27,0.0810
2014-08-28,0.0730
2014-08-29,0.0730
2014-09-01,0.0720
2014-09-02,0.0720
2014-09-03,0.0770
2014-09-04,0.0770
2014-09-05,0.0760
2014-09-08,0.0720
2014-09-09,0.0710
2014-09-10,0.0710
2014-09-11,0.0750
2014-09-12,0.0750
2014-09-16,0.0800
2014-09-17,0.0750
2014-09-18,0.0750
2014-09-19,0.0700
2014-09-22,0.0690
2014-09-24,0.0640
2014-09-25,0.0640
2014-09-26,0.0640
2014-09-29,0.0800
2014-09-30,0.0780
2014-10-01,0.0700
2014-10-02,0.0650
2014-10-03,0.0600
2014-10-06,0.0600
2014-10-07,0.0590
2014-10-08,0.0500
2014-10-09,0.0490
2014-10-10,0.0490
2014-10-14,0.0450
2014-10-15,0.0450
2014-10-16,0.0450
2014-10-17,0.0150
2014-10-20,0.0250
2014-10-21,0.0250
2014-10-22,0.0300
2014-10-23,0.0300
2014-10-24,0.0190
2014-10-27,0.0240
2014-10-28,0.0180
2014-10-29,0.0200
2014-10-30,0.0200
2014-10-31,0.0300
2014-11-04,0.0200
2014-11-05,0.0200
2014-11-06,0.0300
2014-11-07,0.0300
2014-11-10,0.0250
2014-11-11,0.0300
2014-11-12,0.0450
2014-11-13,0.0300
2014-11-14,0.0200
2014-11-17,0.0150
2014-11-18,0.0150
2014-11-19,0.0100
2014-11-20,0.0090
2014-11-21,0.0090
2014-11-25,0.0090
2014-11-26,0.0080
2014-11-27,0.0080
2014-11-28,0.0100
2014-12-01,0.0070
2014-12-02,0.0020
2014-12-03,-0.0030
2014-12-04,-0.0030
2014-12-05,-0.0030
2014-12-08,-0.0040
2014-12-09,-0.0040
2014-12-10,0.0010
2014-12-11,0.0010
2014-12-12,0.0050
2014-12-15,0.0100
2014-12-16,0.0050
2014-12-17,0.0050
2014-12-18,-0.0100
2014-12-19,-0.0350
2014-12-22,-0.0310
2014-12-24,-0.0360
2014-12-25,-0.0260
2014-12-26,-0.0280
2014-12-29,-0.0330
2014-12-30,-0.0280
2015-01-05,-0.0270
2015-01-06,-0.0260
2015-01-07,-0.0250
2015-01-08,-0.0200
2015-01-09,-0.0290
2015-01-13,-0.0300
2015-01-14,-0.0300
2015-01-15,-0.0250
2015-01-16,-0.0250
2015-01-19,-0.0260
2015-01-20,-0.0310
2015-01-21,-0.0310
2015-01-22,-0.0200
2015-01-23,-0.0150
2015-01-26,-0.0160
2015-01-27,-0.0050
2015-01-28,0.0030
2015-01-29,0.0050
2015-01-30,0.0100
2015-02-02,0.0100
2015-02-03,0.0200
2015-02-04,0.0300
2015-02-05,0.0430
2015-02-06,0.0350
2015-02-09,0.0450
2015-02-10,0.0450
2015-02-12,0.0400
2015-02-13,0.0400
2015-02-16,0.0450
2015-02-17,0.0350
2015-02-18,0.0400
2015-02-19,0.0350
2015-02-20,0.0340
2015-02-23,0.0330
2015-02-24,0.0290
2015-02-25,0.0230
2015-02-26,0.0250
2015-02-27,0.0150
2015-03-02,0.0150
2015-03-03,0.0200
2015-03-04,0.0150
2015-03-05,0.0070
2015-03-06,0.0070
2015-03-09,0.0160
2015-03-10,0.0300
2015-03-11,0.0300
2015-03-12,0.0160
2015-03-13,0.0160
2015-03-16,0.0150
2015-03-17,0.0150
2015-03-18,0.0050
2015-03-19,0.0040
2015-03-20,0.0100
2015-03-23,0.0190
2015-03-24,0.0240
2015-03-25,0.0300
2015-03-26,0.0300
2015-03-27,0.0350
2015-03-30,0.0350
2015-03-31,0.0370
2015-04-01,0.0250
2015-04-02,0.0200
2015-04-03,0.0150
2015-04-06,0.0150
2015-04-07,0.0150
2015-04-08,0.0150
2015-04-09,0.0110
2015-04-10,0.0060
2015-04-13,0.0050
2015-04-14,0.0050
2015-04-15,0.0050
2015-04-16,0.0050
2015-04-17,0.0050
2015-04-20,0.0040
2015-04-21,0.0040
2015-04-22,-0.0010
2015-04-23,-0.0010
2015-04-24,-0.0160
2015-04-27,-0.0010
2015-04-28,0.0000
2015-04-30,0.0000
2015-05-01,0.0020
2015-05-07,0.0160
2015-05-08,0.0060
2015-05-11,0.0010
2015-05-12,0.0010
2015-05-13,0.0010
2015-05-14,-0.0050
2015-05-15,-0.0100
2015-05-18,-0.0100
2015-05-19,-0.0100
2015-05-20,-0.0110
2015-05-21,-0.0060
2015-05-22,-0.0060
2015-05-25,-0.0010
2015-05-26,-0.0010
2015-05-27,-0.0010
2015-05-28,-0.0080
2015-05-29,-0.0080
2015-06-01,-0.0070
2015-06-02,-0.0070
2015-06-03,-0.0020
2015-06-04,-0.0020
2015-06-05,-0.0050
2015-06-08,-0.0050
2015-06-09,-0.0050
2015-06-10,-0.0050
2015-06-11,-0.0050
2015-06-12,-0.0040
2015-06-15,-0.0050
2015-06-16,0.0000
2015-06-17,0.0000
2015-06-18,0.0050
2015-06-19,0.0050
2015-06-22,0.0050
2015-06-23,0.0050
2015-06-24,0.0040
2015-06-25,0.0030
2015-06-26,-0.0020
2015-06-29,-0.0020
2015-06-30,-0.0030
2015-07-01,-0.0030
2015-07-02,0.0000
2015-07-03,0.0100
2015-07-06,0.0100
2015-07-07,0.0050
2015-07-08,0.0050
2015-07-09,0.0090
2015-07-10,0.0050
2015-07-13,0.0050
2015-07-14,0.0050
2015-07-15,0.0100
2015-07-16,0.0050
2015-07-17,0.0050
2015-07-21,0.0050
2015-07-22,0.0040
2015-07-23,0.0040
2015-07-24,0.0040
2015-07-27,0.0040
2015-07-28,0.0050
2015-07-29,0.0050
2015-07-30,0.0050
2015-07-31,0.0050
2015-08-03,0.0050
2015-08-04,0.0050
2015-08-05,0.0050
2015-08-06,0.0050
2015-08-07,0.0050
2015-08-10,0.0050
2015-08-11,0.0010
2015-08-12,0.0010
2015-08-13,0.0010
2015-08-14,0.0000
2015-08-17,0.0050
2015-08-18,0.0050
2015-08-19,0.0040
2015-08-20,0.0040
2015-08-21,0.0040
2015-08-24,0.0040
2015-08-25,0.0040
2015-08-26,0.0040
2015-08-27,0.0080
2015-08-28,0.0080
2015-08-31,0.0070
2015-09-01,0.0070
2015-09-02,0.0100
2015-09-03,0.0120
2015-09-04,0.0120
2015-09-07,0.0110
2015-09-08,0.0110
2015-09-09,0.0110
2015-09-10,0.0110
2015-09-11,0.0100
2015-09-14,0.0100
2015-09-15,0.0200
2015-09-16,0.0200
2015-09-17,0.0150
2015-09-18,0.0140
2015-09-24,0.0130
2015-09-25,0.0090
2015-09-28,0.0080
2015-09-29,0.0120
2015-09-30,0.0150
2015-10-01,0.0070
2015-10-02,0.0020
2015-10-05,0.0020
2015-10-06,0.0010
2015-10-07,0.0010
2015-10-08,0.0050
2015-10-09,0.0050
2015-10-13,0.0050
2015-10-14,0.0050
2015-10-15,0.0100
2015-10-16,0.0100
2015-10-19,0.0090
2015-10-20,0.0090
2015-10-21,0.0140
2015-10-22,0.0100
2015-10-23,0.0090
2015-10-26,0.0130
2015-10-27,0.0080
2015-10-28,0.0030
2015-10-29,0.0030
2015-10-30,0.0020
2015-11-02,0.0020
2015-11-04,0.0020
2015-11-05,0.0010
2015-11-06,0.0000
2015-11-09,-0.0040
2015-11-10,-0.0040
2015-11-11,-0.0050
2015-11-12,-0.0050
2015-11-13,-0.0050
2015-11-16,-0.0050
2015-11-17,-0.0100
2015-11-18,-0.0150
2015-11-19,-0.0210
2015-11-20,-0.0260
2015-11-24,-0.0010
2015-11-25,-0.0060
2015-11-26,-0.0060
2015-11-27,-0.0080
2015-11-30,-0.0080
2015-12-01,-0.0120
2015-12-02,-0.0150
2015-12-03,-0.0200
2015-12-04,-0.0250
2015-12-07,-0.0250
2015-12-08,-0.0300
2015-12-09,-0.0350
2015-12-10,-0.0350
2015-12-11,-0.0300
2015-12-14,-0.0300
2015-12-15,-0.0300
2015-12-16,-0.0250
2015-12-17,-0.0300
2015-12-18,-0.0500
2015-12-21,-0.0350
2015-12-22,-0.0420
2015-12-24,-0.0400
2015-12-25,-0.0390
2015-12-28,-0.0360
2015-12-29,-0.0350
2015-12-30,-0.0330
2016-01-04,-0.0280
2016-01-05,-0.0300
2016-01-06,-0.0290
2016-01-07,-0.0280
2016-01-08,-0.0310
2016-01-12,-0.0280
2016-01-13,-0.0360
2016-01-14,-0.0310
2016-01-15,-0.0300
2016-01-18,-0.0250
2016-01-19,-0.0200
2016-01-20,-0.0110
2016-01-21,-0.0110
2016-01-22,-0.0210
2016-01-25,-0.0260
2016-01-26,-0.0260
2016-01-27,-0.0270
2016-01-28,-0.0260
2016-01-29,-0.0830
2016-02-01,-0.1600
2016-02-02,-0.1520
2016-02-03,-0.1820
2016-02-04,-0.1780
2016-02-05,-0.1930
2016-02-08,-0.1920
2016-02-09,-0.2410
2016-02-10,-0.2170
2016-02-12,-0.1640
2016-02-15,-0.1450
2016-02-16,-0.1600
2016-02-17,-0.1510
2016-02-18,-0.1860
2016-02-19,-0.2120
2016-02-22,-0.2130
2016-02-23,-0.2040
2016-02-24,-0.2140
2016-02-25,-0.2120
2016-02-26,-0.2360
2016-02-29,-0.2450
2016-03-01,-0.2360
2016-03-02,-0.2260
2016-03-03,-0.2110
2016-03-04,-0.2030
2016-03-07,-0.2120
2016-03-08,-0.2300
2016-03-09,-0.1830
2016-03-10,-0.1730
2016-03-11,-0.1630
2016-03-14,-0.1690
2016-03-15,-0.1550
2016-03-16,-0.1750
2016-03-17,-0.1990
2016-03-18,-0.2200
2016-03-22,-0.2150
2016-03-23,-0.2240
2016-03-24,-0.2140
2016-03-25,-0.2240
2016-03-28,-0.2260
2016-03-29,-0.2240
2016-03-30,-0.2260
2016-03-31,-0.2060
2016-04-01,-0.2140
2016-04-04,-0.2250
2016-04-05,-0.2200
2016-04-06,-0.2320
2016-04-07,-0.2360
2016-04-08,-0.2410
2016-04-11,-0.2470
2016-04-12,-0.2520
2016-04-13,-0.2430
2016-04-14,-0.2580
2016-04-15,-0.2540
2016-04-18,-0.2540
2016-04-19,-0.2590
2016-04-20,-0.2640
2016-04-21,-0.2650
2016-04-22,-0.2800
2016-04-25,-0.2700
2016-04-26,-0.2650
2016-04-27,-0.2490
2016-04-28,-0.2440
2016-05-02,-0.2440
2016-05-06,-0.2470
2016-05-09,-0.2480
2016-05-10,-0.2480
2016-05-11,-0.2480
2016-05-12,-0.2530
2016-05-13,-0.2530
2016-05-16,-0.2540
2016-05-17,-0.2550
2016-05-18,-0.2460
2016-05-19,-0.2260
2016-05-20,-0.2360
2016-05-23,-0.2380
2016-05-24,-0.2390
2016-05-25,-0.2340
2016-05-26,-0.2390
2016-05-27,-0.2400
2016-05-30,-0.2310
2016-05-31,-0.2390
2016-06-01,-0.2420
2016-06-02,-0.2400
2016-06-03,-0.2400
2016-06-06,-0.2510
2016-06-07,-0.2500
2016-06-08,-0.2410
2016-06-09,-0.2460
2016-06-10,-0.2710
2016-06-13,-0.2770
2016-06-14,-0.2780
2016-06-15,-0.2840
2016-06-16,-0.2840
2016-06-17,-0.2550
2016-06-20,-0.2510
2016-06-21,-0.2470
2016-06-22,-0.2420
2016-06-23,-0.2380
2016-06-24,-0.2890
2016-06-27,-0.2840
2016-06-28,-0.2930
2016-06-29,-0.2980
2016-06-30,-0.2990
2016-07-01,-0.3290
2016-07-04,-0.3250
2016-07-05,-0.3200
2016-07-06,-0.3340
2016-07-07,-0.3430
2016-07-08,-0.3540
2016-07-11,-0.3510
2016-07-12,-0.3510
2016-07-13,-0.3570
2016-07-14,-0.3570
2016-07-15,-0.3330
2016-07-19,-0.3310
2016-07-20,-0.3270
2016-07-21,-0.3270
2016-07-22,-0.3330
2016-07-25,-0.3350
2016-07-26,-0.3360
2016-07-27,-0.3720
2016-07-28,-0.3450
2016-07-29,-0.2510
2016-08-01,-0.2370
2016-08-02,-0.1650
2016-08-03,-0.1770
2016-08-04,-0.1780
2016-08-05,-0.1930
2016-08-08,-0.1720
2016-08-09,-0.1870
2016-08-10,-0.2020
2016-08-12,-0.1970
2016-08-15,-0.1840
2016-08-16,-0.1900
2016-08-17,-0.1850
2016-08-18,-0.1960
2016-08-19,-0.2060
2016-08-22,-0.2020
2016-08-23,-0.2070
2016-08-24,-0.1930
2016-08-25,-0.1880
2016-08-26,-0.1780
2016-08-29,-0.1850
2016-08-30,-0.1970
2016-08-31,-0.1970
2016-09-01,-0.1870
2016-09-02,-0.1870
2016-09-05,-0.1930
2016-09-06,-0.1890
2016-09-07,-0.1990
2016-09-08,-0.1990
2016-09-09,-0.2040
2016-09-12,-0.2490
2016-09-13,-0.2440
2016-09-14,-0.2740
2016-09-15,-0.2740
2016-09-16,-0.2690
2016-09-20,-0.2660
2016-09-21,-0.2260
2016-09-23,-0.2220
2016-09-26,-0.2290
2016-09-27,-0.2680
2016-09-28,-0.2930
2016-09-29,-0.2750
2016-09-30,-0.2890
2016-10-03,-0.2810
2016-10-04,-0.2810
2016-10-05,-0.2850
2016-10-06,-0.2800
2016-10-07,-0.2800
2016-10-11,-0.2640
2016-10-12,-0.2630
2016-10-13,-0.2630
2016-10-14,-0.2730
2016-10-17,-0.2750
2016-10-18,-0.2750
2016-10-19,-0.2700
2016-10-20,-0.2660
2016-10-21,-0.2560
2016-10-24,-0.2480
2016-10-25,-0.2540
2016-10-26,-0.2540
2016-10-27,-0.2540
2016-10-28,-0.2480
2016-10-31,-0.2470
2016-11-01,-0.2490
2016-11-02,-0.2590
2016-11-04,-0.2640
2016-11-07,-0.2590
2016-11-08,-0.2630
2016-11-09,-0.2780
2016-11-10,-0.2630
2016-11-11,-0.2480
2016-11-14,-0.2190
2016-11-15,-0.1840
2016-11-16,-0.1100
2016-11-17,-0.1550
2016-11-18,-0.1660
2016-11-21,-0.1710
2016-11-22,-0.1620
2016-11-24,-0.1620
2016-11-25,-0.1420
2016-11-28,-0.1530
2016-11-29,-0.1640
2016-11-30,-0.1670
2016-12-01,-0.1740
2016-12-02,-0.1790
2016-12-05,-0.1890
2016-12-06,-0.1890
2016-12-07,-0.1940
2016-12-08,-0.1890
2016-12-09,-0.1890
2016-12-12,-0.1890
2016-12-13,-0.1840
2016-12-14,-0.1990
2016-12-15,-0.1990
2016-12-16,-0.1800
2016-12-19,-0.1810
2016-12-20,-0.1860
2016-12-21,-0.1810
2016-12-22,-0.1810
2016-12-26,-0.1780
2016-12-27,-0.1690
2016-12-28,-0.1740
2016-12-29,-0.1820
2016-12-30,-0.1870
2017-01-04,-0.1930
2017-01-05,-0.2030
2017-01-06,-0.2130
2017-01-10,-0.2430
2017-01-11,-0.2480
2017-01-12,-0.2230
2017-01-13,-0.2240
2017-01-16,-0.2240
2017-01-17,-0.2300
2017-01-18,-0.2350
2017-01-19,-0.2300
2017-01-20,-0.2350
2017-01-23,-0.2410
2017-01-24,-0.2460
2017-01-25,-0.2160
2017-01-26,-0.2010
2017-01-27,-0.2000
2017-01-30,-0.2090
2017-01-31,-0.2090
2017-02-01,-0.2270
2017-02-02,-0.2260
2017-02-03,-0.2310
2017-02-06,-0.2210
2017-02-07,-0.2210
2017-02-08,-0.2100
2017-02-09,-0.2090
2017-02-10,-0.2140
2017-02-13,-0.2140
2017-02-14,-0.2240
2017-02-15,-0.2340
2017-02-16,-0.2390
2017-02-17,-0.2440
2017-02-20,-0.2390
2017-02-21,-0.2400
2017-02-22,-0.2600
2017-02-23,-0.2600
2017-02-24,-0.2650
2017-02-27,-0.2640
2017-02-28,-0.2620
2017-03-01,-0.2590
2017-03-02,-0.2760
2017-03-03,-0.2910
2017-03-06,-0.2950
2017-03-07,-0.2950
2017-03-08,-0.2900
2017-03-09,-0.2690
2017-03-10,-0.2640
2017-03-13,-0.2590
2017-03-14,-0.2590
2017-03-15,-0.2540
2017-03-16,-0.2640
2017-03-17,-0.2650
2017-03-21,-0.2630
2017-03-22,-0.2680
2017-03-23,-0.2730
2017-03-24,-0.2640
2017-03-27,-0.2650
2017-03-28,-0.2600
2017-03-29,-0.2500
2017-03-30,-0.2150
2017-03-31,-0.2040
2017-04-03,-0.1750
2017-04-04,-0.1880
2017-04-05,-0.2010
2017-04-06,-0.2110
2017-04-07,-0.2190
2017-04-10,-0.2190
2017-04-11,-0.2240
2017-04-12,-0.2290
2017-04-13,-0.2240
2017-04-14,-0.2240
2017-04-17,-0.2200
2017-04-18,-0.2150
2017-04-19,-0.2210
2017-04-20,-0.2210
2017-04-21,-0.2220
2017-04-24,-0.2120
2017-04-25,-0.2080
2017-04-26,-0.2030
2017-04-27,-0.1930
2017-04-28,-0.2070
2017-05-01,-0.2070
2017-05-02,-0.2020
2017-05-08,-0.1980
2017-05-09,-0.1880
2017-05-10,-0.1830
2017-05-11,-0.1820
2017-05-12,-0.1780
2017-05-15,-0.1740
2017-05-16,-0.1700
2017-05-17,-0.1600
2017-05-18,-0.1510
2017-05-19,-0.1610
2017-05-22,-0.1680
2017-05-23,-0.1670
2017-05-24,-0.1630
2017-05-25,-0.1680
2017-05-26,-0.1680
2017-05-29,-0.1710
2017-05-30,-0.1650
2017-05-31,-0.1620
2017-06-01,-0.1600
2017-06-02,-0.1550
2017-06-05,-0.1460
2017-06-06,-0.1420
2017-06-07,-0.1170
2017-06-08,-0.1030
2017-06-09,-0.1080
2017-06-12,-0.1140
2017-06-13,-0.1090
2017-06-14,-0.1140
2017-06-15,-0.1200
2017-06-16,-0.1200
2017-06-19,-0.1160
2017-06-20,-0.1120
2017-06-21,-0.1020
2017-06-22,-0.1020
2017-06-23,-0.1030
2017-06-26,-0.1040
2017-06-27,-0.1170
2017-06-28,-0.1200
2017-06-29,-0.1200
2017-06-30,-0.1150
2017-07-03,-0.1210
2017-07-04,-0.1260
2017-07-05,-0.1160
2017-07-06,-0.1020
2017-07-07,-0.1020
2017-07-10,-0.0990
2017-07-11,-0.1040
2017-07-12,-0.1090
2017-07-13,-0.1140
2017-07-14,-0.1090
2017-07-18,-0.1060
2017-07-19,-0.1110
2017-07-20,-0.1110
2017-07-21,-0.1160
2017-07-24,-0.1180
2017-07-25,-0.1120
2017-07-26,-0.1070
2017-07-27,-0.1150
2017-07-28,-0.1170
2017-07-31,-0.1170
2017-08-01,-0.1170
2017-08-02,-0.1180
2017-08-03,-0.1180
2017-08-04,-0.1130
2017-08-07,-0.1080
2017-08-08,-0.1090
2017-08-09,-0.1190
2017-08-10,-0.1140
2017-08-14,-0.1140
2017-08-15,-0.1150
2017-08-16,-0.1200
2017-08-17,-0.1150
2017-08-18,-0.1310
2017-08-21,-0.1310
2017-08-22,-0.1310
2017-08-23,-0.1320
2017-08-24,-0.1430
2017-08-25,-0.1570
2017-08-28,-0.1580
2017-08-29,-0.1580
2017-08-30,-0.1550
2017-08-31,-0.1620
2017-09-01,-0.1650
2017-09-04,-0.1610
2017-09-05,-0.1560
2017-09-06,-0.1520
2017-09-07,-0.1570
2017-09-08,-0.1620
2017-09-11,-0.1580
2017-09-12,-0.1440
2017-09-13,-0.1440
2017-09-14,-0.1390
2017-09-15,-0.1500
2017-09-19,-0.1410
2017-09-20,-0.1310
2017-09-21,-0.1260
2017-09-22,-0.1370
2017-09-25,-0.1380
2017-09-26,-0.1380
2017-09-27,-0.1290
2017-09-28,-0.1150
2017-09-29,-0.1200
2017-10-02,-0.1100
2017-10-03,-0.1150
2017-10-04,-0.1350
2017-10-05,-0.1400
2017-10-06,-0.1400
2017-10-10,-0.1450
2017-10-11,-0.1440
2017-10-12,-0.1440
2017-10-13,-0.1440
2017-10-16,-0.1450
2017-10-17,-0.1400
2017-10-18,-0.1300
2017-10-19,-0.1410
2017-10-20,-0.1360
2017-10-23,-0.1370
2017-10-24,-0.1370
2017-10-25,-0.1370
2017-10-26,-0.1470
2017-10-27,-0.1490
2017-10-30,-0.1550
2017-10-31,-0.1600
2017-11-01,-0.1600
2017-11-02,-0.1630
2017-11-06,-0.1830
2017-11-07,-0.1930
2017-11-08,-0.2070
2017-11-09,-0.1980
2017-11-10,-0.1790
2017-11-13,-0.1740
2017-11-14,-0.1840
2017-11-15,-0.1890
2017-11-16,-0.1900
2017-11-17,-0.1950
2017-11-20,-0.1960
2017-11-21,-0.1960
2017-11-22,-0.1970
2017-11-24,-0.1880
2017-11-27,-0.1790
2017-11-28,-0.1750
2017-11-29,-0.1740
2017-11-30,-0.1600
2017-12-01,-0.1600
2017-12-04,-0.1480
2017-12-05,-0.1380
2017-12-06,-0.1430
2017-12-07,-0.1430
2017-12-08,-0.1530
2017-12-11,-0.1540
2017-12-12,-0.1540
2017-12-13,-0.1590
2017-12-14,-0.1590
2017-12-15,-0.1550
2017-12-18,-0.1500
2017-12-19,-0.1510
2017-12-20,-0.1460
2017-12-21,-0.1460
2017-12-22,-0.1470
2017-12-25,-0.1470
2017-12-26,-0.1450
2017-12-27,-0.1430
2017-12-28,-0.1380
2017-12-29,-0.1400
2018-01-04,-0.1380
2018-01-05,-0.1380
2018-01-09,-0.1390
2018-01-10,-0.1290
2018-01-11,-0.1340
2018-01-12,-0.1340
2018-01-15,-0.1400
2018-01-16,-0.1400
2018-01-17,-0.1300
2018-01-18,-0.1300
2018-01-19,-0.1360
2018-01-22,-0.1360
2018-01-23,-0.1420
2018-01-24,-0.1370
2018-01-25,-0.1320
2018-01-26,-0.1320
2018-01-29,-0.1280
2018-01-30,-0.1300
2018-01-31,-0.1370
2018-02-01,-0.1280
2018-02-02,-0.1310
2018-02-05,-0.1370
2018-02-06,-0.1420
2018-02-07,-0.1440
2018-02-08,-0.1480
2018-02-09,-0.1490
2018-02-13,-0.1540
2018-02-14,-0.1540
2018-02-15,-0.1590
2018-02-16,-0.1600
2018-02-19,-0.1510
2018-02-20,-0.1510
2018-02-21,-0.1510
2018-02-22,-0.1510
2018-02-23,-0.1530
2018-02-26,-0.1540
2018-02-27,-0.1620
2018-02-28,-0.1600
2018-03-01,-0.1600
2018-03-02,-0.1550
2018-03-05,-0.1730
2018-03-06,-0.1660
2018-03-07,-0.1620
2018-03-08,-0.1570
2018-03-09,-0.1570
2018-03-12,-0.1530
2018-03-13,-0.1540
2018-03-14,-0.1490
2018-03-15,-0.1450
2018-03-16,-0.1500
2018-03-19,-0.1510
2018-03-20,-0.1560
2018-03-22,-0.1570
2018-03-23,-0.1570
2018-03-26,-0.1580
2018-03-27,-0.1530
2018-03-28,-0.1540
2018-03-29,-0.1400
2018-03-30,-0.1370
2018-04-02,-0.1350
2018-04-03,-0.1410
2018-04-04,-0.1360
2018-04-05,-0.1330
2018-04-06,-0.1430
2018-04-09,-0.1470
2018-04-10,-0.1540
2018-04-11,-0.1580
2018-04-12,-0.1580
2018-04-13,-0.1590
2018-04-16,-0.1550
2018-04-17,-0.1550
2018-04-18,-0.1500
2018-04-19,-0.1410
2018-04-20,-0.1310
2018-04-23,-0.1320
2018-04-24,-0.1360
2018-04-25,-0.1350
2018-04-26,-0.1310
2018-04-27,-0.1370
2018-05-01,-0.1420
2018-05-02,-0.1380
2018-05-07,-0.1370
2018-05-08,-0.1320
2018-05-09,-0.1330
2018-05-10,-0.1380
2018-05-11,-0.1380
2018-05-14,-0.1390
2018-05-15,-0.1350
2018-05-16,-0.1400
2018-05-17,-0.1400
2018-05-18,-0.1350
2018-05-21,-0.1360
2018-05-22,-0.1410
2018-05-23,-0.1410
2018-05-24,-0.1420
2018-05-25,-0.1430
2018-05-28,-0.1440
2018-05-29,-0.1440
2018-05-30,-0.1480
2018-05-31,-0.1440
2018-06-01,-0.1450
2018-06-04,-0.1350
2018-06-05,-0.1310
2018-06-06,-0.1310
2018-06-07,-0.1310
2018-06-08,-0.1270
2018-06-11,-0.1330
2018-06-12,-0.1330
2018-06-13,-0.1330
2018-06-14,-0.1380
2018-06-15,-0.1380
2018-06-18,-0.1400
2018-06-19,-0.1350
2018-06-20,-0.1350
2018-06-21,-0.1360
2018-06-22,-0.1360
2018-06-25,-0.1370
2018-06-26,-0.1370
2018-06-27,-0.1330
2018-06-28,-0.1280
2018-06-29,-0.1290
2018-07-02,-0.1350
2018-07-03,-0.1300
2018-07-04,-0.1310
2018-07-05,-0.1310
2018-07-06,-0.1320
2018-07-09,-0.1320
2018-07-10,-0.1270
2018-07-11,-0.1330
2018-07-12,-0.1330
2018-07-13,-0.1330
2018-07-17,-0.1350
2018-07-18,-0.1300
2018-07-19,-0.1300
2018-07-20,-0.1270
2018-07-23,-0.1070
2018-07-24,-0.1230
2018-07-25,-0.1260
2018-07-26,-0.1190
2018-07-27,-0.1180
2018-07-30,-0.1190
2018-07-31,-0.1190
2018-08-01,-0.0900
2018-08-02,-0.1050
2018-08-03,-0.1100
2018-08-06,-0.1110
2018-08-07,-0.1120
2018-08-08,-0.1070
2018-08-09,-0.1120
2018-08-10,-0.1170
2018-08-13,-0.1180
2018-08-14,-0.1180
2018-08-15,-0.1180
2018-08-16,-0.1240
2018-08-17,-0.1290
2018-08-20,-0.1270
2018-08-21,-0.1270
2018-08-22,-0.1200
2018-08-23,-0.1230
2018-08-24,-0.1160
2018-08-27,-0.1160
2018-08-28,-0.1160
2018-08-29,-0.1170
2018-08-30,-0.1140
2018-08-31,-0.1190
2018-09-03,-0.1100
2018-09-04,-0.1160
2018-09-05,-0.1160
2018-09-06,-0.1160
2018-09-07,-0.1120
2018-09-10,-0.1120
2018-09-11,-0.1120
2018-09-12,-0.1120
2018-09-13,-0.1130
2018-09-14,-0.1130
2018-09-18,-0.1140
2018-09-19,-0.1090
2018-09-20,-0.1040
2018-09-21,-0.1040
2018-09-25,-0.1050
2018-09-26,-0.1100
2018-09-27,-0.1180
2018-09-28,-0.1140
2018-10-01,-0.1150
2018-10-02,-0.1150
2018-10-03,-0.1150
2018-10-04,-0.1100
2018-10-05,-0.1210
2018-10-09,-0.1160
2018-10-10,-0.1170
2018-10-11,-0.1170
2018-10-12,-0.1170
2018-10-15,-0.1180
2018-10-16,-0.1180
2018-10-17,-0.1200
2018-10-18,-0.1200
2018-10-19,-0.1190
2018-10-22,-0.1140
2018-10-23,-0.1140
2018-10-24,-0.1150
2018-10-25,-0.1190
2018-10-26,-0.1240
2018-10-29,-0.1240
2018-10-30,-0.1250
2018-10-31,-0.1250
2018-11-01,-0.1250
2018-11-02,-0.1300
2018-11-05,-0.1310
2018-11-06,-0.1310
2018-11-07,-0.1260
2018-11-08,-0.1320
2018-11-09,-0.1370
2018-11-12,-0.1380
2018-11-13,-0.1370
2018-11-14,-0.1430
2018-11-15,-0.1380
2018-11-16,-0.1440
2018-11-19,-0.1450
2018-11-20,-0.1420
2018-11-21,-0.1420
2018-11-22,-0.1420
2018-11-26,-0.1420
2018-11-27,-0.1420
2018-11-28,-0.1320
2018-11-29,-0.1390
2018-11-30,-0.1350
2018-12-03,-0.1300
2018-12-04,-0.1300
2018-12-05,-0.1360
2018-12-06,-0.1510
2018-12-07,-0.1410
2018-12-10,-0.1470
2018-12-11,-0.1420
2018-12-12,-0.1420
2018-12-13,-0.1470
2018-12-14,-0.1530
2018-12-17,-0.1570
2018-12-18,-0.1570
2018-12-19,-0.1510
2018-12-20,-0.1460
2018-12-21,-0.1430
2018-12-25,-0.1470
2018-12-26,-0.1240
2018-12-27,-0.1240
2018-12-28,-0.1390
2019-01-04,-0.1760
2019-01-07,-0.1660
2019-01-08,-0.1470
2019-01-09,-0.1470
2019-01-10,-0.1480
2019-01-11,-0.1530
2019-01-15,-0.1530
2019-01-16,-0.1640
2019-01-17,-0.1690
2019-01-18,-0.1700
2019-01-21,-0.1670
2019-01-22,-0.1670
2019-01-23,-0.1680
2019-01-24,-0.1620
2019-01-25,-0.1680
2019-01-28,-0.1640
2019-01-29,-0.1590
2019-01-30,-0.1590
2019-01-31,-0.1690
2019-02-01,-0.1790
2019-02-04,-0.1710
2019-02-05,-0.1660
2019-02-06,-0.1610
2019-02-07,-0.1560
2019-02-08,-0.1660
2019-02-12,-0.1630
2019-02-13,-0.1680
2019-02-14,-0.1680
2019-02-15,-0.1690
2019-02-18,-0.1760
2019-02-19,-0.1830
2019-02-20,-0.1820
2019-02-21,-0.1820
2019-02-22,-0.1780
2019-02-25,-0.1740
2019-02-26,-0.1690
2019-02-27,-0.1640
2019-02-28,-0.1540
2019-03-01,-0.1500
2019-03-04,-0.1460
2019-03-05,-0.1410
2019-03-06,-0.1460
2019-03-07,-0.1470
2019-03-08,-0.1470
2019-03-11,-0.1470
2019-03-12,-0.1530
2019-03-13,-0.1580
2019-03-14,-0.1630
2019-03-15,-0.1650
2019-03-18,-0.1610
2019-03-19,-0.1610
2019-03-20,-0.1620
2019-03-22,-0.1780
2019-03-25,-0.1820
2019-03-26,-0.1690
2019-03-27,-0.1700
2019-03-28,-0.1780
2019-03-29,-0.1830
2019-04-01,-0.1740
2019-04-02,-0.1600
2019-04-03,-0.1600
2019-04-04,-0.1560
2019-04-05,-0.1560
2019-04-08,-0.1570
2019-04-09,-0.1630
2019-04-10,-0.1680
2019-04-11,-0.1680
2019-04-12,-0.1690
2019-04-15,-0.1650
2019-04-16,-0.1550
2019-04-17,-0.1500
2019-04-18,-0.1560
2019-04-19,-0.1510
2019-04-22,-0.1520
2019-04-23,-0.1480
2019-04-24,-0.1520
2019-04-25,-0.1470
2019-04-26,-0.1530
2019-05-07,-0.1560
2019-05-08,-0.1560
2019-05-09,-0.1580
2019-05-10,-0.1580
2019-05-13,-0.1590
2019-05-14,-0.1590
2019-05-15,-0.1600
2019-05-16,-0.1660
2019-05-17,-0.1640
2019-05-20,-0.1540
2019-05-21,-0.1540
2019-05-22,-0.1520
2019-05-23,-0.1530
2019-05-24,-0.1550
2019-05-27,-0.1560
2019-05-28,-0.1620
2019-05-29,-0.1730
2019-05-30,-0.1690
2019-05-31,-0.1790
2019-06-03,-0.1800
2019-06-04,-0.1860
2019-06-05,-0.2210
2019-06-06,-0.2070
2019-06-07,-0.1970
2019-06-10,-0.1990
2019-06-11,-0.1940
2019-06-12,-0.1950
2019-06-13,-0.2000
2019-06-14,-0.2060
2019-06-17,-0.1960
2019-06-18,-0.2030
2019-06-19,-0.2140
2019-06-20,-0.2350
2019-06-21,-0.2390
2019-06-24,-0.2320
2019-06-25,-0.2280
2019-06-26,-0.2170
2019-06-27,-0.2130
2019-06-28,-0.2220
2019-07-01,-0.2240
2019-07-02,-0.2200
2019-07-03,-0.2250
2019-07-04,-0.2210
2019-07-05,-0.2110
2019-07-08,-0.2020
2019-07-09,-0.1970
2019-07-10,-0.1880
2019-07-11,-0.1940
2019-07-12,-0.1840
2019-07-16,-0.1910
2019-07-17,-0.1860
2019-07-18,-0.1970
2019-07-19,-0.2030
2019-07-22,-0.2040
2019-07-23,-0.2050
2019-07-24,-0.2060
2019-07-25,-0.2070
2019-07-26,-0.2120
2019-07-29,-0.2130
2019-07-30,-0.2130
2019-07-31,-0.2090
2019-08-01,-0.1890
2019-08-02,-0.2050
2019-08-05,-0.2160
2019-08-06,-0.2210
2019-08-07,-0.2370
2019-08-08,-0.2430
2019-08-09,-0.2730
2019-08-13,-0.2910
2019-08-14,-0.2770
2019-08-15,-0.2820
2019-08-16,-0.2790
2019-08-19,-0.2850
2019-08-20,-0.2950
2019-08-21,-0.3050
2019-08-22,-0.3130
2019-08-23,-0.3010
2019-08-26,-0.3230
2019-08-27,-0.3030
2019-08-28,-0.3040
2019-08-29,-0.3170
2019-08-30,-0.3070
2019-09-02,-0.2990
2019-09-03,-0.2950
2019-09-04,-0.3050
2019-09-05,-0.2960
2019-09-06,-0.3020
2019-09-09,-0.3190
2019-09-10,-0.2940
2019-09-11,-0.2790
2019-09-12,-0.2850
2019-09-13,-0.2510
2019-09-17,-0.2480
2019-09-18,-0.2690
2019-09-19,-0.3050
2019-09-20,-0.3100
2019-09-24,-0.3240
2019-09-25,-0.3460
2019-09-26,-0.3310
2019-09-27,-0.3210
2019-09-30,-0.3230
2019-10-01,-0.2940
2019-10-02,-0.3090
2019-10-03,-0.3250
2019-10-04,-0.3350
2019-10-07,-0.3380
2019-10-08,-0.3230
2019-10-09,-0.3240
2019-10-10,-0.3150
2019-10-11,-0.2950
2019-10-15,-0.2810
2019-10-16,-0.2670
2019-10-17,-0.2540
2019-10-18,-0.2440
2019-10-21,-0.2450
2019-10-23,-0.2520
2019-10-24,-0.2560
2019-10-25,-0.2430
2019-10-28,-0.2190
2019-10-29,-0.2080
2019-10-30,-0.2180
2019-10-31,-0.2390
2019-11-01,-0.2740
2019-11-05,-0.2410
2019-11-06,-0.1920
2019-11-07,-0.1920
2019-11-08,-0.1770
2019-11-11,-0.1940
2019-11-12,-0.1740
2019-11-13,-0.1950
2019-11-14,-0.2050
2019-11-15,-0.2000
2019-11-18,-0.2060
2019-11-19,-0.2080
2019-11-20,-0.2140
2019-11-21,-0.1990
2019-11-22,-0.1910
2019-11-25,-0.1910
2019-11-26,-0.1940
2019-11-27,-0.2000
2019-11-28,-0.1790
2019-11-29,-0.1790
2019-12-02,-0.1700
2019-12-03,-0.1560
2019-12-04,-0.1560
2019-12-05,-0.1520
2019-12-06,-0.1320
2019-12-09,-0.1170
2019-12-10,-0.1180
2019-12-11,-0.1080
2019-12-12,-0.1290
2019-12-13,-0.1300
2019-12-16,-0.1370
2019-12-17,-0.1250
2019-12-18,-0.1270
2019-12-19,-0.1130
2019-12-20,-0.1030
2019-12-23,-0.0980
2019-12-24,-0.0970
2019-12-25,-0.1130
2019-12-26,-0.1190
2019-12-27,-0.1240
2019-12-30,-0.1340
2020-01-06,-0.1360
2020-01-07,-0.1210
2020-01-08,-0.1270
2020-01-09,-0.1320
2020-01-10,-0.1370
2020-01-14,-0.1290
2020-01-15,-0.1240
2020-01-16,-0.1280
2020-01-17,-0.1350
2020-01-20,-0.1260
2020-01-21,-0.1260
2020-01-22,-0.1210
2020-01-23,-0.1320
2020-01-24,-0.1330
2020-01-27,-0.1440
2020-01-28,-0.1360
2020-01-29,-0.1340
2020-01-30,-0.1490
2020-01-31,-0.1590
2020-02-03,-0.1650
2020-02-04,-0.1500
2020-02-05,-0.1410
2020-02-06,-0.1310
2020-02-07,-0.1470
2020-02-10,-0.1580
2020-02-12,-0.1530
2020-02-13,-0.1540
2020-02-14,-0.1440
2020-02-17,-0.1470
2020-02-18,-0.1510
2020-02-19,-0.1560
2020-02-20,-0.1530
2020-02-21,-0.1650
2020-02-25,-0.2010
2020-02-26,-0.2010
2020-02-27,-0.2100
2020-02-28,-0.2580
2020-03-02,-0.2640
2020-03-03,-0.2500
2020-03-04,-0.2800
2020-03-05,-0.2510
2020-03-06,-0.2870
2020-03-09,-0.3140
2020-03-10,-0.2480
2020-03-11,-0.2340
2020-03-12,-0.2250
2020-03-13,-0.2050
2020-03-16,-0.1950
2020-03-17,-0.1910
2020-03-18,-0.1650
2020-03-19,-0.1650
2020-03-23,-0.2100
2020-03-24,-0.2300
2020-03-25,-0.2410
2020-03-26,-0.2410
2020-03-27,-0.1770
2020-03-30,-0.1740
2020-03-31,-0.1300
2020-04-01,-0.1400
2020-04-02,-0.1350
2020-04-03,-0.1400
2020-04-06,-0.1310
2020-04-07,-0.1320
2020-04-08,-0.1320
2020-04-09,-0.1470
2020-04-10,-0.1770
2020-04-13,-0.1800
2020-04-14,-0.1700
2020-04-15,-0.1600
2020-04-16,-0.1600
2020-04-17,-0.1460
2020-04-20,-0.1350
2020-04-21,-0.1330
2020-04-22,-0.1420
2020-04-23,-0.1480
2020-04-24,-0.1680
2020-04-27,-0.1740
2020-04-28,-0.1790
2020-04-30,-0.1840
2020-05-01,-0.1640
2020-05-07,-0.1520
2020-05-08,-0.1720
2020-05-11,-0.1730
2020-05-12,-0.1690
2020-05-13,-0.1690
2020-05-14,-0.1700
2020-05-15,-0.1690
2020-05-18,-0.1760
2020-05-19,-0.1610
2020-05-20,-0.1660
2020-05-21,-0.1760
2020-05-22,-0.1810
2020-05-25,-0.1720
2020-05-26,-0.1620
2020-05-27,-0.1550
2020-05-28,-0.1690
2020-05-29,-0.1640
2020-06-01,-0.1690
2020-06-02,-0.1700
2020-06-03,-0.1700
2020-06-04,-0.1660
2020-06-05,-0.1510
2020-06-08,-0.1520
2020-06-09,-0.1620
2020-06-10,-0.1570
2020-06-11,-0.1620
2020-06-12,-0.1580
2020-06-15,-0.1700
2020-06-16,-0.1650
2020-06-17,-0.1650
2020-06-18,-0.1650
2020-06-19,-0.1610
2020-06-22,-0.1620
2020-06-23,-0.1570
2020-06-24,-0.1520
2020-06-25,-0.1450
2020-06-26,-0.1420
2020-06-29,-0.1480
2020-06-30,-0.1400
2020-07-01,-0.1450
2020-07-02,-0.1400
2020-07-03,-0.1450
2020-07-06,-0.1370
2020-07-07,-0.1320
2020-07-08,-0.1330
2020-07-09,-0.1380
2020-07-10,-0.1430
2020-07-13,-0.1390
2020-07-14,-0.1450
2020-07-15,-0.1440
2020-07-16,-0.1500
2020-07-17,-0.1500
2020-07-20,-0.1420
2020-07-21,-0.1430
2020-07-22,-0.1360
2020-07-27,-0.1350
2020-07-28,-0.1350
2020-07-29,-0.1330
2020-07-30,-0.1340
2020-07-31,-0.1440
2020-08-03,-0.1400
2020-08-04,-0.1360
2020-08-05,-0.1310
2020-08-06,-0.1260
2020-08-07,-0.1260
2020-08-11,-0.1180
2020-08-12,-0.1120
2020-08-13,-0.1230
2020-08-14,-0.1170
2020-08-17,-0.1190
2020-08-18,-0.1240
2020-08-19,-0.1190
2020-08-20,-0.1150
2020-08-21,-0.1150
2020-08-24,-0.1170
2020-08-25,-0.1140
2020-08-26,-0.1120
2020-08-27,-0.1150
2020-08-28,-0.1150
2020-08-31,-0.1150
2020-09-01,-0.1200
2020-09-02,-0.1200
2020-09-03,-0.1200
2020-09-04,-0.1250
2020-09-07,-0.1260
2020-09-08,-0.1310
2020-09-09,-0.1310
2020-09-10,-0.1320
2020-09-11,-0.1420
2020-09-14,-0.1430
2020-09-15,-0.1430
2020-09-16,-0.1430
2020-09-17,-0.1440
2020-09-18,-0.1440
2020-09-23,-0.1480
2020-09-24,-0.1480
2020-09-25,-0.1560
2020-09-28,-0.1450
2020-09-29,-0.1440
2020-09-30,-0.1400
2020-10-01,-0.1300
2020-10-02,-0.1400
2020-10-05,-0.1360
2020-10-06,-0.1260
2020-10-07,-0.1260
2020-10-08,-0.1320
2020-10-09,-0.1270
2020-10-12,-0.1380
2020-10-13,-0.1440
2020-10-14,-0.1390
2020-10-15,-0.1450
2020-10-16,-0.1450
2020-10-19,-0.1410
2020-10-20,-0.1410
2020-10-21,-0.1310
2020-10-22,-0.1370
2020-10-23,-0.1310
2020-10-26,-0.1330
2020-10-27,-0.1300
2020-10-28,-0.1300
2020-10-29,-0.1300
2020-10-30,-0.1250
2020-11-02,-0.1250
2020-11-04,-0.1210
2020-11-05,-0.1360
2020-11-06,-0.1460
2020-11-09,-0.1470
2020-11-10,-0.1430
2020-11-11,-0.1380
2020-11-12,-0.1430
2020-11-13,-0.1490
2020-11-16,-0.1490
2020-11-17,-0.1500
2020-11-18,-0.1500
2020-11-19,-0.1450
2020-11-20,-0.1510
2020-11-24,-0.1450
2020-11-25,-0.1480
2020-11-26,-0.1530
2020-11-27,-0.1300
2020-11-30,-0.1300
2020-12-01,-0.1300
2020-12-02,-0.1300
2020-12-03,-0.1250
2020-12-04,-0.1310
2020-12-07,-0.1370
2020-12-08,-0.1370
2020-12-09,-0.1370
2020-12-10,-0.1370
2020-12-11,-0.1420
2020-12-14,-0.1430
2020-12-15,-0.1440
2020-12-16,-0.1340
2020-12-17,-0.1340
2020-12-18,-0.1390
2020-12-21,-0.1320
2020-12-22,-0.1370
2020-12-23,-0.1380
2020-12-24,-0.1300
2020-12-25,-0.1300
2020-12-28,-0.1300
2020-12-29,-0.1240
2020-12-30,-0.1250
2021-01-04,-0.1210
2021-01-05,-0.1260
2021-01-06,-0.1210
2021-01-07,-0.1170
2021-01-08,-0.1220
2021-01-12,-0.1280
2021-01-13,-0.1300
2021-01-14,-0.1240
2021-01-15,-0.1290
2021-01-18,-0.1300
2021-01-19,-0.1250
2021-01-20,-0.1310
2021-01-21,-0.1360
2021-01-22,-0.1370
2021-01-25,-0.1380
2021-01-26,-0.1380
2021-01-27,-0.1330
2021-01-28,-0.1290
2021-01-29,-0.1290
2021-02-01,-0.1250
2021-02-02,-0.1250
2021-02-03,-0.1250
2021-02-04,-0.1310
2021-02-05,-0.1310
2021-02-08,-0.1270
2021-02-09,-0.1270
2021-02-10,-0.1230
2021-02-12,-0.1330
2021-02-15,-0.1300
2021-02-16,-0.1310
2021-02-17,-0.1190
2021-02-18,-0.1260
2021-02-19,-0.1200
2021-02-22,-0.1120
2021-02-24,-0.1130
2021-02-25,-0.1000
2021-02-26,-0.1140
2021-03-01,-0.1200
2021-03-02,-0.1250
2021-03-03,-0.1150
2021-03-04,-0.1210
2021-03-05,-0.1310
2021-03-08,-0.1220
2021-03-09,-0.1180
2021-03-10,-0.1170
2021-03-11,-0.1240
2021-03-12,-0.1280
2021-03-15,-0.1390
2021-03-16,-0.1500
2021-03-17,-0.1450
2021-03-18,-0.1400
2021-03-19,-0.1360
2021-03-22,-0.1420
2021-03-23,-0.1370
2021-03-24,-0.1410
2021-03-25,-0.1330
2021-03-26,-0.1380
2021-03-29,-0.1390
2021-03-30,-0.1260
2021-03-31,-0.1300
2021-04-01,-0.1250
2021-04-02,-0.1250
2021-04-05,-0.1200
2021-04-06,-0.1210
2021-04-07,-0.1210
2021-04-08,-0.1260
2021-04-09,-0.1260
2021-04-12,-0.1260
2021-04-13,-0.1320
2021-04-14,-0.1320
2021-04-15,-0.1330
2021-04-16,-0.1330
2021-04-19,-0.1320
2021-04-20,-0.1290
2021-04-21,-0.1340
2021-04-22,-0.1350
2021-04-23,-0.1350
2021-04-26,-0.1360
2021-04-27,-0.1360
2021-04-28,-0.1300
2021-04-30,-0.1300
2021-05-06,-0.1260
2021-05-07,-0.1310
2021-05-10,-0.1320
2021-05-11,-0.1320
2021-05-12,-0.1270
2021-05-13,-0.1270
2021-05-14,-0.1280
2021-05-17,-0.1300
2021-05-18,-0.1290
2021-05-19,-0.1290
2021-05-20,-0.1290
2021-05-21,-0.1290
2021-05-24,-0.1300
2021-05-25,-0.1300
2021-05-26,-0.1300
2021-05-27,-0.1360
2021-05-28,-0.1360
2021-05-31,-0.1250
2021-06-01,-0.1250
2021-06-02,-0.1250
2021-06-03,-0.1200
2021-06-04,-0.1200
2021-06-07,-0.1200
2021-06-08,-0.1210
2021-06-09,-0.1210
2021-06-10,-0.1260
2021-06-11,-0.1260
2021-06-14,-0.1260
2021-06-15,-0.1270
2021-06-16,-0.1280
2021-06-17,-0.1230
2021-06-18,-0.1230
2021-06-21,-0.1210
2021-06-22,-0.1150
2021-06-23,-0.1160
2021-06-24,-0.1160
2021-06-25,-0.1160
2021-06-28,-0.1150
2021-06-29,-0.1140
2021-06-30,-0.1150
2021-07-01,-0.1200
2021-07-02,-0.1200
2021-07-05,-0.1160
2021-07-06,-0.1110
2021-07-07,-0.1110
2021-07-08,-0.1170
2021-07-09,-0.1170
2021-07-12,-0.1170
2021-07-13,-0.1220
2021-07-14,-0.1280
2021-07-15,-0.1280
2021-07-16,-0.1280
2021-07-19,-0.1340
2021-07-20,-0.1340
2021-07-21,-0.1340
2021-07-26,-0.1350
2021-07-27,-0.1300
2021-07-28,-0.1300
2021-07-29,-0.1250
2021-07-30,-0.1250
2021-08-02,-0.1300
2021-08-03,-0.1250
2021-08-04,-0.1300
2021-08-05,-0.1360
2021-08-06,-0.1360
2021-08-10,-0.1310
2021-08-11,-0.1310
2021-08-12,-0.1310
2021-08-13,-0.1360
2021-08-16,-0.1360
2021-08-17,-0.1420
2021-08-18,-0.1420
2021-08-19,-0.1420
2021-08-20,-0.1420
2021-08-23,-0.1390
2021-08-24,-0.1390
2021-08-25,-0.1380
2021-08-26,-0.1330
2021-08-27,-0.1330
2021-08-30,-0.1280
2021-08-31,-0.1300
2021-09-01,-0.1300
2021-09-02,-0.1300
2021-09-03,-0.1250
2021-09-06,-0.1200
2021-09-07,-0.1250
2021-09-08,-0.1250
2021-09-09,-0.1250
2021-09-10,-0.1250
2021-09-13,-0.1260
2021-09-14,-0.1260
2021-09-15,-0.1310
2021-09-16,-0.1270
2021-09-17,-0.1270
2021-09-21,-0.1330
2021-09-22,-0.1330
2021-09-24,-0.1280
2021-09-27,-0.1290
2021-09-28,-0.1290
2021-09-29,-0.1250
2021-09-30,-0.1150
2021-10-01,-0.1250
2021-10-04,-0.1200
2021-10-05,-0.1200
2021-10-06,-0.1160
2021-10-07,-0.1210
2021-10-08,-0.1160
2021-10-11,-0.1160
2021-10-12,-0.1160
2021-10-13,-0.1170
2021-10-14,-0.1170
2021-10-15,-0.1170
2021-10-18,-0.1190
2021-10-19,-0.1200
2021-10-20,-0.1140
2021-10-21,-0.1140
2021-10-22,-0.1140
2021-10-25,-0.1080
2021-10-26,-0.1100
2021-10-27,-0.1010
2021-10-28,-0.1050
2021-10-29,-0.1050
2021-11-01,-0.1050
2021-11-02,-0.1050
2021-11-04,-0.1000
2021-11-05,-0.1100
2021-11-08,-0.1170
2021-11-09,-0.1160
2021-11-10,-0.1160
2021-11-11,-0.1160
2021-11-12,-0.1160
2021-11-15,-0.1230
2021-11-16,-0.1250
2021-11-17,-0.1280
2021-11-18,-0.1250
2021-11-19,-0.1290
2021-11-22,-0.1350
2021-11-24,-0.1300
2021-11-25,-0.1250
2021-11-26,-0.1320
2021-11-29,-0.1310
2021-11-30,-0.1200
2021-12-01,-0.1200
2021-12-02,-0.1200
2021-12-03,-0.1150
2021-12-06,-0.1160
2021-12-07,-0.1160
2021-12-08,-0.1110
2021-12-09,-0.1060
2021-12-10,-0.1070
2021-12-13,-0.1070
2021-12-14,-0.1120
2021-12-15,-0.1120
2021-12-16,-0.1130
2021-12-17,-0.1120
2021-12-20,-0.1130
2021-12-21,-0.1070
2021-12-22,-0.1030
2021-12-23,-0.0970
2021-12-24,-0.0990
2021-12-27,-0.0950
2021-12-28,-0.0950
2021-12-29,-0.1000
2021-12-30,-0.0950
2022-01-04,-0.0850
2022-01-05,-0.0860
2022-01-06,-0.0810
2022-01-07,-0.0760
2022-01-11,-0.0780
2022-01-12,-0.0830
2022-01-13,-0.0830
2022-01-14,-0.0730
2022-01-17,-0.0740
2022-01-18,-0.0750
2022-01-19,-0.0800
2022-01-20,-0.0750
2022-01-21,-0.0760
2022-01-24,-0.0710
2022-01-25,-0.0710
2022-01-26,-0.0710
2022-01-27,-0.0550
2022-01-28,-0.0550
2022-01-31,-0.0550
2022-02-01,-0.0500
2022-02-02,-0.0500
2022-02-03,-0.0500
2022-02-04,-0.0450
2022-02-07,-0.0450
2022-02-08,-0.0400
2022-02-09,-0.0400
2022-02-10,-0.0310
2022-02-14,-0.0290
2022-02-15,-0.0240
2022-02-16,-0.0190
2022-02-17,-0.0080
2022-02-18,-0.0080
2022-02-21,-0.0150
2022-02-22,-0.0260
2022-02-24,-0.0260
2022-02-25,-0.0250
2022-02-28,-0.0350
2022-03-01,-0.0350
2022-03-02,-0.0450
2022-03-03,-0.0350
2022-03-04,-0.0400
2022-03-07,-0.0500
2022-03-08,-0.0450
2022-03-09,-0.0400
2022-03-10,-0.0300
2022-03-11,-0.0300
2022-03-14,-0.0300
2022-03-15,-0.0250
2022-03-16,-0.0250
2022-03-17,-0.0250
2022-03-18,-0.0180
2022-03-22,-0.0180
2022-03-23,-0.0230
2022-03-24,-0.0230
2022-03-25,-0.0230
2022-03-28,-0.0180
2022-03-29,-0.0210
2022-03-30,-0.0310
2022-03-31,-0.0300
2022-04-01,-0.0400
2022-04-04,-0.0400
2022-04-05,-0.0400
2022-04-06,-0.0350
2022-04-07,-0.0400
2022-04-08,-0.0800
2022-04-11,-0.0860
2022-04-12,-0.0800
2022-04-13,-0.0650
2022-04-14,-0.0610
2022-04-15,-0.0610
2022-04-18,-0.0560
2022-04-19,-0.0460
2022-04-20,-0.0460
2022-04-21,-0.0490
2022-04-22,-0.0570
2022-04-25,-0.0520
2022-04-26,-0.0570
2022-04-27,-0.0560
2022-04-28,-0.0600
2022-05-02,-0.0500
2022-05-06,-0.0450
2022-05-09,-0.0460
2022-05-10,-0.0460
2022-05-11,-0.0460
2022-05-12,-0.0510
2022-05-13,-0.0570
2022-05-16,-0.0560
2022-05-17,-0.0560
2022-05-18,-0.0560
2022-05-19,-0.0560
2022-05-20,-0.0560
2022-05-23,-0.0620
2022-05-24,-0.0670
2022-05-25,-0.0750
2022-05-26,-0.0620
2022-05-27,-0.0670
2022-05-30,-0.0680
2022-05-31,-0.0700
2022-06-01,-0.0750
2022-06-02,-0.0700
2022-06-03,-0.0700
2022-06-06,-0.0650
2022-06-07,-0.0700
2022-06-08,-0.0700
2022-06-09,-0.0750
2022-06-10,-0.0810
2022-06-13,-0.0510
2022-06-14,-0.0500
2022-06-15,-0.0600
2022-06-16,-0.0840
2022-06-17,-0.0710
2022-06-20,-0.0590
2022-06-21,-0.0660
2022-06-22,-0.0790
2022-06-23,-0.0850
2022-06-24,-0.0790
2022-06-27,-0.0660
2022-06-28,-0.0450
2022-06-29,-0.0500
2022-06-30,-0.0650
2022-07-01,-0.0700
2022-07-04,-0.0650
2022-07-05,-0.0600
2022-07-06,-0.0650
2022-07-07,-0.0710
2022-07-08,-0.0700
2022-07-11,-0.0700
2022-07-12,-0.0700
2022-07-13,-0.0760
2022-07-14,-0.0600
2022-07-15,-0.0610
2022-07-19,-0.0770
2022-07-20,-0.0770
2022-07-21,-0.0750
2022-07-22,-0.0770
2022-07-25,-0.0750
2022-07-26,-0.0770
2022-07-27,-0.0780
2022-07-28,-0.0760
2022-07-29,-0.0900
2022-08-01,-0.0900
2022-08-02,-0.0900
2022-08-03,-0.0850
2022-08-04,-0.0950
2022-08-05,-0.1000
2022-08-08,-0.1010
2022-08-09,-0.1010
2022-08-10,-0.0900
2022-08-12,-0.0860
2022-08-15,-0.0850
2022-08-16,-0.0900
2022-08-17,-0.0900
2022-08-18,-0.0860
2022-08-19,-0.0860
2022-08-22,-0.0810
2022-08-23,-0.0860
2022-08-24,-0.0860
2022-08-25,-0.0870
2022-08-26,-0.0870
2022-08-29,-0.0790
2022-08-30,-0.0900
2022-08-31,-0.0850
2022-09-01,-0.0800
2022-09-02,-0.0850
2022-09-05,-0.0850
2022-09-06,-0.0810
2022-09-07,-0.0810
2022-09-08,-0.0810
2022-09-09,-0.0810
2022-09-12,-0.0760
2022-09-13,-0.0760
2022-09-14,-0.0760
2022-09-15,-0.0760
2022-09-16,-0.0710
2022-09-20,-0.0700
2022-09-21,-0.0550
2022-09-22,-0.0660
2022-09-26,-0.0560
2022-09-27,-0.0450
2022-09-28,-0.0400
2022-09-29,-0.0500
2022-09-30,-0.0500
2022-10-03,-0.0550
2022-10-04,-0.0600
2022-10-05,-0.0650
2022-10-06,-0.0700
2022-10-07,-0.0650
2022-10-11,-0.0540
2022-10-12,-0.0540
2022-10-13,-0.0500
2022-10-14,-0.0500
2022-10-17,-0.0500
2022-10-18,-0.0500
2022-10-19,-0.0340
2022-10-20,-0.0210
2022-10-21,-0.0030
2022-10-24,0.0010
2022-10-25,-0.0080
2022-10-26,-0.0190
2022-10-27,-0.0440
2022-10-28,-0.0490
2022-10-31,-0.0450
2022-11-01,-0.0450
2022-11-02,-0.0400
2022-11-04,-0.0400
2022-11-07,-0.0400
2022-11-08,-0.0400
2022-11-09,-0.0500
2022-11-10,-0.0500
2022-11-11,-0.0560
2022-11-14,-0.0500
2022-11-15,-0.0470
2022-11-16,-0.0420
2022-11-17,-0.0410
2022-11-18,-0.0190
2022-11-21,-0.0140
2022-11-22,-0.0190
2022-11-24,-0.0240
2022-11-25,-0.0180
2022-11-28,-0.0190
2022-11-29,-0.0300
2022-11-30,-0.0300
2022-12-01,-0.0300
2022-12-02,-0.0250
2022-12-05,-0.0200
2022-12-06,-0.0100
2022-12-07,-0.0090
2022-12-08,-0.0090
2022-12-09,-0.0150
2022-12-12,-0.0140
2022-12-13,-0.0150
2022-12-14,-0.0150
2022-12-15,-0.0150
2022-12-16,-0.0190
2022-12-19,-0.0090
2022-12-20,0.0110
2022-12-21,-0.0090
2022-12-22,0.0020
2022-12-23,0.0140
2022-12-26,0.0330
2022-12-27,0.0380
2022-12-28,0.0390
2022-12-29,0.0390
2022-12-30,0.0300
2023-01-04,0.0250
2023-01-05,0.0150
2023-01-06,0.0110
2023-01-10,0.0260
2023-01-11,0.0260
2023-01-12,0.0410
2023-01-13,0.0320
2023-01-16,0.0320
2023-01-17,0.0410
2023-01-18,0.0060
2023-01-19,-0.0010
2023-01-20,-0.0040
2023-01-23,-0.0150
2023-01-24,-0.0050
2023-01-25,-0.0100
2023-01-26,-0.0090
2023-01-27,0.0010
2023-01-30,-0.0040
2023-01-31,-0.0100
2023-02-01,-0.0200
2023-02-02,-0.0200
2023-02-03,-0.0300
2023-02-06,-0.0250
2023-02-07,-0.0290
2023-02-08,-0.0290
2023-02-09,-0.0350
2023-02-10,-0.0450
2023-02-13,-0.0550
2023-02-14,-0.0560
2023-02-15,-0.0510
2023-02-16,-0.0470
2023-02-17,-0.0470
2023-02-20,-0.0430
2023-02-21,-0.0290
2023-02-22,-0.0290
2023-02-24,-0.0290
2023-02-27,-0.0280
2023-02-28,-0.0260
2023-03-01,-0.0350
2023-03-02,-0.0350
2023-03-03,-0.0400
2023-03-06,-0.0390
2023-03-07,-0.0390
2023-03-08,-0.0400
2023-03-09,-0.0190
2023-03-10,-0.0300
2023-03-13,-0.0250
2023-03-14,-0.0400
2023-03-15,-0.0510
2023-03-16,-0.0700
2023-03-17,-0.0750
2023-03-20,-0.0770
2023-03-22,-0.0560
2023-03-23,-0.0630
2023-03-24,-0.0670
2023-03-27,-0.0670
2023-03-28,-0.0590
2023-03-29,-0.0700
2023-03-30,-0.0610
2023-03-31,-0.0610
2023-04-03,-0.0400
2023-04-04,-0.0250
2023-04-05,-0.0300
2023-04-06,-0.0450
2023-04-07,-0.0600
2023-04-10,-0.0450
2023-04-11,-0.0460
2023-04-12,-0.0450
2023-04-13,-0.0500
2023-04-14,-0.0400
2023-04-17,-0.0350
2023-04-18,-0.0400
2023-04-19,-0.0400
2023-04-20,-0.0400
2023-04-21,-0.0350
2023-04-24,-0.0380
2023-04-25,-0.0350
2023-04-26,-0.0400
2023-04-27,-0.0400
2023-04-28,-0.0450
2023-05-01,-0.0450
2023-05-02,-0.0350
2023-05-08,-0.0350
2023-05-09,-0.0300
2023-05-10,-0.0400
2023-05-11,-0.0450
2023-05-12,-0.0550
2023-05-15,-0.0490
2023-05-16,-0.0540
2023-05-17,-0.0660
2023-05-18,-0.0610
2023-05-19,-0.0610
2023-05-22,-0.0660
2023-05-23,-0.0610
2023-05-24,-0.0660
2023-05-25,-0.0660
2023-05-26,-0.0660
2023-05-29,-0.0610
2023-05-30,-0.0550
2023-05-31,-0.0600
2023-06-01,-0.0650
2023-06-02,-0.0750
2023-06-05,-0.0650
2023-06-06,-0.0650
2023-06-07,-0.0600
2023-06-08,-0.0600
2023-06-09,-0.0650
2023-06-12,-0.0700
2023-06-13,-0.0750
2023-06-14,-0.0710
2023-06-15,-0.0640
2023-06-16,-0.0650
2023-06-19,-0.0660
2023-06-20,-0.0660
2023-06-21,-0.0690
2023-06-22,-0.0710
2023-06-23,-0.0740
2023-06-26,-0.0770
2023-06-27,-0.0740
2023-06-28,-0.0640
2023-06-29,-0.0700
2023-06-30,-0.0750
2023-07-03,-0.0650
2023-07-04,-0.0700
2023-07-05,-0.0700
2023-07-06,-0.0600
2023-07-07,-0.0390
2023-07-10,-0.0290
2023-07-11,-0.0390
2023-07-12,-0.0340
2023-07-13,-0.0340
2023-07-14,-0.0380
2023-07-18,-0.0330
2023-07-19,-0.0370
2023-07-20,-0.0370
2023-07-21,-0.0260
2023-07-24,-0.0360
2023-07-25,-0.0380
2023-07-26,-0.0380
2023-07-27,-0.0400
2023-07-28,-0.0150
2023-07-31,0.0000
2023-08-01,0.0000
2023-08-02,0.0100
2023-08-03,0.0200
2023-08-04,0.0210
2023-08-07,0.0170
2023-08-08,0.0120
2023-08-09,0.0060
2023-08-10,0.0120
2023-08-14,0.0170
2023-08-15,0.0160
2023-08-16,0.0170
2023-08-17,0.0280
2023-08-18,0.0220
2023-08-21,0.0290
2023-08-22,0.0250
2023-08-23,0.0240
2023-08-24,0.0100
2023-08-25,0.0100
2023-08-28,0.0110
2023-08-29,0.0190
2023-08-30,0.0290
2023-08-31,0.0250
2023-09-01,0.0200
2023-09-04,0.0160
2023-09-05,0.0160
2023-09-06,0.0170
2023-09-07,0.0120
2023-09-08,0.0070
2023-09-11,0.0430
2023-09-12,0.0330
2023-09-13,0.0280
2023-09-14,0.0290
2023-09-15,0.0300
2023-09-19,0.0350
2023-09-20,0.0260
2023-09-21,0.0350
2023-09-22,0.0350
2023-09-25,0.0330
2023-09-26,0.0340
2023-09-27,0.0340
2023-09-28,0.0440
2023-09-29,0.0440
2023-10-02,0.0550
2023-10-03,0.0510
2023-10-04,0.0610
2023-10-05,0.0610
2023-10-06,0.0610
2023-10-10,0.0580
2023-10-11,0.0580
2023-10-12,0.0470
2023-10-13,0.0440
2023-10-16,0.0430
2023-10-17,0.0590
2023-10-18,0.0700
2023-10-19,0.0810
2023-10-20,0.0750
2023-10-23,0.0870
2023-10-24,0.0820
2023-10-25,0.0770
2023-10-26,0.0930
2023-10-27,0.0940
2023-10-30,0.1190
2023-10-31,0.1490
2023-11-01,0.1550
2023-11-02,0.1350
2023-11-06,0.1270
2023-11-07,0.1270
2023-11-08,0.1170
2023-11-09,0.1070
2023-11-10,0.1080
2023-11-13,0.1030
2023-11-14,0.0930
2023-11-15,0.0690
2023-11-16,0.0570
2023-11-17,0.0460
2023-11-20,0.0460
2023-11-21,0.0360
2023-11-22,0.0520
2023-11-24,0.0680
2023-11-27,0.0680
2023-11-28,0.0650
2023-11-29,0.0480
2023-11-30,0.0490
2023-12-01,0.0400
2023-12-04,0.0310
2023-12-05,0.0360
2023-12-06,0.0360
2023-12-07,0.0870
2023-12-08,0.0920
2023-12-11,0.0880
2023-12-12,0.0670
2023-12-13,0.0480
2023-12-14,0.0570
2023-12-15,0.0870
2023-12-18,0.0790
2023-12-19,0.0680
2023-12-20,0.0330
2023-12-21,0.0370
2023-12-22,0.0460
2023-12-25,0.0380
2023-12-26,0.0650
2023-12-27,0.0500
2023-12-28,0.0370
2023-12-29,0.0480
2024-01-04,0.0500
2024-01-05,0.0350
2024-01-09,0.0250
2024-01-10,0.0250
2024-01-11,0.0150
2024-01-12,0.0050
2024-01-15,-0.0010
2024-01-16,0.0200
2024-01-17,0.0250
2024-01-18,0.0360
2024-01-19,0.0310
2024-01-22,0.0250
2024-01-23,0.0250
2024-01-24,0.0700
2024-01-25,0.0670
2024-01-26,0.0520
2024-01-29,0.0630
2024-01-30,0.0740
2024-01-31,0.0940
2024-02-01,0.0850
2024-02-02,0.1000
2024-02-05,0.1110
2024-02-06,0.1060
2024-02-07,0.1010
2024-02-08,0.1010
2024-02-09,0.1160
2024-02-13,0.1280
2024-02-14,0.1430
2024-02-15,0.1370
2024-02-16,0.1430
2024-02-19,0.1500
2024-02-20,0.1510
2024-02-21,0.1550
2024-02-22,0.1580
2024-02-26,0.1590
2024-02-27,0.1730
2024-02-28,0.1660
2024-02-29,0.1900
2024-03-01,0.1800
2024-03-04,0.1760
2024-03-05,0.1750
2024-03-06,0.1860
2024-03-07,0.1910
2024-03-08,0.2020
2024-03-11,0.2020
2024-03-12,0.1970
2024-03-13,0.1970
2024-03-14,0.1980
2024-03-15,0.1930
2024-03-18,0.1880
2024-03-19,0.1780
2024-03-21,0.2050
2024-03-22,0.2060
2024-03-25,0.2060
2024-03-26,0.2070
2024-03-27,0.2040
2024-03-28,0.1960
2024-03-29,0.1890
2024-04-01,0.1950
2024-04-02,0.2000
2024-04-03,0.1910
2024-04-04,0.1960
2024-04-05,0.2110
2024-04-08,0.2280
2024-04-09,0.2230
2024-04-10,0.2330
2024-04-11,0.2700
2024-04-12,0.2810
2024-04-15,0.2750
2024-04-16,0.2810
2024-04-17,0.2880
2024-04-18,0.2780
2024-04-19,0.2630
2024-04-22,0.2900
2024-04-23,0.2970
2024-04-24,0.2980
2024-04-25,0.2980
2024-04-26,0.2980
2024-04-30,0.2750
2024-05-01,0.2900
2024-05-02,0.2900
2024-05-07,0.2820
2024-05-08,0.2880
2024-05-09,0.3130
2024-05-10,0.3190
2024-05-13,0.3350
2024-05-14,0.3460
2024-05-15,0.3410
2024-05-16,0.3260
2024-05-17,0.3370
2024-05-20,0.3490
2024-05-21,0.3490
2024-05-22,0.3560
2024-05-23,0.3450
2024-05-24,0.3450
2024-05-27,0.3570
2024-05-28,0.3570
2024-05-29,0.3870
2024-05-30,0.3990
2024-05-31,0.3990
2024-06-03,0.4010
2024-06-04,0.3860
2024-06-05,0.3560
2024-06-06,0.3360
2024-06-07,0.3510
2024-06-10,0.3830
2024-06-11,0.3720
2024-06-12,0.3430
2024-06-13,0.3320
2024-06-14,0.3020
2024-06-17,0.2910
2024-06-18,0.2880
2024-06-19,0.2860
2024-06-20,0.2920
2024-06-21,0.3130
2024-06-24,0.3090
2024-06-25,0.3060
2024-06-26,0.3120
2024-06-27,0.3720
2024-06-28,0.3530
2024-07-01,0.3600
2024-07-02,0.3650
2024-07-03,0.3500
2024-07-04,0.3400
2024-07-05,0.3460
2024-07-08,0.3620
2024-07-09,0.3530
2024-07-10,0.3430
2024-07-11,0.3430
2024-07-12,0.3330
2024-07-16,0.3200
2024-07-17,0.3300
2024-07-18,0.3470
2024-07-19,0.3520
2024-07-22,0.3480
2024-07-23,0.3620
2024-07-24,0.3790
2024-07-25,0.4030
2024-07-26,0.4080
2024-07-29,0.3940
2024-07-30,0.3740
2024-07-31,0.4500
2024-08-01,0.4600
2024-08-02,0.4100
2024-08-05,0.2650
2024-08-06,0.2900
2024-08-07,0.2700
2024-08-08,0.2690
2024-08-09,0.3010
2024-08-13,0.3000
2024-08-14,0.2960
2024-08-15,0.3210
2024-08-16,0.3570
2024-08-19,0.3740
2024-08-20,0.3630
2024-08-21,0.3520
2024-08-22,0.3630
2024-08-23,0.3720
2024-08-26,0.3640
2024-08-27,0.3670
2024-08-28,0.3800
2024-08-29,0.3680
2024-08-30,0.3630
2024-09-02,0.3700
2024-09-03,0.3900
2024-09-04,0.3750
2024-09-05,0.3750
2024-09-06,0.3800
2024-09-09,0.3960
2024-09-10,0.3960
2024-09-11,0.3800
2024-09-12,0.3910
2024-09-13,0.3920
2024-09-17,0.3870
2024-09-18,0.3800
2024-09-19,0.3890
2024-09-20,0.3950
2024-09-24,0.3500
2024-09-25,0.3550
2024-09-26,0.3490
2024-09-27,0.3230
2024-09-30,0.3940
2024-10-01,0.3900
2024-10-02,0.3650
2024-10-03,0.3650
2024-10-04,0.3700
2024-10-07,0.4070
2024-10-08,0.4020
2024-10-09,0.4020
2024-10-10,0.4120
2024-10-11,0.4120
2024-10-15,0.4230
2024-10-16,0.4230
2024-10-17,0.4340
2024-10-18,0.4380
2024-10-21,0.4330
2024-10-22,0.4540
2024-10-23,0.4490
2024-10-24,0.4490
2024-10-25,0.4490
2024-10-28,0.4610
2024-10-29,0.4530
2024-10-30,0.4430
2024-10-31,0.4340
2024-11-01,0.4650
2024-11-05,0.4550
2024-11-06,0.4800
2024-11-07,0.5010
2024-11-08,0.5010
2024-11-11,0.5010
2024-11-12,0.5010
2024-11-13,0.5270
2024-11-14,0.5320
2024-11-15,0.5520
2024-11-18,0.5530
2024-11-19,0.5540
2024-11-20,0.5540
2024-11-21,0.5800
2024-11-22,0.5900
2024-11-25,0.5900
2024-11-26,0.5920
2024-11-27,0.5960
2024-11-28,0.5810
2024-11-29,0.5990
2024-12-02,0.6200
2024-12-03,0.6100
2024-12-04,0.5850
2024-12-05,0.6000
2024-12-06,0.5900
2024-12-09,0.5750
2024-12-10,0.5850
2024-12-11,0.5910
2024-12-12,0.5790
2024-12-13,0.5640
2024-12-16,0.5850
2024-12-17,0.5950
2024-12-18,0.5890
2024-12-19,0.6060
2024-12-20,0.5760
2024-12-23,0.5880
2024-12-24,0.5880
2024-12-25,0.5880
2024-12-26,0.6020
2024-12-27,0.6020
2024-12-30,0.5990
2025-01-06,0.6260
2025-01-07,0.6320
2025-01-08,0.6480
2025-01-09,0.6430
2025-01-10,0.6490
2025-01-14,0.6870
2025-01-15,0.7070
2025-01-16,0.6980
2025-01-17,0.6930
2025-01-20,0.6830
2025-01-21,0.6770
2025-01-22,0.6980
2025-01-23,0.7040
2025-01-24,0.7180
2025-01-27,0.7050
2025-01-28,0.6950
2025-01-29,0.7040
2025-01-30,0.7180
2025-01-31,0.7290
2025-02-03,0.7200
2025-02-04,0.7410
2025-02-05,0.7560
2025-02-06,0.7620
2025-02-07,0.7980
2025-02-10,0.7980
2025-02-12,0.7990
2025-02-13,0.7940
2025-02-14,0.7940
2025-02-17,0.8090
2025-02-18,0.8270
2025-02-19,0.8200
2025-02-20,0.8210
2025-02-21,0.8180
2025-02-25,0.8030
2025-02-26,0.8010
2025-02-27,0.8260
2025-02-28,0.8060
2025-03-03,0.8250
2025-03-04,0.8310
2025-03-05,0.8310
2025-03-06,0.8520
2025-03-07,0.8480
2025-03-10,0.8750
2025-03-11,0.8340
2025-03-12,0.8500
2025-03-13,0.8610
2025-03-14,0.8400
2025-03-17,0.8110
2025-03-18,0.8150
2025-03-19,0.8420
2025-03-21,0.8540
2025-03-24,0.8710
2025-03-25,0.8870
2025-03-26,0.8920
2025-03-27,0.8930
2025-03-28,0.8770
2025-03-31,0.8540
2025-04-01,0.8550
2025-04-02,0.8340
2025-04-03,0.7540
2025-04-04,0.6120
2025-04-07,0.5860
2025-04-08,0.6470
2025-04-09,0.6110
2025-04-10,0.6760
2025-04-11,0.6110
2025-04-14,0.5890
2025-04-15,0.6460
2025-04-16,0.6150
2025-04-17,0.6500
2025-04-18,0.6360
2025-04-21,0.6490
2025-04-22,0.6700
2025-04-23,0.6840
2025-04-24,0.6790
2025-04-25,0.6890
2025-04-28,0.6860
2025-04-30,0.6760
2025-05-01,0.6290
2025-05-02,0.6090
2025-05-07,0.6090
2025-05-08,0.6190
2025-05-09,0.6340
2025-05-12,0.6600
2025-05-13,0.7180
2025-05-14,0.7060
2025-05-15,0.7170
2025-05-16,0.7070
2025-05-19,0.7180
2025-05-20,0.7280
2025-05-21,0.7200
2025-05-22,0.7370
2025-05-23,0.7310
2025-05-26,0.7280
2025-05-27,0.7390
2025-05-28,0.7530
2025-05-29,0.7580
2025-05-30,0.7500
2025-06-02,0.7550
2025-06-03,0.7550
2025-06-04,0.7650
2025-06-05,0.7550
2025-06-06,0.7600
2025-06-09,0.7750
2025-06-10,0.7710
2025-06-11,0.7560
2025-06-12,0.7560
2025-06-13,0.7360
2025-06-16,0.7580
2025-06-17,0.7690
2025-06-18,0.7550
2025-06-19,0.7280
2025-06-20,0.7280
2025-06-23,0.7380
2025-06-24,0.7380
2025-06-25,0.7240
2025-06-26,0.7350
2025-06-27,0.7400
2025-06-30,0.7460
2025-07-01,0.7350
2025-07-02,0.7410
2025-07-03,0.7460
2025-07-04,0.7360
2025-07-07,0.7320
2025-07-08,0.7330
2025-07-09,0.7540
2025-07-10,0.7600
2025-07-11,0.7640
2025-07-14,0.7810
2025-07-15,0.7920
2025-07-16,0.7930
2025-07-17,0.7880
2025-07-18,0.7720
2025-07-22,0.7600
2025-07-23,0.8380
2025-07-24,0.8540
2025-07-25,0.8630
2025-07-28,0.8490
2025-07-29,0.8350
2025-07-30,0.8260
2025-07-31,0.8260
2025-08-01,0.8140
2025-08-04,0.7640
2025-08-05,0.7540
2025-08-06,0.7740
2025-08-07,0.7700
2025-08-08,0.7700
2025-08-12,0.7750
2025-08-13,0.7850
2025-08-14,0.8220
2025-08-15,0.8260
2025-08-18,0.8330
2025-08-19,0.8490
2025-08-20,0.8580
2025-08-21,0.8620
2025-08-22,0.8730
2025-08-25,0.8690
2025-08-26,0.8740
2025-08-27,0.8690
2025-08-28,0.8710
2025-08-29,0.8710
2025-09-01,0.8800
2025-09-02,0.8700
2025-09-03,0.8700
2025-09-04,0.8550
2025-09-05,0.8410
2025-09-08,0.8310
2025-09-09,0.8420
2025-09-10,0.8570
2025-09-11,0.8620
2025-09-12,0.8730
2025-09-16,0.8840
2025-09-17,0.8830
2025-09-18,0.8880
2025-09-19,0.9180
2025-09-22,0.9350
2025-09-24,0.9320
2025-09-25,0.9360
2025-09-26,0.9310
2025-09-29,0.9310
2025-09-30,0.9580
2025-10-01,0.9540
2025-10-02,0.9550
2025-10-03,0.9450
2025-10-06,0.8990
2025-10-07,0.9090
2025-10-08,0.9300
2025-10-09,0.9300
2025-10-10,0.9250
2025-10-14,0.8950
2025-10-15,0.9000
2025-10-16,0.9200
2025-10-17,0.9090
2025-10-20,0.9500
2025-10-21,0.9400
2025-10-22,0.9290
2025-10-23,0.9330
2025-10-24,0.9320
2025-10-27,0.9430
2025-10-28,0.9400
2025-10-29,0.9430
2025-10-30,0.9290
2025-10-31,0.9280
2025-11-04,0.9450
2025-11-05,0.9300
2025-11-06,0.9410
2025-11-07,0.9410
2025-11-10,0.9480
2025-11-11,0.9370
2025-11-12,0.9420
2025-11-13,0.9320
2025-11-14,0.9320
2025-11-17,0.9380
2025-11-18,0.9280
2025-11-19,0.9340
2025-11-20,0.9650
2025-11-21,0.9590
2025-11-25,0.9750
2025-11-26,0.9850
2025-11-27,0.9770
2025-11-28,0.9920
2025-12-01,1.0200
2025-12-02,1.0050
2025-12-03,1.0160
2025-12-04,1.0210
2025-12-05,1.0520
2025-12-08,1.0630
2025-12-09,1.0690
2025-12-10,1.0740
2025-12-11,1.0540
2025-12-12,1.0700
2025-12-15,1.0710
2025-12-16,1.0670
2025-12-17,1.0770
2025-12-18,1.0730
2025-12-19,1.1010
2025-12-22,1.1290
2025-12-23,1.1110
2025-12-24,1.1110
2025-12-25,1.1470
2025-12-26,1.1410
2025-12-29,1.1500
2025-12-30,1.1670
2026-01-05,1.1940
2026-01-06,1.1850
2026-01-07,1.1700
2026-01-08,1.1290
2026-01-09,1.1510
2026-01-13,1.1640
2026-01-14,1.1860
2026-01-15,1.1900
2026-01-16,1.2050
2026-01-19,1.2300
2026-01-20,1.2200
2026-01-21,1.2350
2026-01-22,1.2240
2026-01-23,1.2620
2026-01-26,1.2770
2026-01-27,1.2840
2026-01-28,1.2570
2026-01-29,1.2640
2026-01-30,1.2510
2026-02-02,1.2650
2026-02-03,1.2860
2026-02-04,1.2760
2026-02-05,1.2760
2026-02-06,1.2810
2026-02-09,1.3130
2026-02-10,1.3030
2026-02-12,1.3050
2026-02-13,1.2890
2026-02-16,1.2750
2026-02-17,1.2330
2026-02-18,1.2420
2026-02-19,1.2650
2026-02-20,1.2600
2026-02-24,1.2510
2026-02-25,1.2240
2026-02-26,1.2460
2026-02-27,1.2500
2026-03-02,1.2190
2026-03-03,1.2500
2026-03-04,1.2350
2026-03-05,1.2560
2026-03-06,1.2460
2026-03-09,1.2420
2026-03-10,1.2580
2026-03-11,1.2530
2026-03-12,1.2630
2026-03-13,1.2890
2026-03-16,1.2870
2026-03-17,1.2800
2026-03-18,1.2610
2026-03-19,1.2770
2026-03-23,1.3110
2026-03-24,1.3110
2026-03-25,1.3170
2026-03-26,1.3480
2026-03-27,1.3930
2026-03-30,1.3690
2026-03-31,1.3750
2026-04-01,1.3490
2026-04-02,1.3900
2026-04-03,1.3910
2026-04-06,1.4020
2026-04-07,1.3870
2026-04-08,1.3820
2026-04-09,1.3940
2026-04-10,1.4050
2026-04-13,1.4010
2026-04-14,1.3820
2026-04-15,1.3820
2026-04-16,1.3660
2026-04-17,1.3720
2026-04-20,1.3690
2026-04-21,1.3590
2026-04-22,1.3620
2026-04-23,1.3650
2026-04-24,1.3630
2026-04-27,1.3750
2026-04-28,1.3890
2026-04-30,1.4020
2026-05-01,1.3850
2026-05-07,1.3720
2026-05-08,1.3780
2026-05-11,1.3950
2026-05-12,1.4010
2026-05-13,1.4010
2026-05-14,1.4070
2026-05-15,1.4130
2026-05-18,1.4310
2026-05-19,1.4520
2026-05-20,1.4640
2026-05-21,1.4530
2026-05-22,1.4430
2026-05-25,1.4200
2026-05-26,1.4210
2026-05-27,1.3990
2026-05-28,1.3660
2026-05-29,1.3930
2026-06-01,1.4000
2026-06-02,1.3800
2026-06-03,1.4010
2026-06-04,1.4170
2026-06-05,1.4120
2026-06-08,1.4200
2026-06-09,1.4200
2026-06-10,1.4260
2026-06-11,1.4270
2026-06-12,1.4170
2026-06-15,1.4090
2026-06-16,1.4140
2026-06-17,1.3980
2026-06-18,1.4000
2026-06-19,1.4090
2026-06-22,1.4150
2026-06-23,1.4260
2026-06-24,1.4320
2026-06-25,1.4210
2026-06-26,1.4090
2026-06-29,1.4110
2026-06-30,1.3820
2026-07-01,1.4000
2026-07-02,1.3950
2026-07-03,1.3900
2026-07-06,1.3960
2026-07-07,1.4020
2026-07-08,1.4330
2026-07-09,1.4440
2026-07-10,1.4340
2026-07-13,1.4510
2026-07-14,1.4350
2026-07-15,1.4360
2026-07-16,1.4400
2026-07-17,1.4360
2026-07-21,1.4410
2026-07-22,1.4500
2026-07-23,1.4990
2026-07-24,1.5310
2026-07-27,1.5130
2026-07-28,1.5040
2026-07-29,1.4880
2026-07-30,1.4970
2026-07-31,1.5070
2026-08-03,1.5620
2026-08-04,1.5680
2026-08-05,1.5690
2026-08-06,1.5650
2026-08-07,1.6110
2026-08-10,1.6180
2026-08-12,1.6460
2026-08-13,1.6510
2026-08-14,1.6570
