date,value
1961-06-14,0.081254
1961-06-15,0.126294
1961-06-16,0.129795
1961-06-19,0.145459
1961-06-20,0.126188
1961-06-21,0.134718
1961-06-22,0.130996
1961-06-23,0.141526
1961-06-26,0.147635
1961-06-27,0.165705
1961-06-28,0.163266
1961-06-29,0.174982
1961-06-30,0.158406
1961-07-03,0.157510
1961-07-05,0.204695
1961-07-06,0.207820
1961-07-07,0.214582
1961-07-10,0.217000
1961-07-11,0.227926
1961-07-12,0.253101
1961-07-13,0.244362
1961-07-14,0.294166
1961-07-17,0.275005
1961-07-18,0.276697
1961-07-19,0.268239
1961-07-20,0.248294
1961-07-21,0.267680
1961-07-24,0.265198
1961-07-25,0.287641
1961-07-26,0.267083
1961-07-27,0.320713
1961-07-28,0.321560
1961-07-31,0.404931
1961-08-01,0.345206
1961-08-02,0.328653
1961-08-03,0.374225
1961-08-04,0.369256
1961-08-07,0.424173
1961-08-08,0.432110
1961-08-09,0.413317
1961-08-10,0.394708
1961-08-11,0.355627
1961-08-14,0.344403
1961-08-15,0.340174
1961-08-16,0.321858
1961-08-17,0.289177
1961-08-18,0.240619
1961-08-21,0.225596
1961-08-22,0.224719
1961-08-23,0.233276
1961-08-24,0.252699
1961-08-25,0.257578
1961-08-28,0.256167
1961-08-29,0.257811
1961-08-30,0.261524
1961-08-31,0.294680
1961-09-01,0.283125
1961-09-05,0.280333
1961-09-06,0.271251
1961-09-07,0.266027
1961-09-08,0.271937
1961-09-11,0.259085
1961-09-12,0.259503
1961-09-13,0.246389
1961-09-14,0.241417
1961-09-15,0.235711
1961-09-18,0.237104
1961-09-19,0.219104
1961-09-20,0.208203
1961-09-21,0.180182
1961-09-22,0.179759
1961-09-25,0.171182
1961-09-26,0.131648
1961-09-27,0.141384
1961-09-28,0.145762
1961-09-29,0.198074
1961-10-02,0.190381
1961-10-03,0.193395
1961-10-04,0.144897
1961-10-05,0.133520
1961-10-06,0.147668
1961-10-09,0.094328
1961-10-10,0.009238
1961-10-11,0.045976
1961-10-13,0.027430
1961-10-16,0.018271
1961-10-17,-0.022715
1961-10-18,-0.029112
1961-10-19,-0.022677
1961-10-20,-0.045274
1961-10-23,-0.060373
1961-10-24,-0.082390
1961-10-25,-0.136702
1961-10-26,-0.075952
1961-10-27,0.076679
1961-10-30,0.066031
1961-10-31,0.297181
1961-11-01,0.123168
1961-11-02,0.075746
1961-11-03,0.072239
1961-11-06,0.125016
1961-11-08,0.194243
1961-11-09,0.029670
1961-11-10,-0.056606
1961-11-13,-0.046604
1961-11-14,-0.195750
1961-11-15,-0.047400
1961-11-16,-0.073032
1961-11-17,-0.047697
1961-11-20,-0.119547
1961-11-21,-0.164507
1961-11-22,-0.239514
1961-11-24,-0.237598
1961-11-27,-0.339374
1961-11-28,-0.312470
1961-11-29,-0.361025
1961-11-30,0.076877
1961-12-01,-0.229476
1961-12-04,-0.401977
1961-12-05,-0.392899
1961-12-06,-0.345996
1961-12-07,-0.366306
1961-12-08,-0.331468
1961-12-11,-0.358469
1961-12-12,-0.478277
1961-12-13,-0.377003
1961-12-14,-0.302094
1961-12-15,-0.247518
1961-12-18,-0.260256
1961-12-19,-0.230904
1961-12-20,-0.319424
1961-12-21,-0.325959
1961-12-22,-0.177079
1961-12-26,-0.139431
1961-12-27,-0.135178
1961-12-28,-0.354790
1961-12-29,-0.139060
1962-01-02,-0.488143
1962-01-03,-0.535470
1962-01-04,-0.587391
1962-01-05,-0.504617
1962-01-08,-0.292417
1962-01-09,-0.368677
1962-01-10,-0.333226
1962-01-11,-0.348244
1962-01-12,-0.131634
1962-01-15,-0.092447
1962-01-16,-0.044031
1962-01-17,-0.055390
1962-01-18,-0.027060
1962-01-19,0.014561
1962-01-22,0.042664
1962-01-23,0.029586
1962-01-24,0.032963
1962-01-25,0.054307
1962-01-26,0.106696
1962-01-29,0.149169
1962-01-30,0.154475
1962-01-31,0.158691
1962-02-01,0.175910
1962-02-02,0.218860
1962-02-05,0.172314
1962-02-06,0.170124
1962-02-07,0.161463
1962-02-08,0.125291
1962-02-09,0.129239
1962-02-13,0.094915
1962-02-14,0.074729
1962-02-15,0.114051
1962-02-16,0.123750
1962-02-19,0.100311
1962-02-20,0.092557
1962-02-21,0.098838
1962-02-23,0.091135
1962-02-26,0.109480
1962-02-27,0.100043
1962-02-28,0.155080
1962-03-01,0.393181
1962-03-02,0.334104
1962-03-05,0.246876
1962-03-06,0.274403
1962-03-07,0.281962
1962-03-08,0.278240
1962-03-09,0.223511
1962-03-12,0.219050
1962-03-13,0.185228
1962-03-14,0.217462
1962-03-15,0.247598
1962-03-16,0.292936
1962-03-19,0.308319
1962-03-20,0.285554
1962-03-21,0.232539
1962-03-22,0.330850
1962-03-23,0.316801
1962-03-26,0.275061
1962-03-27,0.257768
1962-03-28,0.265325
1962-03-29,0.304977
1962-03-30,0.287577
1962-04-02,0.267640
1962-04-03,0.260603
1962-04-04,0.297825
1962-04-05,0.310653
1962-04-06,0.307893
1962-04-09,0.313838
1962-04-10,0.270636
1962-04-11,0.247812
1962-04-12,0.269902
1962-04-13,0.287456
1962-04-16,0.267393
1962-04-17,0.236691
1962-04-18,0.268905
1962-04-19,0.250709
1962-04-23,0.257475
1962-04-24,0.229185
1962-04-25,0.229953
1962-04-26,0.249215
1962-04-27,0.125283
1962-04-30,0.062183
1962-05-01,0.061993
1962-05-02,0.108491
1962-05-03,0.136131
1962-05-04,0.144001
1962-05-07,0.148477
1962-05-08,0.143131
1962-05-09,0.113904
1962-05-10,0.130278
1962-05-11,0.157997
1962-05-14,0.176109
1962-05-15,0.250389
1962-05-16,0.248692
1962-05-17,0.283889
1962-05-18,0.311976
1962-05-21,0.319917
1962-05-22,0.313514
1962-05-23,0.316486
1962-05-24,0.295883
1962-05-25,0.300939
1962-05-28,0.309611
1962-05-29,0.336339
1962-05-31,0.353282
1962-06-01,0.356807
1962-06-04,0.360961
1962-06-05,0.382545
1962-06-06,0.377660
1962-06-07,0.370215
1962-06-08,0.372383
1962-06-11,0.359753
1962-06-12,0.391684
1962-06-13,0.396298
1962-06-14,0.502170
1962-06-15,0.474493
1962-06-18,0.485978
1962-06-19,0.463037
1962-06-20,0.457545
1962-06-21,0.469194
1962-06-22,0.382557
1962-06-25,0.347351
1962-06-26,0.224609
1962-06-27,0.294020
1962-06-28,0.251407
1962-06-29,0.234906
1962-07-02,0.178139
1962-07-03,0.147680
1962-07-05,0.141856
1962-07-06,0.152956
1962-07-09,0.155923
1962-07-10,0.124453
1962-07-11,0.179390
1962-07-12,0.183443
1962-07-13,0.184270
1962-07-16,0.224373
1962-07-17,0.196590
1962-07-18,0.206738
1962-07-19,0.250395
1962-07-20,0.264075
1962-07-23,0.277205
1962-07-24,0.282161
1962-07-25,0.278778
1962-07-26,0.266935
1962-07-27,0.251653
1962-07-30,0.279929
1962-07-31,0.298913
1962-08-01,0.320200
1962-08-02,0.371390
1962-08-03,0.379900
1962-08-06,0.407063
1962-08-07,0.389937
1962-08-08,0.396620
1962-08-09,0.369820
1962-08-10,0.375590
1962-08-13,0.392304
1962-08-14,0.401600
1962-08-15,0.415963
1962-08-16,0.437171
1962-08-17,0.459145
1962-08-20,0.458658
1962-08-21,0.442276
1962-08-22,0.440495
1962-08-23,0.463075
1962-08-24,0.467690
1962-08-27,0.483178
1962-08-28,0.470673
1962-08-29,0.480679
1962-08-30,0.474763
1962-08-31,0.415331
1962-09-04,0.385874
1962-09-05,0.402820
1962-09-06,0.457730
1962-09-07,0.441744
1962-09-10,0.418957
1962-09-11,0.400276
1962-09-12,0.440415
1962-09-13,0.428643
1962-09-14,0.387613
1962-09-17,0.410629
1962-09-18,0.398765
1962-09-19,0.406854
1962-09-20,0.409911
1962-09-21,0.441492
1962-09-24,0.429094
1962-09-25,0.454316
1962-09-26,0.441394
1962-09-27,0.440156
1962-09-28,0.461526
1962-10-01,0.462759
1962-10-02,0.485268
1962-10-03,0.502837
1962-10-04,0.522415
1962-10-05,0.535525
1962-10-08,0.529378
1962-10-09,0.534656
1962-10-10,0.569192
1962-10-11,0.555125
1962-10-15,0.550491
1962-10-16,0.546394
1962-10-17,0.531355
1962-10-18,0.508400
1962-10-19,0.471679
1962-10-22,0.456599
1962-10-23,0.491845
1962-10-24,0.503164
1962-10-25,0.501922
1962-10-26,0.450579
1962-10-29,0.461347
1962-10-30,0.475951
1962-10-31,0.471290
1962-11-01,0.435373
1962-11-02,0.404374
1962-11-05,0.414984
1962-11-07,0.405203
1962-11-08,0.428151
1962-11-09,0.415501
1962-11-13,0.411929
1962-11-14,0.357321
1962-11-15,0.470106
1962-11-16,0.462935
1962-11-19,0.448406
1962-11-20,0.442187
1962-11-21,0.451553
1962-11-23,0.467527
1962-11-26,0.467188
1962-11-27,0.471161
1962-11-28,0.342671
1962-11-29,0.343974
1962-11-30,0.393438
1962-12-03,0.329627
1962-12-04,0.304793
1962-12-05,0.422340
1962-12-06,0.398704
1962-12-07,0.351418
1962-12-10,0.312084
1962-12-11,0.317107
1962-12-12,0.282161
1962-12-13,0.258612
1962-12-14,0.327277
1962-12-17,0.269719
1962-12-18,0.232196
1962-12-19,0.243217
1962-12-20,0.259086
1962-12-21,0.363305
1962-12-24,0.308513
1962-12-26,0.297928
1962-12-27,0.291021
1962-12-28,0.299763
1962-12-31,0.386078
1963-01-02,0.250954
1963-01-03,0.237098
1963-01-04,0.235588
1963-01-07,0.200793
1963-01-08,0.193604
1963-01-09,0.225453
1963-01-10,0.264656
1963-01-11,0.246898
1963-01-14,0.270048
1963-01-15,0.282678
1963-01-16,0.268909
1963-01-17,0.269766
1963-01-18,0.197171
1963-01-21,0.182715
1963-01-22,0.110911
1963-01-23,0.081690
1963-01-24,0.103819
1963-01-25,0.100130
1963-01-28,0.074835
1963-01-29,0.065672
1963-01-30,0.088650
1963-01-31,0.207751
1963-02-01,0.230410
1963-02-04,0.269774
1963-02-05,0.296023
1963-02-06,0.310611
1963-02-07,0.339875
1963-02-08,0.352964
1963-02-11,0.382706
1963-02-13,0.336949
1963-02-14,0.278627
1963-02-15,0.390288
1963-02-18,0.421759
1963-02-19,0.395598
1963-02-20,0.407763
1963-02-21,0.409558
1963-02-25,0.423024
1963-02-26,0.402013
1963-02-27,0.392587
1963-02-28,0.385870
1963-03-01,0.430820
1963-03-04,0.423023
1963-03-05,0.420814
1963-03-06,0.398964
1963-03-07,0.405093
1963-03-08,0.401886
1963-03-11,0.395603
1963-03-12,0.404164
1963-03-13,0.403387
1963-03-14,0.400882
1963-03-15,0.399856
1963-03-18,0.373854
1963-03-19,0.395565
1963-03-20,0.399279
1963-03-21,0.381053
1963-03-22,0.386596
1963-03-25,0.392541
1963-03-26,0.385599
1963-03-27,0.381971
1963-03-28,0.419001
1963-03-29,0.396229
1963-04-01,0.400038
1963-04-02,0.416870
1963-04-03,0.426196
1963-04-04,0.430016
1963-04-05,0.440686
1963-04-08,0.449989
1963-04-09,0.462892
1963-04-10,0.461071
1963-04-11,0.458258
1963-04-15,0.441993
1963-04-16,0.432665
1963-04-17,0.398873
1963-04-18,0.384576
1963-04-19,0.372187
1963-04-22,0.348943
1963-04-23,0.351061
1963-04-24,0.338874
1963-04-25,0.313734
1963-04-26,0.289628
1963-04-29,0.283119
1963-04-30,0.281500
1963-05-01,0.277424
1963-05-02,0.276263
1963-05-03,0.284390
1963-05-06,0.279357
1963-05-07,0.307134
1963-05-08,0.303467
1963-05-09,0.255328
1963-05-10,0.299907
1963-05-13,0.291292
1963-05-14,0.281067
1963-05-15,0.296202
1963-05-16,0.276677
1963-05-17,0.289162
1963-05-20,0.230126
1963-05-21,0.224051
1963-05-22,0.212581
1963-05-23,0.212481
1963-05-24,0.205905
1963-05-27,0.227927
1963-05-28,0.236279
1963-05-29,0.235547
1963-05-31,0.226590
1963-06-03,0.222189
1963-06-04,0.222340
1963-06-05,0.216197
1963-06-06,0.262409
1963-06-07,0.275284
1963-06-10,0.311418
1963-06-11,0.300270
1963-06-12,0.308922
1963-06-13,0.330417
1963-06-14,0.303846
1963-06-17,0.294889
1963-06-18,0.289715
1963-06-19,0.295480
1963-06-20,0.307591
1963-06-21,0.296295
1963-06-24,0.292919
1963-06-25,0.284864
1963-06-26,0.311261
1963-06-27,0.311563
1963-06-28,0.259264
1963-07-01,0.274383
1963-07-02,0.263663
1963-07-03,0.205502
1963-07-05,0.202038
1963-07-08,0.144488
1963-07-09,0.121817
1963-07-10,0.150729
1963-07-11,0.157187
1963-07-12,0.158496
1963-07-15,0.156854
1963-07-16,0.163144
1963-07-17,0.116929
1963-07-18,0.116213
1963-07-19,0.123117
1963-07-22,0.131016
1963-07-23,0.140093
1963-07-24,0.092474
1963-07-25,0.102795
1963-07-26,0.096120
1963-07-29,0.099516
1963-07-30,0.092746
1963-07-31,0.062674
1963-08-01,0.061063
1963-08-02,0.065434
1963-08-05,0.074548
1963-08-06,0.074385
1963-08-07,0.095143
1963-08-08,0.093890
1963-08-09,0.072246
1963-08-12,0.090276
1963-08-13,0.100438
1963-08-14,0.067767
1963-08-15,0.064128
1963-08-16,0.100743
1963-08-19,0.117220
1963-08-20,0.122316
1963-08-21,0.129915
1963-08-22,0.149954
1963-08-23,0.142475
1963-08-26,0.132909
1963-08-27,0.140815
1963-08-28,0.148133
1963-08-29,0.158066
1963-08-30,0.149914
1963-09-03,0.152355
1963-09-04,0.170791
1963-09-05,0.231077
1963-09-06,0.227000
1963-09-09,0.227052
1963-09-10,0.223185
1963-09-11,0.219356
1963-09-12,0.233682
1963-09-13,0.199108
1963-09-16,0.214046
1963-09-17,0.249231
1963-09-18,0.240751
1963-09-19,0.217745
1963-09-20,0.355085
1963-09-23,0.213380
1963-09-24,0.232507
1963-09-25,0.229866
1963-09-26,0.231133
1963-09-27,0.229713
1963-09-30,0.168739
1963-10-01,0.178589
1963-10-02,0.174486
1963-10-03,0.173918
1963-10-04,0.177531
1963-10-07,0.183572
1963-10-08,0.193902
1963-10-09,0.219368
1963-10-10,0.221012
1963-10-11,0.208720
1963-10-14,0.219160
1963-10-15,0.235517
1963-10-16,0.219943
1963-10-17,0.232235
1963-10-18,0.180871
1963-10-21,0.224236
1963-10-22,0.244284
1963-10-23,0.238560
1963-10-24,0.233489
1963-10-25,0.236009
1963-10-28,0.225949
1963-10-29,0.224372
1963-10-30,0.228541
1963-10-31,0.228700
1963-11-01,0.229989
1963-11-04,0.224489
1963-11-06,0.225912
1963-11-07,0.148505
1963-11-08,0.126198
1963-11-12,0.155737
1963-11-13,0.131619
1963-11-14,0.097966
1963-11-15,0.123336
1963-11-18,0.146907
1963-11-19,0.053096
1963-11-20,0.055454
1963-11-21,0.046258
1963-11-22,0.030510
1963-11-26,0.022441
1963-11-27,0.014478
1963-11-29,0.006310
1963-12-02,0.009546
1963-12-03,0.009086
1963-12-04,0.006055
1963-12-05,0.004580
1963-12-06,-0.003726
1963-12-09,-0.007492
1963-12-10,0.003747
1963-12-11,0.013894
1963-12-12,0.018503
1963-12-13,0.016603
1963-12-16,0.026008
1963-12-17,0.021587
1963-12-18,0.015795
1963-12-19,0.026373
1963-12-20,0.037284
1963-12-23,0.029966
1963-12-24,0.019752
1963-12-26,0.012764
1963-12-27,0.017285
1963-12-30,0.014022
1963-12-31,0.022674
1964-01-02,0.030523
1964-01-03,0.044063
1964-01-06,0.053081
1964-01-07,0.055097
1964-01-08,0.084036
1964-01-09,0.105785
1964-01-10,0.111020
1964-01-13,0.109522
1964-01-14,0.112928
1964-01-15,0.126723
1964-01-16,0.124928
1964-01-17,0.096140
1964-01-20,0.088474
1964-01-21,0.089978
1964-01-22,0.089565
1964-01-23,0.090792
1964-01-24,0.092041
1964-01-27,0.094965
1964-01-28,0.090859
1964-01-29,0.088779
1964-01-30,0.090493
1964-01-31,0.091339
1964-02-03,0.093638
1964-02-04,0.092080
1964-02-05,0.089805
1964-02-06,0.085085
1964-02-07,0.079206
1964-02-10,0.085604
1964-02-11,0.078040
1964-02-13,0.066554
1964-02-14,0.069606
1964-02-17,0.095748
1964-02-18,0.099164
1964-02-19,0.099107
1964-02-20,0.105432
1964-02-24,0.105640
1964-02-25,0.102650
1964-02-26,0.103463
1964-02-27,0.101173
1964-02-28,0.109621
1964-03-02,0.108849
1964-03-03,0.112877
1964-03-04,0.130510
1964-03-05,0.128138
1964-03-06,0.129988
1964-03-09,0.129942
1964-03-10,0.137096
1964-03-11,0.147771
1964-03-12,0.148426
1964-03-13,0.153033
1964-03-16,0.152610
1964-03-17,0.162704
1964-03-18,0.178636
1964-03-19,0.187080
1964-03-20,0.200410
1964-03-23,0.203640
1964-03-24,0.223299
1964-03-25,0.214983
1964-03-26,0.202490
1964-03-30,0.191086
1964-03-31,0.175195
1964-04-01,0.168382
1964-04-02,0.175512
1964-04-03,0.186306
1964-04-06,0.163830
1964-04-07,0.161735
1964-04-08,0.136059
1964-04-09,0.132349
1964-04-10,0.111963
1964-04-13,0.125808
1964-04-14,0.127796
1964-04-15,0.129540
1964-04-16,0.138694
1964-04-17,0.141822
1964-04-20,0.138647
1964-04-21,0.135649
1964-04-22,0.145218
1964-04-23,0.146062
1964-04-24,0.152312
1964-04-27,0.155283
1964-04-28,0.151833
1964-04-29,0.144895
1964-04-30,0.153226
1964-05-01,0.150504
1964-05-04,0.148957
1964-05-05,0.142532
1964-05-06,0.130396
1964-05-07,0.132089
1964-05-08,0.124298
1964-05-11,0.129323
1964-05-12,0.141422
1964-05-13,0.144187
1964-05-14,0.138890
1964-05-15,0.123104
1964-05-18,0.114785
1964-05-19,0.112606
1964-05-20,0.116358
1964-05-21,0.120057
1964-05-22,0.109223
1964-05-25,0.105140
1964-05-26,0.103304
1964-05-27,0.106044
1964-05-28,0.102395
1964-06-01,0.099881
1964-06-02,0.101965
1964-06-03,0.109697
1964-06-04,0.110230
1964-06-05,0.095507
1964-06-08,0.080663
1964-06-09,0.071400
1964-06-10,0.081909
1964-06-11,0.083933
1964-06-12,0.081773
1964-06-15,0.084874
1964-06-16,0.091641
1964-06-17,0.094801
1964-06-18,0.079586
1964-06-19,0.080706
1964-06-22,0.093244
1964-06-23,0.087835
1964-06-24,0.095115
1964-06-25,0.084522
1964-06-26,0.079789
1964-06-29,0.087606
1964-06-30,0.094340
1964-07-01,0.100269
1964-07-02,0.113086
1964-07-06,0.129031
1964-07-07,0.126588
1964-07-08,0.149458
1964-07-09,0.198723
1964-07-10,0.241782
1964-07-13,0.257858
1964-07-14,0.242805
1964-07-15,0.281479
1964-07-16,0.320014
1964-07-17,0.312979
1964-07-20,0.327151
1964-07-21,0.347800
1964-07-22,0.226937
1964-07-23,0.231449
1964-07-24,0.247851
1964-07-27,0.246323
1964-07-28,0.250638
1964-07-29,0.342716
1964-07-30,0.352463
1964-07-31,0.358416
1964-08-03,0.352081
1964-08-04,0.288090
1964-08-05,0.315242
1964-08-06,0.342652
1964-08-07,0.363278
1964-08-10,0.345048
1964-08-11,0.191451
1964-08-12,0.219640
1964-08-13,0.233851
1964-08-14,0.334974
1964-08-17,0.357117
1964-08-18,0.319859
1964-08-19,0.285338
1964-08-20,0.304059
1964-08-21,0.290637
1964-08-24,0.269504
1964-08-25,0.273668
1964-08-26,0.264869
1964-08-27,0.246576
1964-08-28,0.250450
1964-08-31,0.251575
1964-09-01,0.217109
1964-09-02,0.179472
1964-09-03,0.222165
1964-09-04,0.193441
1964-09-08,0.162227
1964-09-09,0.151761
1964-09-10,0.150803
1964-09-11,0.155176
1964-09-14,0.133099
1964-09-15,0.103030
1964-09-16,0.126318
1964-09-17,0.137797
1964-09-18,0.129275
1964-09-21,0.129729
1964-09-22,0.126413
1964-09-23,0.118289
1964-09-24,0.122372
1964-09-25,0.109045
1964-09-28,0.087737
1964-09-29,0.093177
1964-09-30,0.082095
1964-10-01,0.137528
1964-10-02,0.124972
1964-10-05,0.121419
1964-10-06,0.108440
1964-10-07,0.099732
1964-10-08,0.099815
1964-10-09,0.094731
1964-10-13,0.104650
1964-10-14,0.104754
1964-10-15,0.112543
1964-10-16,0.114634
1964-10-19,0.107396
1964-10-20,0.085967
1964-10-21,0.094054
1964-10-22,0.110207
1964-10-23,0.124906
1964-10-26,0.117983
1964-10-27,0.105115
1964-10-28,0.096497
1964-10-29,0.082116
1964-10-30,0.075259
1964-11-02,0.066357
1964-11-04,0.081062
1964-11-05,0.059917
1964-11-06,0.063125
1964-11-09,0.053256
1964-11-10,0.043386
1964-11-12,0.033763
1964-11-13,0.031431
1964-11-16,0.011670
1964-11-17,0.001038
1964-11-18,0.011289
1964-11-19,-0.005079
1964-11-20,0.008093
1964-11-23,-0.002911
1964-11-24,0.011681
1964-11-25,-0.057524
1964-11-27,-0.066519
1964-11-30,-0.059553
1964-12-01,-0.062954
1964-12-02,-0.056186
1964-12-03,-0.069609
1964-12-04,-0.079958
1964-12-07,-0.094832
1964-12-08,-0.088978
1964-12-09,-0.085772
1964-12-10,-0.082141
1964-12-11,-0.079812
1964-12-14,-0.060049
1964-12-15,-0.055110
1964-12-16,-0.038948
1964-12-17,-0.042475
1964-12-18,-0.049629
1964-12-21,-0.033900
1964-12-22,-0.040676
1964-12-23,-0.045568
1964-12-24,-0.044466
1964-12-28,-0.044549
1964-12-29,-0.047460
1964-12-30,0.002651
1964-12-31,0.000039
1965-01-04,0.019808
1965-01-05,0.023184
1965-01-06,0.020893
1965-01-07,0.037476
1965-01-08,0.054670
1965-01-11,0.083376
1965-01-12,0.090722
1965-01-13,0.045132
1965-01-14,0.077937
1965-01-15,0.096867
1965-01-18,0.100967
1965-01-19,0.144883
1965-01-20,0.204429
1965-01-21,0.255317
1965-01-22,0.309358
1965-01-25,0.285352
1965-01-26,0.248677
1965-01-27,0.195050
1965-01-28,0.241084
1965-01-29,0.280482
1965-02-01,0.281495
1965-02-02,0.027715
1965-02-03,0.007890
1965-02-04,0.070781
1965-02-05,0.132092
1965-02-08,0.156589
1965-02-09,0.163237
1965-02-10,0.023480
1965-02-11,-0.003782
1965-02-15,0.210145
1965-02-16,0.218906
1965-02-17,0.239406
1965-02-18,0.203006
1965-02-19,0.232563
1965-02-23,0.234282
1965-02-24,0.230059
1965-02-25,0.191870
1965-02-26,0.182409
1965-03-01,0.109107
1965-03-02,0.089637
1965-03-03,0.103972
1965-03-04,0.108496
1965-03-05,0.034899
1965-03-08,0.030123
1965-03-09,0.028468
1965-03-10,0.015218
1965-03-11,0.054075
1965-03-12,0.015773
1965-03-15,0.017342
1965-03-16,0.024024
1965-03-17,0.030349
1965-03-18,0.034729
1965-03-19,0.024547
1965-03-22,0.011069
1965-03-23,0.028054
1965-03-24,0.042320
1965-03-25,0.014922
1965-03-26,0.018395
1965-03-29,0.009018
1965-03-30,0.006004
1965-03-31,0.062245
1965-04-01,0.074578
1965-04-02,0.084194
1965-04-05,0.064800
1965-04-06,0.081701
1965-04-07,0.108961
1965-04-08,0.082056
1965-04-09,0.094189
1965-04-12,0.105213
1965-04-13,0.107783
1965-04-14,0.129680
1965-04-15,0.166797
1965-04-19,-0.003048
1965-04-20,-0.006372
1965-04-21,-0.004613
1965-04-22,-0.006031
1965-04-23,-0.007524
1965-04-26,0.017268
1965-04-27,0.011209
1965-04-28,0.002775
1965-04-29,0.020111
1965-04-30,0.016836
1965-05-03,0.011857
1965-05-04,0.026507
1965-05-05,0.023034
1965-05-06,0.012241
1965-05-07,0.009680
1965-05-10,0.005162
1965-05-11,-0.000696
1965-05-12,-0.004615
1965-05-13,-0.003069
1965-05-14,-0.003373
1965-05-17,-0.010791
1965-05-18,-0.018442
1965-05-19,-0.019486
1965-05-20,-0.018104
1965-05-21,-0.027588
1965-05-24,-0.031460
1965-05-25,-0.011103
1965-05-26,-0.015272
1965-05-27,0.014766
1965-05-28,-0.006928
1965-06-01,-0.013129
1965-06-02,-0.018693
1965-06-03,0.044101
1965-06-04,-0.006706
1965-06-07,-0.011053
1965-06-08,0.005275
1965-06-09,-0.000731
1965-06-10,0.000410
1965-06-11,0.001474
1965-06-14,-0.004493
1965-06-15,-0.006893
1965-06-16,0.036987
1965-06-17,0.030493
1965-06-18,0.048949
1965-06-21,0.051966
1965-06-22,0.057409
1965-06-23,0.064878
1965-06-24,0.105642
1965-06-25,0.059256
1965-06-28,0.055975
1965-06-29,0.048859
1965-06-30,0.053298
1965-07-01,0.065392
1965-07-02,0.044726
1965-07-06,0.051014
1965-07-07,0.045047
1965-07-08,0.054010
1965-07-09,0.052935
1965-07-12,0.052987
1965-07-13,0.044594
1965-07-14,0.039187
1965-07-15,0.033650
1965-07-16,0.031390
1965-07-19,0.033363
1965-07-20,0.044043
1965-07-21,0.050231
1965-07-22,0.044876
1965-07-23,0.054622
1965-07-26,0.047709
1965-07-27,0.043829
1965-07-28,0.041726
1965-07-29,0.052372
1965-07-30,0.056616
1965-08-02,0.061024
1965-08-03,0.058272
1965-08-04,0.048806
1965-08-05,0.043977
1965-08-06,0.053868
1965-08-09,0.061665
1965-08-10,0.057838
1965-08-11,0.060341
1965-08-12,0.070264
1965-08-13,0.064248
1965-08-16,0.063079
1965-08-17,0.073379
1965-08-18,0.053001
1965-08-19,0.045422
1965-08-20,0.041476
1965-08-23,0.043055
1965-08-24,0.040431
1965-08-25,0.043837
1965-08-26,0.030345
1965-08-27,0.023880
1965-08-30,0.026686
1965-08-31,0.016684
1965-09-01,0.022020
1965-09-02,0.022575
1965-09-03,0.011307
1965-09-07,0.011819
1965-09-08,0.012487
1965-09-09,0.014282
1965-09-10,0.009875
1965-09-13,0.005301
1965-09-14,0.002006
1965-09-15,0.018389
1965-09-16,0.012780
1965-09-17,0.280590
1965-09-20,0.107803
1965-09-21,0.103458
1965-09-22,0.112653
1965-09-23,0.114890
1965-09-24,0.197117
1965-09-27,0.216504
1965-09-28,0.215401
1965-09-29,0.181432
1965-09-30,0.203987
1965-10-01,0.049385
1965-10-04,0.057944
1965-10-05,0.035492
1965-10-06,0.037369
1965-10-07,0.038613
1965-10-08,0.051839
1965-10-11,0.054234
1965-10-13,0.063784
1965-10-14,0.059394
1965-10-15,0.067004
1965-10-18,0.068385
1965-10-19,0.063942
1965-10-20,0.074346
1965-10-21,0.092035
1965-10-22,0.083372
1965-10-25,0.091252
1965-10-26,0.087325
1965-10-27,0.092073
1965-10-28,0.108272
1965-10-29,0.109787
1965-11-01,0.119504
1965-11-03,0.120869
1965-11-04,0.136090
1965-11-05,0.117995
1965-11-08,0.165060
1965-11-09,0.187598
1965-11-10,0.168244
1965-11-12,0.166919
1965-11-15,0.164726
1965-11-16,0.153417
1965-11-17,0.152267
1965-11-18,0.089375
1965-11-19,0.086257
1965-11-22,0.075483
1965-11-23,0.080047
1965-11-24,0.064530
1965-11-26,0.056702
1965-11-29,0.059561
1965-11-30,0.079098
1965-12-01,0.106037
1965-12-02,0.095254
1965-12-03,0.100667
1965-12-06,0.135606
1965-12-07,0.114914
1965-12-08,0.141443
1965-12-09,0.140784
1965-12-10,0.140938
1965-12-13,0.178645
1965-12-14,0.200754
1965-12-15,0.199907
1965-12-16,0.189190
1965-12-17,0.184737
1965-12-20,0.159686
1965-12-21,0.185533
1965-12-22,0.204795
1965-12-23,0.176852
1965-12-27,0.171147
1965-12-28,0.181611
1965-12-29,0.183348
1965-12-30,0.190602
1965-12-31,0.204340
1966-01-03,0.214614
1966-01-04,0.240463
1966-01-05,0.237206
1966-01-06,0.234221
1966-01-07,0.235238
1966-01-10,0.225223
1966-01-11,0.212717
1966-01-12,0.173885
1966-01-13,0.201050
1966-01-14,0.207638
1966-01-17,0.208766
1966-01-18,0.207440
1966-01-19,0.210267
1966-01-20,0.207811
1966-01-21,0.207734
1966-01-24,0.239309
1966-01-25,0.249501
1966-01-26,0.251702
1966-01-27,0.268849
1966-01-28,0.277519
1966-01-31,0.287210
1966-02-01,0.270763
1966-02-02,0.279158
1966-02-03,0.292046
1966-02-04,0.280098
1966-02-07,0.302000
1966-02-08,0.284528
1966-02-09,0.295014
1966-02-10,0.314055
1966-02-11,0.348326
1966-02-14,0.350198
1966-02-15,0.402134
1966-02-16,0.410324
1966-02-17,0.389154
1966-02-18,0.412829
1966-02-21,0.418671
1966-02-23,0.420398
1966-02-24,0.418567
1966-02-25,0.441196
1966-02-28,0.469857
1966-03-01,0.457000
1966-03-02,0.445482
1966-03-03,0.441611
1966-03-04,0.422242
1966-03-07,0.423972
1966-03-08,0.402935
1966-03-09,0.417225
1966-03-10,0.442041
1966-03-11,0.428051
1966-03-14,0.391118
1966-03-15,0.361434
1966-03-16,0.370716
1966-03-17,0.345513
1966-03-18,0.343054
1966-03-21,0.333787
1966-03-22,0.328892
1966-03-23,0.310961
1966-03-24,0.345252
1966-03-25,0.392162
1966-03-28,0.379665
1966-03-29,0.372858
1966-03-30,0.290838
1966-03-31,0.300685
1966-04-01,0.256069
1966-04-04,0.248537
1966-04-05,0.200966
1966-04-06,0.237425
1966-04-07,0.258513
1966-04-11,0.238871
1966-04-12,0.246339
1966-04-13,0.265128
1966-04-14,0.266998
1966-04-15,0.274427
1966-04-18,0.265425
1966-04-19,0.251516
1966-04-20,0.278912
1966-04-21,0.261675
1966-04-22,0.248330
1966-04-25,0.263536
1966-04-26,0.271550
1966-04-27,0.283237
1966-04-28,0.274586
1966-04-29,0.280342
1966-05-02,0.297497
1966-05-03,0.294772
1966-05-04,0.290545
1966-05-05,0.292124
1966-05-06,0.268237
1966-05-09,0.226293
1966-05-10,0.234517
1966-05-11,0.246768
1966-05-12,0.247563
1966-05-13,0.244706
1966-05-16,0.248724
1966-05-17,0.248891
1966-05-18,0.172764
1966-05-19,0.189930
1966-05-20,0.194540
1966-05-23,0.207873
1966-05-24,0.234359
1966-05-25,0.209811
1966-05-26,0.226627
1966-05-27,0.229552
1966-05-31,0.227915
1966-06-01,0.218936
1966-06-02,0.199223
1966-06-03,0.217426
1966-06-06,0.215392
1966-06-07,0.232835
1966-06-08,0.242935
1966-06-09,0.246132
1966-06-10,0.233848
1966-06-13,0.217609
1966-06-14,0.229441
1966-06-15,0.193993
1966-06-16,0.224092
1966-06-17,0.219956
1966-06-20,0.204640
1966-06-21,0.220608
1966-06-22,0.245626
1966-06-23,0.293537
1966-06-24,0.310821
1966-06-27,0.368390
1966-06-28,0.393993
1966-06-29,0.399841
1966-06-30,0.387872
1966-07-01,0.348734
1966-07-05,0.387537
1966-07-06,0.383125
1966-07-07,0.389613
1966-07-08,0.402916
1966-07-11,0.435936
1966-07-12,0.443529
1966-07-13,0.458974
1966-07-14,0.460351
1966-07-15,0.434261
1966-07-18,0.392268
1966-07-19,0.384808
1966-07-20,0.395094
1966-07-21,0.415060
1966-07-22,0.400505
1966-07-25,0.383094
1966-07-26,0.397208
1966-07-27,0.415142
1966-07-28,0.458233
1966-07-29,0.473457
1966-08-01,0.472503
1966-08-02,0.470994
1966-08-03,0.499776
1966-08-04,0.495707
1966-08-05,0.508175
1966-08-08,0.512430
1966-08-09,0.520053
1966-08-10,0.523533
1966-08-11,0.531260
1966-08-12,0.529533
1966-08-15,0.546478
1966-08-16,0.587338
1966-08-17,0.606308
1966-08-18,0.704540
1966-08-19,0.705480
1966-08-22,0.674093
1966-08-23,0.713111
1966-08-24,0.752113
1966-08-25,0.760983
1966-08-26,0.816759
1966-08-29,0.840103
1966-08-30,0.792206
1966-08-31,0.658198
1966-09-01,0.613274
1966-09-02,0.523548
1966-09-06,0.491595
1966-09-07,0.518958
1966-09-08,0.495096
1966-09-09,0.461076
1966-09-12,0.445136
1966-09-13,0.427810
1966-09-14,0.483591
1966-09-15,0.524533
1966-09-16,0.528022
1966-09-19,0.601812
1966-09-20,0.582137
1966-09-21,0.525750
1966-09-22,0.459622
1966-09-23,0.467309
1966-09-26,0.460912
1966-09-27,0.479792
1966-09-28,0.455368
1966-09-29,0.369597
1966-09-30,0.416608
1966-10-03,0.424561
1966-10-04,0.408923
1966-10-05,0.370696
1966-10-06,0.350417
1966-10-07,0.353177
1966-10-10,0.384527
1966-10-11,0.407166
1966-10-13,0.410160
1966-10-14,0.382116
1966-10-17,0.352630
1966-10-18,0.346526
1966-10-19,0.365522
1966-10-20,0.376901
1966-10-21,0.304415
1966-10-24,0.318059
1966-10-25,0.334586
1966-10-26,0.326324
1966-10-27,0.377237
1966-10-28,0.320438
1966-10-31,0.318644
1966-11-01,0.347107
1966-11-02,0.382107
1966-11-03,0.393355
1966-11-04,0.427856
1966-11-07,0.393514
1966-11-09,0.398894
1966-11-10,0.444080
1966-11-14,0.443683
1966-11-15,0.437533
1966-11-16,0.453847
1966-11-17,0.454133
1966-11-18,0.441823
1966-11-21,0.429465
1966-11-22,0.447365
1966-11-23,0.454152
1966-11-25,0.444921
1966-11-28,0.427512
1966-11-29,0.412944
1966-11-30,0.389212
1966-12-01,0.362797
1966-12-02,0.345636
1966-12-05,0.366979
1966-12-06,0.373954
1966-12-07,0.366620
1966-12-08,0.380426
1966-12-09,0.343496
1966-12-12,0.318316
1966-12-13,0.305126
1966-12-14,0.286806
1966-12-15,0.187399
1966-12-16,0.211887
1966-12-19,0.174746
1966-12-20,0.175140
1966-12-21,0.154537
1966-12-22,0.164747
1966-12-23,0.171100
1966-12-27,0.182758
1966-12-28,0.121493
1966-12-29,0.139695
1966-12-30,0.142410
1967-01-03,0.175451
1967-01-04,0.143620
1967-01-05,0.133722
1967-01-06,0.158020
1967-01-09,0.203385
1967-01-10,0.192443
1967-01-11,0.155623
1967-01-12,0.158291
1967-01-13,0.116400
1967-01-16,0.069688
1967-01-17,0.094683
1967-01-18,0.115824
1967-01-19,0.151030
1967-01-20,0.158099
1967-01-23,0.139570
1967-01-24,0.180657
1967-01-25,0.192157
1967-01-26,0.102252
1967-01-27,0.092149
1967-01-30,0.113043
1967-01-31,0.155146
1967-02-01,0.175733
1967-02-02,0.158039
1967-02-03,0.177666
1967-02-06,0.177986
1967-02-07,0.183538
1967-02-08,0.155664
1967-02-09,0.139356
1967-02-10,0.176803
1967-02-14,0.207191
1967-02-15,0.236342
1967-02-16,0.220757
1967-02-17,0.229604
1967-02-20,0.233855
1967-02-21,0.236786
1967-02-23,0.254422
1967-02-24,0.250587
1967-02-27,0.243992
1967-02-28,0.256480
1967-03-01,0.211644
1967-03-02,0.197051
1967-03-03,0.205547
1967-03-06,0.207473
1967-03-07,0.204209
1967-03-08,0.224914
1967-03-09,0.213206
1967-03-10,0.222453
1967-03-13,0.233588
1967-03-14,0.230727
1967-03-15,0.217612
1967-03-16,0.173787
1967-03-17,0.181126
1967-03-20,0.137295
1967-03-21,0.189248
1967-03-22,0.188047
1967-03-23,0.183599
1967-03-27,0.222230
1967-03-28,0.200177
1967-03-29,0.203546
1967-03-30,0.180250
1967-03-31,0.169069
1967-04-03,0.231486
1967-04-04,0.246214
1967-04-05,0.246786
1967-04-06,0.235215
1967-04-07,0.211222
1967-04-10,0.258344
1967-04-11,0.276732
1967-04-12,0.287240
1967-04-13,0.329584
1967-04-14,0.333832
1967-04-17,0.345977
1967-04-18,0.352741
1967-04-19,0.324767
1967-04-20,0.331139
1967-04-21,0.358716
1967-04-24,0.374147
1967-04-25,0.408422
1967-04-26,0.430657
1967-04-27,0.452734
1967-04-28,0.506129
1967-05-01,0.492521
1967-05-02,0.491232
1967-05-03,0.474945
1967-05-04,0.471524
1967-05-05,0.503335
1967-05-08,0.527666
1967-05-09,0.518688
1967-05-10,0.501998
1967-05-11,0.477349
1967-05-12,0.445580
1967-05-15,0.364395
1967-05-16,0.525825
1967-05-17,0.519967
1967-05-18,0.492092
1967-05-19,0.519775
1967-05-22,0.566984
1967-05-23,0.566868
1967-05-24,0.537094
1967-05-25,0.526486
1967-05-26,0.482048
1967-05-29,0.449732
1967-05-31,0.493962
1967-06-01,0.496375
1967-06-02,0.484885
1967-06-05,0.499762
1967-06-06,0.551021
1967-06-07,0.536606
1967-06-08,0.542698
1967-06-09,0.551348
1967-06-12,0.590841
1967-06-13,0.587932
1967-06-14,0.613687
1967-06-15,0.616292
1967-06-16,0.658638
1967-06-19,0.665422
1967-06-20,0.703689
1967-06-21,0.679816
1967-06-22,0.680849
1967-06-23,0.704429
1967-06-26,0.721495
1967-06-27,0.726075
1967-06-28,0.680938
1967-06-29,0.670483
1967-06-30,0.671240
1967-07-03,0.642297
1967-07-05,0.570525
1967-07-06,0.543571
1967-07-07,0.577718
1967-07-10,0.587778
1967-07-11,0.532546
1967-07-12,0.497591
1967-07-13,0.514974
1967-07-14,0.507267
1967-07-17,0.492666
1967-07-18,0.539533
1967-07-19,0.550825
1967-07-20,0.549538
1967-07-21,0.535681
1967-07-24,0.565982
1967-07-25,0.506570
1967-07-26,0.495262
1967-07-27,0.439176
1967-07-28,0.416785
1967-07-31,0.405340
1967-08-01,0.423600
1967-08-02,0.464820
1967-08-03,0.439788
1967-08-04,0.474991
1967-08-07,0.534116
1967-08-08,0.478232
1967-08-09,0.474566
1967-08-10,0.509127
1967-08-11,0.531386
1967-08-14,0.550464
1967-08-15,0.540297
1967-08-16,0.533936
1967-08-17,0.725212
1967-08-18,0.781523
1967-08-21,0.635185
1967-08-22,0.641089
1967-08-23,0.649917
1967-08-24,0.626011
1967-08-25,0.621151
1967-08-28,0.583974
1967-08-29,0.583375
1967-08-30,0.605688
1967-08-31,0.599490
1967-09-01,0.581504
1967-09-05,0.578396
1967-09-06,0.567509
1967-09-07,0.573597
1967-09-08,0.607998
1967-09-11,0.607885
1967-09-12,0.624570
1967-09-13,0.615817
1967-09-14,0.619450
1967-09-15,0.616564
1967-09-18,0.618390
1967-09-19,0.632784
1967-09-20,0.604159
1967-09-21,0.607202
1967-09-22,0.625389
1967-09-25,0.624717
1967-09-26,0.635626
1967-09-27,0.631554
1967-09-28,0.619745
1967-09-29,0.545622
1967-10-02,0.549411
1967-10-03,0.588455
1967-10-04,0.738947
1967-10-05,0.721296
1967-10-06,0.731754
1967-10-09,0.750362
1967-10-10,0.772216
1967-10-11,0.763687
1967-10-13,0.784475
1967-10-16,0.800183
1967-10-17,0.801137
1967-10-18,0.770777
1967-10-19,0.792189
1967-10-20,0.725403
1967-10-23,0.761195
1967-10-24,0.776290
1967-10-25,0.768241
1967-10-26,0.786350
1967-10-27,0.773147
1967-10-30,0.768253
1967-10-31,0.801187
1967-11-01,0.843282
1967-11-02,0.840209
1967-11-03,0.852797
1967-11-06,0.870869
1967-11-08,0.799960
1967-11-09,0.836867
1967-11-10,0.885493
1967-11-13,0.893334
1967-11-14,0.826211
1967-11-15,0.769878
1967-11-16,0.641826
1967-11-17,0.669354
1967-11-20,0.813995
1967-11-21,0.756975
1967-11-22,0.807608
1967-11-24,0.842388
1967-11-27,0.789891
1967-11-28,0.755944
1967-11-29,0.738877
1967-11-30,0.742681
1967-12-01,0.740858
1967-12-04,0.755762
1967-12-05,0.749123
1967-12-06,0.737320
1967-12-07,0.712472
1967-12-08,0.723630
1967-12-11,0.733962
1967-12-12,0.723397
1967-12-13,0.701539
1967-12-14,0.725819
1967-12-15,0.703419
1967-12-18,0.728065
1967-12-19,0.682637
1967-12-20,0.637821
1967-12-21,0.689839
1967-12-22,0.677954
1967-12-26,0.667034
1967-12-27,0.671120
1967-12-28,0.741842
1967-12-29,0.726035
1968-01-02,0.645635
1968-01-03,0.657904
1968-01-04,0.587999
1968-01-05,0.574043
1968-01-08,0.600942
1968-01-09,0.608735
1968-01-10,0.590808
1968-01-11,0.615509
1968-01-12,0.602003
1968-01-15,0.663993
1968-01-16,0.704803
1968-01-17,0.676216
1968-01-18,0.730795
1968-01-19,0.736924
1968-01-22,0.739652
1968-01-23,0.705649
1968-01-24,0.727111
1968-01-25,0.699427
1968-01-26,0.692225
1968-01-29,0.716136
1968-01-30,0.712600
1968-01-31,0.728835
1968-02-01,0.780898
1968-02-02,0.789669
1968-02-05,0.797195
1968-02-06,0.796771
1968-02-07,0.788693
1968-02-08,0.800766
1968-02-09,0.777961
1968-02-13,0.738127
1968-02-14,0.727959
1968-02-15,0.719967
1968-02-16,0.669795
1968-02-19,0.701559
1968-02-20,0.687501
1968-02-21,0.699798
1968-02-23,0.714933
1968-02-26,0.741347
1968-02-27,0.719816
1968-02-28,0.728763
1968-02-29,0.727651
1968-03-01,0.721540
1968-03-04,0.739891
1968-03-05,0.762525
1968-03-06,0.785309
1968-03-07,0.828306
1968-03-08,0.813929
1968-03-11,0.859274
1968-03-12,0.891505
1968-03-13,0.945994
1968-03-14,0.980752
1968-03-15,0.895661
1968-03-18,0.833682
1968-03-19,0.843922
1968-03-20,0.759865
1968-03-21,0.851491
1968-03-22,0.822985
1968-03-25,0.823179
1968-03-26,0.866021
1968-03-27,0.864675
1968-03-28,0.884918
1968-03-29,0.861431
1968-04-01,0.810908
1968-04-02,0.762049
1968-04-03,0.649407
1968-04-04,0.607995
1968-04-05,0.652582
1968-04-08,0.649265
1968-04-10,0.615677
1968-04-11,0.623467
1968-04-15,0.673866
1968-04-16,0.699493
1968-04-17,0.714310
1968-04-18,0.755045
1968-04-19,0.817459
1968-04-22,0.850158
1968-04-23,0.780804
1968-04-24,0.797974
1968-04-25,0.806003
1968-04-26,0.795490
1968-04-29,0.808038
1968-04-30,0.803476
1968-05-01,0.772876
1968-05-02,0.791859
1968-05-03,0.818945
1968-05-06,0.803880
1968-05-07,0.814520
1968-05-08,0.819803
1968-05-09,0.801091
1968-05-10,0.792168
1968-05-13,0.793403
1968-05-14,0.811465
1968-05-15,0.786830
1968-05-16,0.809742
1968-05-17,0.807794
1968-05-20,0.819054
1968-05-21,0.846592
1968-05-22,0.823298
1968-05-23,0.784853
1968-05-24,0.769255
1968-05-27,0.748533
1968-05-28,0.769871
1968-05-29,0.772045
1968-05-31,0.710540
1968-06-03,0.665943
1968-06-04,0.670975
1968-06-05,0.706076
1968-06-06,0.684377
1968-06-07,0.680480
1968-06-10,0.652833
1968-06-11,0.658321
1968-06-12,0.652517
1968-06-13,0.627334
1968-06-14,0.598936
1968-06-17,0.628881
1968-06-18,0.622901
1968-06-19,0.648005
1968-06-20,1.426563
1968-06-21,1.447397
1968-06-24,1.264233
1968-06-25,1.069553
1968-06-26,1.063940
1968-06-27,1.103426
1968-06-28,1.303625
1968-07-01,1.364495
1968-07-02,1.461040
1968-07-03,1.602041
1968-07-05,1.400770
1968-07-08,1.314669
1968-07-09,1.224839
1968-07-10,1.109987
1968-07-11,1.122583
1968-07-12,1.183397
1968-07-15,1.155766
1968-07-16,1.149485
1968-07-17,1.265879
1968-07-18,1.336781
1968-07-19,1.332115
1968-07-22,1.477578
1968-07-23,1.667198
1968-07-24,1.569765
1968-07-25,1.766751
1968-07-26,1.694790
1968-07-29,1.684077
1968-07-30,1.665247
1968-07-31,1.616991
1968-08-01,1.903625
1968-08-02,1.804618
1968-08-05,1.644940
1968-08-06,1.599427
1968-08-07,1.902064
1968-08-08,1.864994
1968-08-09,1.702943
1968-08-12,0.720456
1968-08-13,0.701355
1968-08-14,0.704121
1968-08-15,0.750292
1968-08-16,0.726360
1968-08-19,0.681259
1968-08-20,0.662386
1968-08-21,0.665610
1968-08-22,0.692542
1968-08-23,0.693253
1968-08-26,0.706774
1968-08-27,0.706979
1968-08-28,0.699055
1968-08-29,0.692130
1968-08-30,0.714476
1968-09-03,0.738759
1968-09-04,0.740072
1968-09-05,0.758670
1968-09-06,0.742920
1968-09-09,0.713938
1968-09-10,0.715346
1968-09-11,0.695607
1968-09-12,0.753353
1968-09-13,0.711706
1968-09-16,0.708916
1968-09-17,0.746308
1968-09-18,0.727671
1968-09-19,0.715955
1968-09-20,0.703829
1968-09-23,0.694647
1968-09-24,0.699443
1968-09-25,0.756594
1968-09-26,0.708801
1968-09-27,0.697271
1968-09-30,0.711115
1968-10-01,0.743041
1968-10-02,0.744238
1968-10-03,0.757257
1968-10-04,0.766842
1968-10-07,0.765087
1968-10-08,0.787435
1968-10-09,0.776497
1968-10-10,0.780072
1968-10-11,0.790810
1968-10-14,0.793094
1968-10-15,0.781811
1968-10-16,0.772766
1968-10-17,0.763967
1968-10-18,0.754713
1968-10-21,0.758231
1968-10-22,0.758208
1968-10-23,0.747586
1968-10-24,0.801621
1968-10-25,0.820078
1968-10-28,0.816875
1968-10-29,0.791519
1968-10-30,0.796866
1968-10-31,0.794519
1968-11-01,0.801551
1968-11-04,0.775360
1968-11-06,0.803789
1968-11-07,0.804030
1968-11-08,0.812883
1968-11-12,0.831438
1968-11-13,0.844447
1968-11-14,0.870475
1968-11-15,0.861744
1968-11-18,0.710822
1968-11-19,0.710444
1968-11-20,0.703006
1968-11-21,0.692144
1968-11-22,0.684961
1968-11-25,0.713901
1968-11-26,0.723748
1968-11-27,0.707083
1968-11-29,0.706886
1968-12-02,0.781087
1968-12-03,0.822073
1968-12-04,0.839970
1968-12-05,0.834540
1968-12-06,0.813397
1968-12-09,0.841598
1968-12-10,0.870629
1968-12-11,0.876637
1968-12-12,0.855786
1968-12-13,0.855748
1968-12-16,0.862561
1968-12-17,0.859561
1968-12-18,0.885421
1968-12-19,0.881511
1968-12-20,0.821483
1968-12-23,0.842123
1968-12-24,0.843810
1968-12-26,0.843895
1968-12-27,0.844054
1968-12-30,0.868385
1968-12-31,0.840944
1969-01-02,0.791748
1969-01-03,0.772007
1969-01-06,0.815586
1969-01-07,0.868213
1969-01-08,0.858165
1969-01-09,0.846328
1969-01-10,0.834686
1969-01-13,0.825468
1969-01-14,0.826172
1969-01-15,0.782635
1969-01-16,0.725568
1969-01-17,0.735108
1969-01-20,0.731862
1969-01-21,0.778547
1969-01-22,0.810498
1969-01-23,0.794668
1969-01-24,0.779561
1969-01-27,0.793927
1969-01-28,0.804229
1969-01-29,0.828828
1969-01-30,0.828619
1969-01-31,0.849273
1969-02-03,0.851640
1969-02-04,0.842651
1969-02-05,0.850843
1969-02-06,0.874036
1969-02-07,0.826256
1969-02-10,0.826255
1969-02-11,0.819894
1969-02-13,0.836596
1969-02-14,0.852381
1969-02-17,0.727750
1969-02-18,0.762902
1969-02-19,0.793790
1969-02-20,0.815062
1969-02-21,0.837951
1969-02-24,0.820425
1969-02-25,0.845262
1969-02-26,0.861124
1969-02-27,0.884448
1969-02-28,0.630937
1969-03-03,0.613605
1969-03-04,0.635959
1969-03-05,0.616310
1969-03-06,0.619593
1969-03-07,0.590273
1969-03-10,0.612457
1969-03-11,0.704011
1969-03-12,0.812546
1969-03-13,0.833124
1969-03-14,0.863104
1969-03-17,0.870972
1969-03-18,0.909157
1969-03-19,0.920868
1969-03-20,0.929066
1969-03-21,0.816363
1969-03-24,1.102501
1969-03-25,1.091200
1969-03-26,1.070521
1969-03-27,1.132835
1969-03-28,1.113176
1969-04-01,0.921898
1969-04-02,0.862520
1969-04-03,0.881940
1969-04-07,0.884987
1969-04-08,0.882264
1969-04-09,0.834086
1969-04-10,0.837216
1969-04-11,0.836591
1969-04-14,0.776141
1969-04-15,0.824992
1969-04-16,0.811569
1969-04-17,0.824080
1969-04-18,0.822683
1969-04-21,0.815946
1969-04-22,0.798714
1969-04-23,0.803934
1969-04-24,0.843958
1969-04-25,0.857650
1969-04-28,0.908686
1969-04-29,0.938771
1969-04-30,0.938389
1969-05-01,0.985156
1969-05-02,0.962714
1969-05-05,0.947953
1969-05-06,0.952756
1969-05-07,0.961490
1969-05-08,0.949211
1969-05-09,0.926307
1969-05-12,0.952914
1969-05-13,0.936094
1969-05-14,0.942137
1969-05-15,0.957464
1969-05-16,0.983670
1969-05-19,1.007352
1969-05-20,1.015132
1969-05-21,1.021162
1969-05-22,1.055862
1969-05-23,1.000711
1969-05-26,1.001007
1969-05-27,0.979495
1969-05-28,1.012709
1969-05-29,1.007164
1969-06-02,0.981737
1969-06-03,0.950925
1969-06-04,0.942076
1969-06-05,0.875611
1969-06-06,0.864581
1969-06-09,0.935429
1969-06-10,0.902744
1969-06-11,0.881186
1969-06-12,0.831490
1969-06-13,0.810210
1969-06-16,0.847673
1969-06-17,0.858467
1969-06-18,0.867040
1969-06-19,0.871918
1969-06-20,0.797526
1969-06-23,0.757044
1969-06-24,0.835022
1969-06-25,0.894179
1969-06-26,0.847718
1969-06-27,0.812595
1969-06-30,0.787457
1969-07-01,0.698141
1969-07-02,0.679997
1969-07-03,0.647773
1969-07-07,0.562121
1969-07-08,0.477110
1969-07-09,0.442280
1969-07-10,0.420119
1969-07-11,0.396731
1969-07-14,0.347680
1969-07-15,0.307627
1969-07-16,0.322999
1969-07-17,0.205617
1969-07-18,0.170702
1969-07-22,0.206971
1969-07-23,0.302779
1969-07-24,0.362739
1969-07-25,0.361700
1969-07-28,0.299956
1969-07-29,0.329545
1969-07-30,0.265754
1969-07-31,0.281195
1969-08-01,0.226964
1969-08-04,0.255857
1969-08-05,0.285183
1969-08-06,0.219775
1969-08-07,0.189807
1969-08-08,0.107750
1969-08-11,0.153591
1969-08-12,0.083416
1969-08-13,0.099122
1969-08-14,-0.018960
1969-08-15,0.017658
1969-08-18,0.174331
1969-08-19,0.204309
1969-08-20,0.201112
1969-08-21,0.078920
1969-08-22,0.090029
1969-08-25,0.156072
1969-08-26,0.351224
1969-08-27,0.390564
1969-08-28,0.425661
1969-08-29,0.633523
1969-09-02,0.585915
1969-09-03,0.619786
1969-09-04,0.601023
1969-09-05,0.487192
1969-09-08,0.514119
1969-09-09,0.756648
1969-09-10,0.837618
1969-09-11,0.678698
1969-09-12,0.648905
1969-09-15,0.622327
1969-09-16,0.604070
1969-09-17,0.623493
1969-09-18,0.839491
1969-09-19,0.895085
1969-09-22,0.883275
1969-09-23,0.932793
1969-09-24,0.886468
1969-09-25,0.867684
1969-09-26,0.787914
1969-09-29,0.728194
1969-09-30,0.849216
1969-10-01,0.133573
1969-10-02,0.675950
1969-10-03,0.706030
1969-10-06,0.943340
1969-10-07,0.873440
1969-10-08,1.047265
1969-10-09,1.095006
1969-10-10,1.191742
1969-10-14,1.214381
1969-10-15,1.189160
1969-10-16,0.494951
1969-10-17,0.629547
1969-10-20,0.503623
1969-10-21,0.483789
1969-10-22,0.497908
1969-10-23,0.351958
1969-10-24,0.404266
1969-10-27,0.408268
1969-10-28,0.263863
1969-10-29,0.156391
1969-10-30,0.126327
1969-10-31,0.169281
1969-11-03,0.195418
1969-11-05,-0.016038
1969-11-06,-0.112485
1969-11-07,0.005724
1969-11-10,-0.053210
1969-11-12,-0.055576
1969-11-13,-0.153993
1969-11-14,-0.154577
1969-11-17,-0.162120
1969-11-18,0.081552
1969-11-19,-0.001001
1969-11-20,-0.147599
1969-11-21,-0.135904
1969-11-24,0.556743
1969-11-25,0.704118
1969-11-26,0.867268
1969-11-28,0.956374
1969-12-01,1.026458
1969-12-02,1.054633
1969-12-03,0.956387
1969-12-04,0.937402
1969-12-05,0.953469
1969-12-08,1.007347
1969-12-09,0.409276
1969-12-10,-0.006135
1969-12-11,0.212300
1969-12-12,0.892579
1969-12-15,0.301277
1969-12-16,0.282618
1969-12-17,0.356949
1969-12-18,0.438759
1969-12-19,0.561471
1969-12-22,1.311124
1969-12-23,0.560357
1969-12-24,0.567462
1969-12-26,0.522325
1969-12-29,0.014357
1969-12-30,0.138156
1969-12-31,0.163554
1970-01-02,0.277501
1970-01-05,0.430185
1970-01-06,0.460034
1970-01-07,0.526783
1970-01-08,0.696819
1970-01-09,0.510022
1970-01-12,0.341275
1970-01-13,0.305942
1970-01-14,-0.038304
1970-01-15,0.033181
1970-01-16,0.081633
1970-01-19,0.095212
1970-01-20,0.119682
1970-01-21,0.116443
1970-01-22,0.233865
1970-01-23,0.292468
1970-01-26,0.296630
1970-01-27,0.264321
1970-01-28,0.329273
1970-01-29,0.729288
1970-01-30,1.002787
1970-02-02,1.303254
1970-02-03,1.368508
1970-02-04,1.272029
1970-02-05,1.268096
1970-02-06,1.110907
1970-02-09,0.994332
1970-02-10,0.470035
1970-02-11,0.505053
1970-02-13,0.489455
1970-02-16,0.433765
1970-02-17,0.523582
1970-02-18,0.281116
1970-02-19,0.158701
1970-02-20,0.264724
1970-02-24,0.163680
1970-02-25,0.133713
1970-02-26,0.138269
1970-02-27,0.479427
1970-03-02,0.578731
1970-03-03,0.734356
1970-03-04,0.854654
1970-03-05,0.932411
1970-03-06,0.746658
1970-03-09,0.738912
1970-03-10,0.873512
1970-03-11,0.841751
1970-03-12,0.856306
1970-03-13,0.700958
1970-03-16,0.760314
1970-03-17,0.753087
1970-03-18,0.971773
1970-03-19,0.942987
1970-03-20,0.635450
1970-03-23,0.448140
1970-03-24,1.059506
1970-03-25,1.285802
1970-03-26,1.091459
1970-03-30,1.242323
1970-03-31,1.154071
1970-04-01,1.143886
1970-04-02,1.193419
1970-04-03,1.082078
1970-04-06,0.987147
1970-04-07,1.217037
1970-04-08,1.382826
1970-04-09,1.448057
1970-04-10,1.356936
1970-04-13,1.156952
1970-04-14,1.081817
1970-04-15,1.137124
1970-04-16,0.592078
1970-04-17,0.436614
1970-04-20,0.521946
1970-04-21,0.544021
1970-04-22,0.760231
1970-04-23,1.179468
1970-04-24,1.426469
1970-04-27,1.475809
1970-04-28,1.354612
1970-04-29,1.787922
1970-04-30,1.626971
1970-05-01,1.571967
1970-05-04,1.204195
1970-05-05,1.164116
1970-05-06,1.016592
1970-05-07,1.833632
1970-05-08,1.755918
1970-05-11,1.723643
1970-05-12,1.722878
1970-05-13,1.727481
1970-05-14,1.787321
1970-05-15,1.657038
1970-05-18,1.553563
1970-05-19,1.563949
1970-05-20,1.664231
1970-05-21,1.605290
1970-05-22,1.510843
1970-05-25,1.315889
1970-05-26,1.180656
1970-05-27,1.371254
1970-05-28,1.317923
1970-05-29,1.335203
1970-06-01,1.436051
1970-06-02,1.436407
1970-06-03,1.447269
1970-06-04,1.485209
1970-06-05,1.574126
1970-06-08,1.635567
1970-06-09,1.600420
1970-06-10,1.610649
1970-06-11,1.679498
1970-06-12,1.532958
1970-06-15,1.533660
1970-06-16,1.541845
1970-06-17,1.521141
1970-06-18,1.443845
1970-06-19,1.317753
1970-06-22,1.365623
1970-06-23,1.470924
1970-06-24,1.424082
1970-06-25,1.428854
1970-06-26,1.439895
1970-06-29,1.400928
1970-06-30,1.554306
1970-07-01,1.689211
1970-07-02,1.691842
1970-07-06,1.632978
1970-07-07,1.652280
1970-07-08,1.663480
1970-07-09,1.613782
1970-07-10,1.597172
1970-07-13,1.617568
1970-07-14,1.584298
1970-07-15,1.539033
1970-07-16,1.582471
1970-07-17,1.545617
1970-07-20,1.529589
1970-07-21,1.577349
1970-07-22,1.602733
1970-07-23,1.628236
1970-07-24,1.651693
1970-07-27,1.648655
1970-07-28,1.665519
1970-07-29,1.672544
1970-07-30,1.569557
1970-07-31,1.545812
1970-08-03,1.433980
1970-08-04,1.399468
1970-08-05,1.440203
1970-08-06,1.540684
1970-08-07,1.532846
1970-08-10,1.528518
1970-08-11,1.516327
1970-08-12,1.530818
1970-08-13,1.677663
1970-08-14,1.678864
1970-08-17,1.736603
1970-08-18,1.684153
1970-08-19,1.629082
1970-08-20,1.626394
1970-08-21,1.508359
1970-08-24,1.563603
1970-08-25,1.591058
1970-08-26,1.587185
1970-08-27,1.682710
1970-08-28,1.656254
1970-08-31,1.642869
1970-09-01,1.635992
1970-09-02,1.623093
1970-09-03,1.634268
1970-09-04,1.681614
1970-09-08,1.679545
1970-09-09,1.723307
1970-09-10,1.729725
1970-09-11,1.742195
1970-09-14,1.735914
1970-09-15,1.751226
1970-09-16,1.827609
1970-09-17,1.816672
1970-09-18,1.769888
1970-09-21,1.838464
1970-09-22,1.705767
1970-09-23,1.799535
1970-09-24,1.762044
1970-09-25,1.758264
1970-09-28,1.725683
1970-09-29,1.704486
1970-09-30,1.729488
1970-10-01,1.704202
1970-10-02,1.691474
1970-10-05,1.674827
1970-10-06,1.654558
1970-10-07,1.631025
1970-10-08,1.586305
1970-10-09,1.580152
1970-10-13,1.592688
1970-10-14,1.646614
1970-10-15,1.686466
1970-10-16,1.673531
1970-10-19,1.717727
1970-10-20,1.717342
1970-10-21,1.721140
1970-10-22,1.777265
1970-10-23,1.808067
1970-10-26,1.773562
1970-10-27,1.734066
1970-10-28,1.709964
1970-10-29,1.645283
1970-10-30,1.637606
1970-11-02,1.629287
1970-11-04,1.639917
1970-11-05,1.644031
1970-11-06,1.665820
1970-11-09,1.602874
1970-11-10,1.610503
1970-11-12,1.641075
1970-11-13,1.680843
1970-11-16,1.682238
1970-11-17,1.748654
1970-11-18,1.859675
1970-11-19,1.793704
1970-11-20,1.720294
1970-11-23,1.917268
1970-11-24,1.944403
1970-11-25,1.904704
1970-11-27,1.902664
1970-11-30,2.009846
1970-12-01,1.934572
1970-12-02,1.786903
1970-12-03,1.823200
1970-12-04,1.641987
1970-12-07,1.666272
1970-12-08,1.661784
1970-12-09,1.708308
1970-12-10,1.652051
1970-12-11,1.554126
1970-12-14,1.522532
1970-12-15,1.556862
1970-12-16,1.535916
1970-12-17,1.582281
1970-12-18,1.548961
1970-12-21,1.570456
1970-12-22,1.559681
1970-12-23,1.549969
1970-12-24,1.468693
1970-12-28,1.483844
1970-12-29,1.487626
1970-12-30,1.417082
1970-12-31,1.439626
1971-01-04,1.485269
1971-01-05,1.551109
1971-01-06,1.544708
1971-01-07,1.589226
1971-01-08,1.619452
1971-01-11,1.617683
1971-01-12,1.638136
1971-01-13,1.661853
1971-01-14,1.771228
1971-01-15,1.800034
1971-01-18,1.826900
1971-01-19,1.538617
1971-01-20,1.563955
1971-01-21,1.805577
1971-01-22,1.973961
1971-01-25,2.203548
1971-01-26,2.373085
1971-01-27,2.307890
1971-01-28,2.244824
1971-01-29,2.231094
1971-02-01,2.191979
1971-02-02,2.150620
1971-02-03,2.121600
1971-02-04,2.172115
1971-02-05,2.365187
1971-02-08,2.397476
1971-02-09,2.542913
1971-02-10,2.538319
1971-02-11,2.527215
1971-02-16,1.987399
1971-02-17,2.018818
1971-02-18,1.942636
1971-02-19,1.883000
1971-02-22,1.889324
1971-02-23,1.893770
1971-02-24,1.924950
1971-02-25,2.038609
1971-02-26,2.182537
1971-03-01,2.392786
1971-03-02,2.448105
1971-03-03,2.435775
1971-03-04,2.438567
1971-03-05,2.366967
1971-03-08,2.394027
1971-03-09,2.459258
1971-03-10,2.405002
1971-03-11,2.500769
1971-03-12,2.468778
1971-03-15,2.364992
1971-03-16,2.412541
1971-03-17,2.479711
1971-03-18,2.442305
1971-03-19,2.363617
1971-03-22,2.178930
1971-03-23,2.202405
1971-03-24,1.990497
1971-03-25,1.892708
1971-03-26,1.805992
1971-03-29,1.909680
1971-03-30,1.955456
1971-03-31,1.937534
1971-04-01,2.390103
1971-04-02,2.374296
1971-04-05,2.285683
1971-04-06,2.057158
1971-04-07,1.937781
1971-04-08,2.024361
1971-04-12,1.870542
1971-04-13,1.659931
1971-04-14,1.760440
1971-04-15,1.624483
1971-04-16,1.579211
1971-04-19,1.626160
1971-04-20,1.792445
1971-04-21,1.770699
1971-04-22,1.739539
1971-04-23,1.720032
1971-04-26,1.675372
1971-04-27,1.627535
1971-04-28,1.641431
1971-04-29,1.763739
1971-04-30,1.655249
1971-05-03,1.637130
1971-05-04,1.669278
1971-05-05,1.654613
1971-05-06,1.637417
1971-05-07,1.635982
1971-05-10,1.580928
1971-05-11,1.617218
1971-05-12,1.626826
1971-05-13,1.636475
1971-05-14,1.639794
1971-05-17,1.748797
1971-05-18,1.849023
1971-05-19,1.908105
1971-05-20,1.894206
1971-05-21,1.840043
1971-05-24,1.793671
1971-05-25,1.801689
1971-05-26,1.848798
1971-05-27,1.746363
1971-05-28,1.747007
1971-06-01,1.761564
1971-06-02,1.755776
1971-06-03,1.751670
1971-06-04,1.761377
1971-06-07,1.766207
1971-06-08,1.717292
1971-06-09,1.791315
1971-06-10,1.776042
1971-06-11,1.682667
1971-06-14,1.769513
1971-06-15,1.722783
1971-06-16,1.637471
1971-06-17,1.617251
1971-06-18,1.647166
1971-06-21,1.583337
1971-06-22,1.598444
1971-06-23,1.525939
1971-06-24,1.577177
1971-06-25,1.557196
1971-06-28,1.546941
1971-06-29,1.594054
1971-06-30,1.604054
1971-07-01,1.596805
1971-07-02,1.600353
1971-07-06,1.578859
1971-07-07,1.583599
1971-07-08,1.593521
1971-07-09,1.631380
1971-07-12,1.598024
1971-07-13,1.649812
1971-07-14,1.662885
1971-07-15,1.682945
1971-07-16,1.691663
1971-07-19,1.688307
1971-07-20,1.668499
1971-07-21,1.694923
1971-07-22,1.728265
1971-07-23,1.730480
1971-07-26,1.728327
1971-07-27,1.732868
1971-07-28,1.715187
1971-07-29,1.695736
1971-07-30,1.664498
1971-08-02,1.648108
1971-08-03,1.682565
1971-08-04,1.666151
1971-08-05,1.655353
1971-08-06,1.624428
1971-08-09,1.636107
1971-08-10,1.648902
1971-08-11,1.619978
1971-08-12,1.534471
1971-08-13,1.431344
1971-08-16,1.212486
1971-08-17,1.170026
1971-08-18,1.537064
1971-08-19,1.571820
1971-08-20,1.438782
1971-08-23,1.439379
1971-08-24,1.423770
1971-08-25,1.412454
1971-08-26,1.395793
1971-08-27,1.416888
1971-08-30,1.478344
1971-08-31,1.364763
1971-09-01,1.361228
1971-09-02,1.236348
1971-09-03,1.241951
1971-09-07,1.261397
1971-09-08,1.234329
1971-09-09,1.270963
1971-09-10,1.255707
1971-09-13,1.286016
1971-09-14,1.238372
1971-09-15,1.347861
1971-09-16,1.336926
1971-09-17,1.219119
1971-09-20,1.300963
1971-09-21,1.314848
1971-09-22,1.334255
1971-09-23,1.362035
1971-09-24,1.341572
1971-09-27,1.345434
1971-09-28,1.348508
1971-09-29,1.325468
1971-09-30,1.270716
1971-10-01,1.293913
1971-10-04,0.987576
1971-10-05,0.967002
1971-10-06,0.985687
1971-10-07,0.964199
1971-10-08,0.992131
1971-10-12,1.040666
1971-10-13,1.181613
1971-10-14,1.334791
1971-10-15,1.212217
1971-10-18,1.355819
1971-10-19,1.212684
1971-10-20,1.194759
1971-10-21,1.220988
1971-10-22,1.225986
1971-10-26,1.271422
1971-10-27,1.318309
1971-10-28,1.411615
1971-10-29,1.373827
1971-11-01,1.243646
1971-11-03,1.353381
1971-11-04,1.307111
1971-11-05,1.272684
1971-11-08,1.306452
1971-11-09,1.319119
1971-11-10,1.317683
1971-11-11,1.331957
1971-11-12,1.325027
1971-11-15,1.443873
1971-11-16,1.445330
1971-11-17,1.442674
1971-11-18,1.440822
1971-11-19,1.434338
1971-11-22,1.470596
1971-11-23,1.459426
1971-11-24,1.519066
1971-11-26,1.445141
1971-11-29,1.470615
1971-11-30,1.551677
1971-12-01,1.549176
1971-12-02,1.590862
1971-12-03,1.594282
1971-12-06,1.525905
1971-12-07,1.564814
1971-12-08,1.579460
1971-12-09,1.573454
1971-12-10,1.593047
1971-12-13,1.604548
1971-12-14,1.623538
1971-12-15,1.637406
1971-12-16,1.651968
1971-12-17,1.670446
1971-12-20,1.649295
1971-12-21,1.677018
1971-12-22,1.701998
1971-12-23,1.726782
1971-12-27,1.737092
1971-12-28,1.704330
1971-12-29,1.664025
1971-12-30,1.675811
1971-12-31,1.671931
1972-01-03,1.684991
1972-01-04,1.721681
1972-01-05,1.770441
1972-01-06,1.775350
1972-01-07,1.782675
1972-01-10,1.795871
1972-01-11,1.744042
1972-01-12,1.790692
1972-01-13,1.831073
1972-01-14,1.841652
1972-01-17,1.873976
1972-01-18,1.852822
1972-01-19,1.794828
1972-01-20,1.817445
1972-01-21,1.808536
1972-01-24,1.738466
1972-01-25,1.708205
1972-01-26,1.739328
1972-01-27,1.800499
1972-01-28,1.808973
1972-01-31,1.768391
1972-02-01,1.718532
1972-02-02,1.749888
1972-02-03,1.709065
1972-02-04,1.709530
1972-02-07,1.738845
1972-02-08,1.751908
1972-02-09,1.765551
1972-02-10,1.771983
1972-02-11,1.811517
1972-02-14,1.756195
1972-02-15,1.798549
1972-02-16,1.945818
1972-02-17,1.915346
1972-02-18,1.890446
1972-02-22,1.908710
1972-02-23,1.859128
1972-02-24,1.853512
1972-02-25,1.853801
1972-02-28,1.824268
1972-02-29,1.803104
1972-03-01,1.832189
1972-03-02,1.843818
1972-03-03,1.830397
1972-03-06,1.836879
1972-03-07,1.817746
1972-03-08,1.797876
1972-03-09,1.764867
1972-03-10,1.676293
1972-03-13,1.631760
1972-03-14,1.546277
1972-03-15,1.495546
1972-03-16,1.496894
1972-03-17,1.437842
1972-03-20,1.447850
1972-03-21,1.483699
1972-03-22,1.515357
1972-03-23,1.467898
1972-03-24,1.442558
1972-03-27,1.423413
1972-03-28,1.426217
1972-03-29,1.405109
1972-03-30,1.393317
1972-04-03,1.416463
1972-04-04,1.432754
1972-04-05,1.445779
1972-04-06,1.460214
1972-04-07,1.460136
1972-04-10,1.454597
1972-04-11,1.482624
1972-04-12,1.501248
1972-04-13,1.525431
1972-04-14,1.529454
1972-04-17,1.541338
1972-04-18,1.546633
1972-04-19,1.543368
1972-04-20,1.549874
1972-04-21,1.594062
1972-04-24,1.614391
1972-04-25,1.675112
1972-04-26,1.655186
1972-04-27,1.634819
1972-04-28,1.587482
1972-05-01,1.608116
1972-05-02,1.612930
1972-05-03,1.611786
1972-05-04,1.591989
1972-05-05,1.602673
1972-05-08,1.583563
1972-05-09,1.566513
1972-05-10,1.564397
1972-05-11,1.573618
1972-05-12,1.572414
1972-05-15,1.568940
1972-05-16,1.546144
1972-05-17,1.524644
1972-05-18,1.604115
1972-05-19,1.593027
1972-05-22,1.629486
1972-05-23,1.639896
1972-05-24,1.648009
1972-05-25,1.692737
1972-05-26,1.684282
1972-05-30,1.670264
1972-05-31,1.644216
1972-06-01,1.607027
1972-06-02,1.606076
1972-06-05,1.587874
1972-06-06,1.585397
1972-06-07,1.588633
1972-06-08,1.590755
1972-06-09,1.575166
1972-06-12,1.552601
1972-06-13,1.533559
1972-06-14,1.521774
1972-06-15,1.487261
1972-06-16,1.473712
1972-06-19,1.451654
1972-06-20,1.454713
1972-06-21,1.441660
1972-06-22,1.414614
1972-06-23,1.384048
1972-06-26,1.348961
1972-06-27,1.365414
1972-06-28,1.359422
1972-06-29,1.334626
1972-06-30,1.313645
1972-07-03,1.315254
1972-07-05,1.306692
1972-07-06,1.317185
1972-07-07,1.324112
1972-07-10,1.310915
1972-07-11,1.315794
1972-07-12,1.315784
1972-07-13,1.315591
1972-07-14,1.321935
1972-07-17,1.339421
1972-07-18,1.344175
1972-07-19,1.351746
1972-07-20,1.368245
1972-07-21,1.384416
1972-07-24,1.394502
1972-07-25,1.386870
1972-07-26,1.406330
1972-07-27,1.483611
1972-07-28,1.456934
1972-07-31,1.462608
1972-08-01,1.470752
1972-08-02,1.512505
1972-08-03,1.504749
1972-08-04,1.492986
1972-08-07,1.477257
1972-08-08,1.466120
1972-08-09,1.464651
1972-08-10,1.482829
1972-08-11,1.478339
1972-08-14,1.475510
1972-08-15,1.532253
1972-08-16,1.529628
1972-08-17,1.530122
1972-08-18,1.504690
1972-08-21,1.464951
1972-08-22,1.437566
1972-08-23,1.435050
1972-08-24,1.439457
1972-08-25,1.420944
1972-08-28,1.419428
1972-08-29,1.422520
1972-08-30,1.435451
1972-08-31,1.425077
1972-09-01,1.452597
1972-09-05,1.468109
1972-09-06,1.471459
1972-09-07,1.514205
1972-09-08,1.547431
1972-09-11,1.564952
1972-09-12,1.532605
1972-09-13,1.523529
1972-09-14,1.507996
1972-09-15,1.522017
1972-09-18,1.522704
1972-09-19,1.519761
1972-09-20,1.506154
1972-09-21,1.504707
1972-09-22,1.459781
1972-09-25,1.452866
1972-09-26,1.470774
1972-09-27,1.436903
1972-09-28,1.395335
1972-09-29,1.348394
1972-10-02,1.388385
1972-10-03,1.369209
1972-10-04,1.378204
1972-10-05,1.370143
1972-10-06,1.309726
1972-10-10,1.348742
1972-10-11,1.334526
1972-10-12,1.336434
1972-10-13,1.323864
1972-10-16,1.316115
1972-10-17,1.308171
1972-10-18,1.320126
1972-10-19,1.305048
1972-10-20,1.313823
1972-10-24,1.308468
1972-10-25,1.303658
1972-10-26,1.303562
1972-10-27,1.305318
1972-10-30,1.305086
1972-10-31,1.301575
1972-11-01,1.306082
1972-11-02,1.302175
1972-11-03,1.312291
1972-11-06,1.303354
1972-11-08,1.300963
1972-11-09,1.295377
1972-11-10,1.310362
1972-11-13,1.330171
1972-11-14,1.323705
1972-11-15,1.311745
1972-11-16,1.321282
1972-11-17,1.304006
1972-11-20,1.292749
1972-11-21,1.333118
1972-11-22,1.318068
1972-11-24,1.319133
1972-11-27,1.299441
1972-11-28,1.304420
1972-11-29,1.289603
1972-11-30,1.291600
1972-12-01,1.298071
1972-12-04,1.284198
1972-12-05,1.284252
1972-12-06,1.270342
1972-12-07,1.269202
1972-12-08,1.277568
1972-12-11,1.272823
1972-12-12,1.282865
1972-12-13,1.287985
1972-12-14,1.288234
1972-12-15,1.273950
1972-12-18,1.276243
1972-12-19,1.286206
1972-12-20,1.284033
1972-12-21,1.249273
1972-12-22,1.252768
1972-12-26,1.240373
1972-12-27,1.211857
1972-12-28,1.201561
1972-12-29,1.190924
1973-01-02,1.166216
1973-01-03,1.182513
1973-01-04,1.177991
1973-01-05,1.174452
1973-01-08,1.176417
1973-01-09,1.170709
1973-01-10,1.164205
1973-01-11,1.149826
1973-01-12,1.132871
1973-01-15,1.113541
1973-01-16,1.113419
1973-01-17,1.110121
1973-01-18,1.128123
1973-01-19,1.140660
1973-01-22,1.131840
1973-01-23,1.122374
1973-01-24,1.124869
1973-01-25,1.115821
1973-01-26,1.066217
1973-01-29,1.080353
1973-01-30,1.092108
1973-01-31,1.082767
1973-02-01,1.108001
1973-02-02,1.115963
1973-02-05,1.126727
1973-02-06,1.129691
1973-02-07,1.157097
1973-02-08,1.164041
1973-02-09,1.155667
1973-02-13,1.138042
1973-02-14,1.144139
1973-02-15,1.129530
1973-02-16,1.107694
1973-02-20,1.028995
1973-02-21,1.011036
1973-02-22,1.007757
1973-02-23,0.979598
1973-02-26,0.941405
1973-02-27,0.944949
1973-02-28,0.927817
1973-03-01,0.920185
1973-03-02,0.875271
1973-03-05,0.861488
1973-03-06,0.823944
1973-03-07,0.827009
1973-03-08,0.820883
1973-03-09,0.807067
1973-03-12,0.813875
1973-03-13,0.864777
1973-03-14,0.937993
1973-03-15,0.951699
1973-03-16,0.925567
1973-03-19,0.844089
1973-03-20,0.956155
1973-03-21,0.952535
1973-03-22,0.934978
1973-03-23,0.902013
1973-03-26,0.957206
1973-03-27,0.915599
1973-03-28,0.915336
1973-03-29,0.906607
1973-03-30,0.895766
1973-04-02,0.904611
1973-04-03,0.910516
1973-04-04,0.900550
1973-04-05,0.899985
1973-04-06,0.889317
1973-04-09,0.919790
1973-04-10,0.928431
1973-04-11,0.945795
1973-04-12,0.950338
1973-04-13,0.922948
1973-04-16,0.948533
1973-04-17,0.956514
1973-04-18,0.980667
1973-04-19,0.965585
1973-04-23,0.897495
1973-04-24,0.915792
1973-04-25,0.952691
1973-04-26,1.029744
1973-04-27,1.029480
1973-04-30,1.028009
1973-05-01,1.026796
1973-05-02,1.041574
1973-05-03,1.052113
1973-05-04,1.057685
1973-05-07,1.055981
1973-05-08,1.070126
1973-05-09,1.083644
1973-05-10,1.095854
1973-05-11,1.082412
1973-05-14,1.081756
1973-05-15,1.119065
1973-05-16,1.110207
1973-05-17,1.065407
1973-05-18,1.222776
1973-05-21,1.077376
1973-05-22,1.057999
1973-05-23,1.011101
1973-05-24,0.986074
1973-05-25,0.990703
1973-05-29,0.988114
1973-05-30,0.953987
1973-05-31,0.942044
1973-06-01,0.913989
1973-06-04,0.901998
1973-06-05,0.854578
1973-06-06,0.794601
1973-06-07,0.803978
1973-06-08,0.797839
1973-06-11,0.795587
1973-06-12,0.773778
1973-06-13,0.773156
1973-06-14,0.779135
1973-06-15,0.787452
1973-06-18,0.781969
1973-06-19,0.768189
1973-06-20,0.775525
1973-06-21,0.779367
1973-06-22,0.792295
1973-06-25,0.809561
1973-06-26,0.818886
1973-06-27,0.746950
1973-06-28,0.769450
1973-06-29,0.740027
1973-07-02,0.712748
1973-07-03,0.693031
1973-07-05,0.678388
1973-07-06,0.683529
1973-07-09,0.712113
1973-07-10,0.699509
1973-07-11,0.735322
1973-07-12,0.732220
1973-07-13,0.730966
1973-07-16,0.743298
1973-07-17,0.740157
1973-07-18,0.725251
1973-07-19,0.756849
1973-07-20,0.785642
1973-07-23,0.759348
1973-07-24,0.747125
1973-07-25,0.759851
1973-07-26,0.829451
1973-07-27,0.865611
1973-07-30,0.911671
1973-07-31,0.916231
1973-08-01,0.765751
1973-08-02,0.697579
1973-08-03,0.648890
1973-08-06,0.563673
1973-08-07,0.497792
1973-08-08,0.505713
1973-08-09,0.530153
1973-08-10,0.512050
1973-08-13,0.526131
1973-08-14,0.585328
1973-08-15,0.621140
1973-08-16,0.753182
1973-08-17,0.790151
1973-08-20,0.733189
1973-08-21,0.741789
1973-08-22,0.725553
1973-08-23,0.847100
1973-08-24,0.913687
1973-08-27,0.811185
1973-08-28,0.817834
1973-08-29,0.895515
1973-08-30,0.849602
1973-08-31,0.837571
1973-09-04,0.807141
1973-09-05,0.825020
1973-09-06,0.772804
1973-09-07,0.848018
1973-09-10,0.664918
1973-09-11,0.628464
1973-09-12,0.677727
1973-09-13,0.740733
1973-09-14,0.788790
1973-09-17,0.968851
1973-09-18,0.972835
1973-09-19,1.002587
1973-09-20,1.093314
1973-09-21,1.077005
1973-09-24,1.229108
1973-09-25,1.199892
1973-09-26,1.199454
1973-09-27,1.173036
1973-09-28,1.238444
1973-10-01,1.199941
1973-10-02,1.041284
1973-10-03,1.084443
1973-10-04,1.026713
1973-10-05,1.160609
1973-10-09,1.146646
1973-10-10,1.024467
1973-10-11,0.985812
1973-10-12,1.036934
1973-10-15,1.011703
1973-10-16,1.027857
1973-10-17,1.089942
1973-10-18,1.097429
1973-10-19,1.082238
1973-10-23,1.044320
1973-10-24,1.017329
1973-10-25,1.025834
1973-10-26,0.955957
1973-10-29,0.944785
1973-10-30,0.955242
1973-10-31,0.897272
1973-11-01,0.834155
1973-11-02,0.861872
1973-11-05,0.780247
1973-11-07,0.717337
1973-11-08,0.695920
1973-11-09,0.660360
1973-11-12,0.658881
1973-11-13,0.661611
1973-11-14,0.671948
1973-11-15,0.739441
1973-11-16,0.734089
1973-11-19,0.697253
1973-11-20,0.669719
1973-11-21,0.643178
1973-11-23,0.634205
1973-11-26,0.675895
1973-11-27,0.680039
1973-11-28,0.661258
1973-11-29,0.659306
1973-11-30,0.640720
1973-12-03,0.654878
1973-12-04,0.647759
1973-12-05,0.634329
1973-12-06,0.613213
1973-12-07,0.612922
1973-12-10,0.594119
1973-12-11,0.625128
1973-12-12,0.651860
1973-12-13,0.647969
1973-12-14,0.692406
1973-12-17,0.918726
1973-12-18,0.878588
1973-12-19,0.908685
1973-12-20,0.940480
1973-12-21,1.007974
1973-12-26,0.974355
1973-12-27,1.008238
1973-12-28,1.026117
1973-12-31,1.024665
1974-01-02,1.072646
1974-01-03,0.991612
1974-01-04,1.008700
1974-01-07,1.012234
1974-01-08,1.034461
1974-01-09,1.035402
1974-01-10,1.024899
1974-01-11,0.940564
1974-01-14,0.979633
1974-01-15,1.045060
1974-01-16,1.038358
1974-01-17,1.032763
1974-01-18,0.999264
1974-01-21,0.966859
1974-01-22,0.943913
1974-01-23,0.954052
1974-01-24,0.964189
1974-01-25,0.999742
1974-01-28,1.073767
1974-01-29,1.102970
1974-01-30,1.178043
1974-01-31,1.255771
1974-02-01,1.240010
1974-02-04,1.321682
1974-02-05,1.310822
1974-02-06,1.339817
1974-02-07,1.272911
1974-02-08,1.305391
1974-02-11,1.342287
1974-02-13,1.363929
1974-02-14,1.406454
1974-02-15,1.263865
1974-02-19,1.209446
1974-02-20,1.249507
1974-02-21,1.249729
1974-02-22,1.249642
1974-02-25,1.203850
1974-02-26,1.134386
1974-02-27,1.096911
1974-02-28,1.062808
1974-03-01,1.065087
1974-03-04,1.053807
1974-03-05,1.072968
1974-03-06,1.060811
1974-03-07,1.026614
1974-03-08,1.018883
1974-03-11,1.062896
1974-03-12,1.075283
1974-03-13,1.085836
1974-03-14,1.078251
1974-03-15,1.113879
1974-03-18,1.104257
1974-03-19,1.089353
1974-03-20,1.030734
1974-03-21,0.940200
1974-03-22,0.998410
1974-03-25,1.032192
1974-03-26,1.022722
1974-03-27,1.047012
1974-03-28,0.996952
1974-03-29,1.019424
1974-04-01,1.061803
1974-04-02,1.068453
1974-04-03,1.092283
1974-04-04,1.057110
1974-04-05,1.043402
1974-04-08,1.033785
1974-04-09,1.059113
1974-04-10,1.089430
1974-04-11,1.081543
1974-04-15,1.097559
1974-04-16,1.103296
1974-04-17,1.060443
1974-04-18,1.086137
1974-04-19,1.102543
1974-04-22,1.121394
1974-04-23,1.125845
1974-04-24,1.148264
1974-04-25,1.147569
1974-04-26,1.166356
1974-04-29,1.107282
1974-04-30,1.107785
1974-05-01,1.083298
1974-05-02,1.070238
1974-05-03,1.011608
1974-05-06,0.992152
1974-05-07,0.862793
1974-05-08,0.958920
1974-05-09,0.874142
1974-05-10,0.968395
1974-05-13,1.011333
1974-05-14,0.934770
1974-05-15,0.790497
1974-05-16,0.743684
1974-05-17,0.837208
1974-05-20,0.800733
1974-05-21,1.205758
1974-05-22,1.322763
1974-05-23,1.310744
1974-05-24,1.309943
1974-05-28,1.327639
1974-05-29,1.283649
1974-05-30,1.244909
1974-05-31,1.198468
1974-06-03,1.153738
1974-06-04,1.215738
1974-06-05,1.215584
1974-06-06,1.239649
1974-06-07,1.212165
1974-06-10,1.210611
1974-06-11,1.208387
1974-06-12,1.196744
1974-06-13,1.154212
1974-06-14,1.159690
1974-06-17,1.203944
1974-06-18,1.201182
1974-06-19,1.228201
1974-06-20,1.245512
1974-06-21,1.200674
1974-06-24,1.241016
1974-06-25,1.110705
1974-06-26,1.205034
1974-06-27,0.926231
1974-06-28,1.159417
1974-07-01,0.918890
1974-07-02,1.199392
1974-07-03,0.651053
1974-07-05,0.553230
1974-07-08,0.542247
1974-07-09,0.599061
1974-07-10,0.676423
1974-07-11,0.787013
1974-07-12,0.967300
1974-07-15,0.940967
1974-07-16,0.974838
1974-07-17,1.003354
1974-07-18,0.998152
1974-07-19,1.022053
1974-07-22,0.979477
1974-07-23,1.475994
1974-07-24,1.478043
1974-07-25,1.461086
1974-07-26,1.330893
1974-07-29,1.263265
1974-07-30,0.738251
1974-07-31,0.790383
1974-08-01,0.731264
1974-08-02,0.732213
1974-08-05,1.460660
1974-08-06,1.483918
1974-08-07,1.458159
1974-08-08,1.424061
1974-08-09,1.428568
1974-08-12,1.444588
1974-08-13,1.449771
1974-08-14,1.456144
1974-08-15,1.502846
1974-08-16,1.505093
1974-08-19,1.475244
1974-08-20,1.427693
1974-08-21,1.363338
1974-08-22,1.187123
1974-08-23,1.105218
1974-08-26,1.214586
1974-08-27,1.243769
1974-08-28,1.245245
1974-08-29,1.236958
1974-08-30,1.234395
1974-09-03,1.258534
1974-09-04,1.262715
1974-09-05,1.297835
1974-09-06,1.347438
1974-09-09,1.450036
1974-09-10,1.453286
1974-09-11,1.472982
1974-09-12,1.460613
1974-09-13,1.457813
1974-09-16,1.577600
1974-09-17,1.583361
1974-09-18,1.511249
1974-09-19,1.527612
1974-09-20,1.522978
1974-09-23,1.479931
1974-09-24,1.478829
1974-09-25,1.512901
1974-09-26,1.551731
1974-09-27,1.594249
1974-09-30,1.586306
1974-10-01,1.529485
1974-10-02,1.501843
1974-10-03,1.038780
1974-10-04,1.184888
1974-10-07,1.337633
1974-10-08,1.223885
1974-10-09,1.154804
1974-10-10,1.160524
1974-10-11,1.120611
1974-10-15,1.105665
1974-10-16,1.098910
1974-10-17,1.095458
1974-10-18,1.189158
1974-10-21,1.194531
1974-10-22,1.178390
1974-10-23,1.209272
1974-10-24,1.230081
1974-10-25,1.191967
1974-10-28,1.146538
1974-10-29,1.220541
1974-10-30,1.256989
1974-10-31,1.150109
1974-11-01,1.169263
1974-11-04,1.223838
1974-11-06,1.247219
1974-11-07,1.324430
1974-11-08,1.347666
1974-11-12,1.343196
1974-11-13,1.307732
1974-11-14,1.320410
1974-11-15,1.407167
1974-11-18,1.367862
1974-11-19,1.351756
1974-11-20,1.416159
1974-11-21,1.415489
1974-11-22,1.433819
1974-11-25,1.405583
1974-11-26,1.350864
1974-11-27,1.285658
1974-11-29,1.316282
1974-12-02,1.396667
1974-12-03,1.463934
1974-12-04,1.518017
1974-12-05,1.512195
1974-12-06,1.478150
1974-12-09,1.498212
1974-12-10,1.495013
1974-12-11,1.481239
1974-12-12,1.447209
1974-12-13,1.422951
1974-12-16,1.390683
1974-12-17,1.340466
1974-12-18,1.299662
1974-12-19,1.270113
1974-12-20,1.233941
1974-12-23,1.269379
1974-12-24,1.264188
1974-12-26,1.244268
1974-12-27,1.253002
1974-12-30,1.278541
1974-12-31,1.346470
1975-01-02,1.380017
1975-01-03,1.393667
1975-01-06,1.429818
1975-01-07,1.450593
1975-01-08,1.470858
1975-01-09,1.434154
1975-01-10,1.441428
1975-01-13,1.451819
1975-01-14,1.493357
1975-01-15,1.499642
1975-01-16,1.519400
1975-01-17,1.550000
1975-01-20,1.586127
1975-01-21,1.631457
1975-01-22,1.680534
1975-01-23,1.803463
1975-01-24,1.835116
1975-01-27,1.829025
1975-01-28,1.817181
1975-01-29,1.795762
1975-01-30,1.770641
1975-01-31,1.786798
1975-02-03,1.835141
1975-02-04,1.832660
1975-02-05,1.868551
1975-02-06,1.841335
1975-02-07,1.829333
1975-02-10,1.790719
1975-02-11,1.810383
1975-02-13,1.840781
1975-02-14,1.861002
1975-02-18,1.853295
1975-02-19,1.998395
1975-02-20,2.017774
1975-02-21,2.037642
1975-02-24,1.996803
1975-02-25,1.942876
1975-02-26,1.891073
1975-02-27,1.887507
1975-02-28,1.890750
1975-03-03,1.894432
1975-03-04,1.908694
1975-03-05,1.961846
1975-03-06,1.923843
1975-03-07,1.921679
1975-03-10,1.909712
1975-03-11,1.929140
1975-03-12,1.986423
1975-03-13,1.984273
1975-03-14,1.973799
1975-03-17,1.940035
1975-03-18,1.964814
1975-03-19,1.984540
1975-03-20,2.004257
1975-03-21,2.010779
1975-03-24,2.000849
1975-03-25,1.977725
1975-03-26,1.973075
1975-03-27,1.961973
1975-03-31,1.944447
1975-04-01,1.944058
1975-04-02,2.050444
1975-04-03,2.065094
1975-04-04,2.015773
1975-04-07,2.104365
1975-04-08,2.086277
1975-04-09,2.082480
1975-04-10,2.110717
1975-04-11,2.119755
1975-04-14,2.117664
1975-04-15,2.122063
1975-04-16,2.145519
1975-04-17,2.185708
1975-04-18,2.208859
1975-04-21,2.248463
1975-04-22,2.229029
1975-04-23,2.208569
1975-04-24,2.197090
1975-04-25,2.207153
1975-04-28,2.252805
1975-04-29,2.234004
1975-04-30,2.260559
1975-05-01,2.261911
1975-05-02,2.209556
1975-05-05,2.203246
1975-05-06,2.198164
1975-05-07,2.183741
1975-05-08,2.162818
1975-05-09,2.167101
1975-05-12,2.222397
1975-05-13,2.231315
1975-05-14,2.206718
1975-05-15,2.223482
1975-05-16,2.220900
1975-05-19,2.202675
1975-05-20,2.231292
1975-05-21,2.254302
1975-05-22,2.262698
1975-05-23,2.281049
1975-05-27,2.266524
1975-05-28,2.287066
1975-05-29,2.269251
1975-05-30,2.259009
1975-06-02,2.244280
1975-06-03,2.219406
1975-06-04,2.206174
1975-06-05,2.181457
1975-06-06,2.159192
1975-06-09,2.126705
1975-06-10,2.153402
1975-06-11,2.204057
1975-06-12,2.243086
1975-06-13,2.251462
1975-06-16,2.289600
1975-06-17,2.304449
1975-06-18,2.172258
1975-06-19,2.096374
1975-06-20,1.927487
1975-06-23,1.935759
1975-06-24,1.910616
1975-06-25,1.948989
1975-06-26,1.876105
1975-06-27,1.934396
1975-06-30,1.869350
1975-07-01,1.832194
1975-07-02,1.803918
1975-07-03,1.836499
1975-07-07,1.802571
1975-07-08,1.885930
1975-07-09,1.844892
1975-07-10,1.833364
1975-07-11,1.827865
1975-07-14,1.856051
1975-07-15,1.780775
1975-07-16,1.727049
1975-07-17,1.733846
1975-07-18,1.731266
1975-07-21,1.716424
1975-07-22,1.705167
1975-07-23,1.697331
1975-07-24,1.688642
1975-07-25,1.668764
1975-07-28,1.669580
1975-07-29,1.681718
1975-07-30,1.673639
1975-07-31,1.681034
1975-08-01,1.670147
1975-08-04,1.708184
1975-08-05,1.707330
1975-08-06,1.794546
1975-08-07,1.826588
1975-08-08,1.819793
1975-08-11,1.784946
1975-08-12,1.743076
1975-08-13,1.777478
1975-08-14,1.769560
1975-08-15,1.827474
1975-08-18,1.791839
1975-08-19,1.895962
1975-08-20,1.926870
1975-08-21,1.842574
1975-08-22,1.893779
1975-08-25,1.899728
1975-08-26,1.928718
1975-08-27,1.889050
1975-08-28,1.840579
1975-08-29,1.858690
1975-09-02,1.818297
1975-09-03,1.818023
1975-09-04,1.814797
1975-09-05,1.775655
1975-09-08,1.819120
1975-09-09,1.828277
1975-09-10,1.815973
1975-09-11,1.750800
1975-09-12,1.803151
1975-09-15,1.783892
1975-09-16,1.822076
1975-09-17,1.834291
1975-09-18,1.825011
1975-09-19,1.862379
1975-09-22,1.973573
1975-09-23,1.888793
1975-09-24,1.897456
1975-09-25,1.894777
1975-09-26,1.879018
1975-09-29,1.941192
1975-09-30,1.957032
1975-10-01,1.971715
1975-10-02,1.999654
1975-10-03,2.133393
1975-10-06,2.068892
1975-10-07,2.026186
1975-10-08,1.985620
1975-10-09,1.962589
1975-10-10,2.018786
1975-10-14,1.962408
1975-10-15,1.993024
1975-10-16,2.044359
1975-10-17,2.030294
1975-10-20,2.072109
1975-10-21,2.164683
1975-10-22,2.169421
1975-10-23,2.209103
1975-10-24,2.238654
1975-10-27,2.252978
1975-10-28,2.281804
1975-10-29,2.321289
1975-10-30,2.245494
1975-10-31,2.202927
1975-11-03,2.198876
1975-11-05,2.226248
1975-11-06,2.233256
1975-11-07,2.318404
1975-11-10,2.443542
1975-11-12,2.391052
1975-11-13,2.346619
1975-11-14,2.303210
1975-11-17,2.295956
1975-11-18,2.356169
1975-11-19,2.348562
1975-11-20,2.332073
1975-11-21,2.283457
1975-11-24,2.289276
1975-11-25,2.266053
1975-11-26,2.285277
1975-11-28,2.299154
1975-12-01,2.303150
1975-12-02,2.309180
1975-12-03,2.280726
1975-12-04,2.196680
1975-12-05,2.193282
1975-12-08,2.197322
1975-12-09,2.202450
1975-12-10,2.227015
1975-12-11,2.217255
1975-12-12,2.184350
1975-12-15,2.173974
1975-12-16,2.139316
1975-12-17,2.125316
1975-12-18,2.099691
1975-12-19,2.136439
1975-12-22,2.169582
1975-12-23,2.117776
1975-12-24,2.098320
1975-12-26,2.202131
1975-12-29,2.128174
1975-12-30,2.209537
1975-12-31,2.268674
1976-01-02,2.250875
1976-01-05,2.178354
1976-01-06,2.139789
1976-01-07,2.174472
1976-01-08,2.205800
1976-01-09,2.310750
1976-01-12,2.277076
1976-01-13,2.252974
1976-01-14,2.275750
1976-01-15,2.300976
1976-01-16,2.260788
1976-01-19,2.310513
1976-01-20,2.322871
1976-01-21,2.340370
1976-01-22,2.338368
1976-01-23,2.375086
1976-01-26,2.385468
1976-01-27,2.371941
1976-01-28,2.476362
1976-01-29,2.460310
1976-01-30,2.441137
1976-02-02,2.419019
1976-02-03,2.373938
1976-02-04,2.350021
1976-02-05,2.323531
1976-02-06,2.323594
1976-02-09,2.348043
1976-02-10,2.349144
1976-02-11,2.324594
1976-02-13,2.316016
1976-02-17,2.294154
1976-02-18,2.266369
1976-02-19,2.244565
1976-02-20,2.233432
1976-02-23,2.223742
1976-02-24,2.191291
1976-02-25,2.163788
1976-02-26,2.165978
1976-02-27,2.145352
1976-03-01,2.156035
1976-03-02,2.139668
1976-03-03,2.097864
1976-03-04,2.129241
1976-03-05,2.107874
1976-03-08,2.156882
1976-03-09,2.163617
1976-03-10,2.177704
1976-03-11,2.174409
1976-03-12,2.164135
1976-03-15,2.138899
1976-03-16,2.177304
1976-03-17,2.193587
1976-03-18,2.195359
1976-03-19,2.195622
1976-03-22,2.223486
1976-03-23,2.201767
1976-03-24,2.198960
1976-03-25,2.170311
1976-03-26,2.195493
1976-03-29,2.173311
1976-03-30,2.163977
1976-03-31,2.179416
1976-04-01,2.158082
1976-04-02,2.188472
1976-04-05,2.191471
1976-04-06,2.182844
1976-04-07,2.174444
1976-04-08,2.228752
1976-04-09,2.232212
1976-04-12,2.263969
1976-04-13,2.261199
1976-04-14,2.225116
1976-04-15,2.239988
1976-04-19,2.253808
1976-04-20,2.242043
1976-04-21,2.328292
1976-04-22,2.287618
1976-04-23,2.142422
1976-04-26,2.201121
1976-04-27,2.194667
1976-04-28,2.194098
1976-04-29,2.185922
1976-04-30,2.186728
1976-05-03,2.221569
1976-05-04,2.213125
1976-05-05,2.251816
1976-05-06,2.228431
1976-05-07,2.262200
1976-05-10,2.227736
1976-05-11,2.230552
1976-05-12,2.202006
1976-05-13,2.187357
1976-05-14,2.177497
1976-05-17,2.182428
1976-05-18,2.167141
1976-05-19,2.133397
1976-05-20,2.134329
1976-05-21,2.118923
1976-05-24,2.102478
1976-05-25,2.092915
1976-05-26,2.073077
1976-05-27,2.038832
1976-05-28,2.043974
1976-06-01,2.036671
1976-06-02,2.038787
1976-06-03,2.062066
1976-06-04,2.083517
1976-06-07,2.111090
1976-06-08,2.110214
1976-06-09,2.144497
1976-06-10,2.129000
1976-06-11,2.132684
1976-06-14,2.148118
1976-06-15,2.135864
1976-06-16,2.110930
1976-06-17,2.106708
1976-06-18,2.130252
1976-06-21,2.116040
1976-06-22,2.102671
1976-06-23,2.104654
1976-06-24,2.113877
1976-06-25,2.128751
1976-06-28,2.128013
1976-06-29,2.136881
1976-06-30,2.154802
1976-07-01,2.162819
1976-07-02,2.139753
1976-07-06,2.181036
1976-07-07,2.188911
1976-07-08,2.218454
1976-07-09,2.238960
1976-07-12,2.282019
1976-07-13,2.273583
1976-07-14,2.263800
1976-07-15,2.256029
1976-07-16,2.224397
1976-07-19,2.246360
1976-07-20,2.247295
1976-07-21,2.236755
1976-07-22,2.257717
1976-07-23,2.261478
1976-07-26,2.284990
1976-07-27,2.309103
1976-07-28,2.303604
1976-07-29,2.295012
1976-07-30,2.300454
1976-08-02,2.311125
1976-08-03,2.284528
1976-08-04,2.278378
1976-08-05,2.274819
1976-08-06,2.290792
1976-08-09,2.297569
1976-08-10,2.312739
1976-08-11,2.328852
1976-08-12,2.353260
1976-08-13,2.389591
1976-08-16,2.420839
1976-08-17,2.425148
1976-08-18,2.396778
1976-08-19,2.369597
1976-08-20,2.325556
1976-08-23,2.340353
1976-08-24,2.319049
1976-08-25,2.373646
1976-08-26,2.341109
1976-08-27,2.345383
1976-08-30,2.339875
1976-08-31,2.332315
1976-09-01,2.315575
1976-09-02,2.278403
1976-09-03,2.293029
1976-09-07,2.337710
1976-09-08,2.359788
1976-09-09,2.344388
1976-09-10,2.328482
1976-09-13,2.343988
1976-09-14,2.334235
1976-09-15,2.334003
1976-09-16,2.339475
1976-09-17,2.394649
1976-09-20,2.368277
1976-09-21,2.372458
1976-09-22,2.375687
1976-09-23,2.381393
1976-09-24,2.419773
1976-09-27,2.441404
1976-09-28,2.438094
1976-09-29,2.434253
1976-09-30,2.417510
1976-10-01,2.432294
1976-10-04,2.508526
1976-10-05,2.513557
1976-10-06,2.551566
1976-10-07,2.545781
1976-10-08,2.687770
1976-10-12,2.768167
1976-10-13,2.757656
1976-10-14,2.747878
1976-10-15,2.784620
1976-10-18,2.755152
1976-10-19,2.711691
1976-10-20,2.645411
1976-10-21,2.582573
1976-10-22,2.474376
1976-10-25,2.473031
1976-10-26,2.492724
1976-10-27,2.519760
1976-10-28,2.511628
1976-10-29,2.458784
1976-11-01,2.432962
1976-11-03,2.486636
1976-11-04,2.480254
1976-11-05,2.453261
1976-11-08,2.480739
1976-11-09,2.463862
1976-11-10,2.483203
1976-11-12,2.456484
1976-11-15,2.452692
1976-11-16,2.583030
1976-11-17,2.587812
1976-11-18,2.632895
1976-11-19,2.684094
1976-11-22,2.750506
1976-11-23,2.734249
1976-11-24,2.729411
1976-11-26,2.704496
1976-11-29,2.715599
1976-11-30,2.717695
1976-12-01,2.662292
1976-12-02,2.621571
1976-12-03,2.526563
1976-12-06,2.487975
1976-12-07,2.427318
1976-12-08,2.444415
1976-12-09,2.441490
1976-12-10,2.448296
1976-12-13,2.424997
1976-12-14,2.401196
1976-12-15,2.407508
1976-12-16,2.393552
1976-12-17,2.373428
1976-12-20,2.377547
1976-12-21,2.386025
1976-12-22,2.364388
1976-12-23,2.334341
1976-12-27,2.364485
1976-12-28,2.335950
1976-12-29,2.263461
1976-12-30,2.182535
1976-12-31,2.187458
1977-01-03,2.154565
1977-01-04,2.142928
1977-01-05,2.154271
1977-01-06,2.142497
1977-01-07,2.173612
1977-01-10,2.174840
1977-01-11,2.226260
1977-01-12,2.219037
1977-01-13,2.144035
1977-01-14,2.164374
1977-01-17,2.180705
1977-01-18,2.187275
1977-01-19,2.190367
1977-01-20,2.163995
1977-01-21,2.145991
1977-01-24,2.151849
1977-01-25,2.157120
1977-01-26,2.174603
1977-01-27,2.127755
1977-01-28,2.143551
1977-01-31,2.157121
1977-02-01,2.125497
1977-02-02,2.134832
1977-02-03,2.155682
1977-02-04,2.177898
1977-02-07,2.251938
1977-02-08,2.247386
1977-02-09,2.278348
1977-02-10,2.268598
1977-02-11,2.304671
1977-02-14,2.348564
1977-02-15,2.347007
1977-02-16,2.319166
1977-02-17,2.298369
1977-02-18,2.353263
1977-02-22,2.335608
1977-02-23,2.318726
1977-02-24,2.294107
1977-02-25,2.323755
1977-02-28,2.328708
1977-03-01,2.370100
1977-03-02,2.363985
1977-03-03,2.357129
1977-03-04,2.395532
1977-03-07,2.390085
1977-03-08,2.372041
1977-03-09,2.384359
1977-03-10,2.385549
1977-03-11,2.380822
1977-03-14,2.393310
1977-03-15,2.350688
1977-03-16,2.325093
1977-03-17,2.337839
1977-03-18,2.363526
1977-03-21,2.372072
1977-03-22,2.368597
1977-03-23,2.385192
1977-03-24,2.393303
1977-03-25,2.376404
1977-03-28,2.377217
1977-03-29,2.391000
1977-03-30,2.402799
1977-03-31,2.407680
1977-04-01,2.416464
1977-04-04,2.410510
1977-04-05,2.422808
1977-04-06,2.431615
1977-04-07,2.421684
1977-04-11,2.425429
1977-04-12,2.430707
1977-04-13,2.451831
1977-04-14,2.573796
1977-04-15,2.551510
1977-04-18,2.526321
1977-04-19,2.462145
1977-04-20,2.397867
1977-04-21,2.425202
1977-04-22,2.367106
1977-04-25,2.369254
1977-04-26,2.394599
1977-04-27,2.367013
1977-04-28,2.431176
1977-04-29,2.405784
1977-05-02,2.410151
1977-05-03,2.432068
1977-05-04,2.446065
1977-05-05,2.450292
1977-05-06,2.404661
1977-05-09,2.395126
1977-05-10,2.404308
1977-05-11,2.404684
1977-05-12,2.398113
1977-05-13,2.387184
1977-05-16,2.379592
1977-05-17,2.348952
1977-05-18,2.358927
1977-05-19,2.338365
1977-05-20,2.298755
1977-05-23,2.296751
1977-05-24,2.331981
1977-05-25,2.336525
1977-05-26,2.362299
1977-05-27,2.377172
1977-05-31,2.388327
1977-06-01,2.392192
1977-06-02,2.395581
1977-06-03,2.371964
1977-06-06,2.375813
1977-06-07,2.371976
1977-06-08,2.400600
1977-06-09,2.384860
1977-06-10,2.310501
1977-06-13,2.328193
1977-06-14,2.307410
1977-06-15,2.313985
1977-06-16,2.313265
1977-06-17,2.332944
1977-06-20,2.377282
1977-06-21,2.363391
1977-06-22,2.353199
1977-06-23,2.371471
1977-06-24,2.309049
1977-06-27,2.325727
1977-06-28,2.317432
1977-06-29,2.316079
1977-06-30,2.314915
1977-07-01,2.319253
1977-07-05,2.329407
1977-07-06,2.354630
1977-07-07,2.352920
1977-07-08,2.324351
1977-07-11,2.284169
1977-07-12,2.278501
1977-07-13,2.279297
1977-07-15,2.251915
1977-07-18,2.238447
1977-07-19,2.239964
1977-07-20,2.207949
1977-07-21,2.147000
1977-07-22,2.137932
1977-07-25,2.173199
1977-07-26,2.172904
1977-07-27,2.172663
1977-07-28,2.154822
1977-07-29,2.090535
1977-08-01,2.087734
1977-08-02,2.090056
1977-08-03,2.078613
1977-08-04,2.102582
1977-08-05,2.046525
1977-08-08,2.050610
1977-08-09,2.056658
1977-08-10,2.044624
1977-08-11,1.994227
1977-08-12,1.960384
1977-08-15,1.949232
1977-08-16,1.888529
1977-08-17,1.864192
1977-08-18,1.920231
1977-08-19,1.923545
1977-08-22,1.934112
1977-08-23,1.899507
1977-08-24,1.914207
1977-08-25,1.935391
1977-08-26,1.879635
1977-08-29,1.915500
1977-08-30,1.906839
1977-08-31,1.927526
1977-09-01,1.925640
1977-09-02,1.924787
1977-09-06,1.969617
1977-09-07,1.970510
1977-09-08,1.978796
1977-09-09,1.937558
1977-09-12,1.885460
1977-09-13,1.869155
1977-09-14,1.892808
1977-09-15,1.893958
1977-09-16,1.918184
1977-09-19,1.923554
1977-09-20,1.915568
1977-09-21,1.910897
1977-09-22,1.873311
1977-09-23,1.852093
1977-09-26,1.845418
1977-09-27,1.899649
1977-09-28,1.867919
1977-09-29,1.848134
1977-09-30,1.843828
1977-10-03,1.878143
1977-10-04,1.893092
1977-10-05,1.888543
1977-10-06,1.866179
1977-10-07,1.898770
1977-10-11,1.879493
1977-10-12,1.847465
1977-10-13,1.802813
1977-10-14,1.777321
1977-10-17,1.671741
1977-10-18,1.685718
1977-10-19,1.658560
1977-10-20,1.660374
1977-10-21,1.653724
1977-10-24,1.672101
1977-10-25,1.716713
1977-10-26,1.724742
1977-10-27,1.751668
1977-10-28,1.747900
1977-10-31,1.745410
1977-11-01,1.775071
1977-11-02,1.791134
1977-11-03,1.841522
1977-11-04,1.836358
1977-11-07,1.834319
1977-11-09,1.843240
1977-11-10,1.839181
1977-11-14,1.880524
1977-11-15,1.886694
1977-11-16,1.878540
1977-11-17,1.853627
1977-11-18,1.843186
1977-11-21,1.843210
1977-11-22,1.819977
1977-11-23,1.810555
1977-11-25,1.804547
1977-11-28,1.806958
1977-11-29,1.827112
1977-11-30,1.797077
1977-12-01,1.842274
1977-12-02,1.853374
1977-12-05,1.868098
1977-12-06,1.884499
1977-12-07,1.891659
1977-12-08,1.886327
1977-12-09,1.891686
1977-12-12,1.894012
1977-12-13,1.913290
1977-12-14,1.922899
1977-12-15,1.935398
1977-12-16,1.937786
1977-12-19,1.976032
1977-12-20,2.031266
1977-12-21,2.012928
1977-12-22,1.992675
1977-12-23,1.973647
1977-12-27,1.995692
1977-12-28,2.037284
1977-12-29,2.059825
1977-12-30,2.032369
1978-01-03,2.012278
1978-01-04,2.037968
1978-01-05,2.029779
1978-01-06,2.091356
1978-01-09,2.002892
1978-01-10,2.013226
1978-01-11,2.006557
1978-01-12,2.012838
1978-01-13,1.990408
1978-01-16,2.046633
1978-01-17,2.031997
1978-01-18,2.014587
1978-01-19,2.006252
1978-01-23,2.010101
1978-01-24,2.030028
1978-01-25,2.042429
1978-01-26,2.041443
1978-01-27,2.027130
1978-01-30,2.049530
1978-01-31,2.055660
1978-02-01,2.060945
1978-02-02,2.064003
1978-02-03,2.066995
1978-02-06,2.095640
1978-02-07,2.092798
1978-02-08,2.095913
1978-02-09,2.096294
1978-02-10,2.081378
1978-02-14,2.087356
1978-02-15,2.079532
1978-02-16,2.098830
1978-02-17,2.065622
1978-02-21,2.086870
1978-02-22,2.089934
1978-02-23,2.064480
1978-02-24,2.066768
1978-02-27,2.052271
1978-02-28,2.066517
1978-03-01,2.084989
1978-03-02,2.066854
1978-03-03,2.067364
1978-03-06,2.072385
1978-03-07,2.062624
1978-03-08,2.057156
1978-03-09,2.060218
1978-03-10,2.036794
1978-03-13,2.031784
1978-03-14,2.033393
1978-03-15,2.025368
1978-03-16,2.023461
1978-03-17,2.016233
1978-03-20,1.996916
1978-03-21,2.001308
1978-03-22,2.014745
1978-03-23,2.020712
1978-03-27,2.073756
1978-03-28,2.068477
1978-03-29,2.070274
1978-03-30,2.060625
1978-03-31,2.032934
1978-04-03,2.019959
1978-04-04,2.009005
1978-04-05,2.010328
1978-04-06,2.015114
1978-04-07,2.002815
1978-04-10,2.007752
1978-04-11,2.025137
1978-04-12,2.041681
1978-04-13,2.027610
1978-04-14,2.037264
1978-04-17,2.008164
1978-04-18,1.997121
1978-04-19,2.004095
1978-04-20,2.002778
1978-04-21,2.010719
1978-04-24,2.015798
1978-04-25,2.014364
1978-04-26,2.014340
1978-04-27,1.991609
1978-04-28,2.013577
1978-05-01,1.961896
1978-05-02,1.960862
1978-05-03,1.966805
1978-05-04,1.964849
1978-05-05,1.992782
1978-05-08,2.012567
1978-05-09,2.000157
1978-05-10,1.996564
1978-05-11,1.996454
1978-05-12,1.998518
1978-05-15,1.999553
1978-05-16,1.990536
1978-05-17,1.988383
1978-05-18,2.024428
1978-05-19,2.003780
1978-05-22,1.996707
1978-05-23,1.981053
1978-05-24,1.998766
1978-05-25,2.002830
1978-05-26,1.998261
1978-05-31,1.995018
1978-06-01,1.993597
1978-06-02,1.986266
1978-06-05,1.980559
1978-06-06,1.985787
1978-06-07,1.995724
1978-06-08,1.998090
1978-06-09,1.999138
1978-06-12,1.997297
1978-06-13,1.995914
1978-06-14,1.993426
1978-06-15,1.993498
1978-06-16,1.989433
1978-06-19,1.993144
1978-06-20,2.013061
1978-06-21,2.042641
1978-06-22,2.034281
1978-06-23,2.042424
1978-06-26,2.047329
1978-06-27,2.034699
1978-06-28,2.017088
1978-06-29,2.014375
1978-06-30,2.038189
1978-07-03,2.022150
1978-07-05,2.043147
1978-07-06,2.047236
1978-07-07,2.058522
1978-07-10,2.080550
1978-07-11,2.071420
1978-07-12,2.076203
1978-07-13,2.080829
1978-07-14,2.063750
1978-07-17,2.043643
1978-07-18,2.034456
1978-07-19,2.035408
1978-07-20,2.054435
1978-07-21,2.055001
1978-07-24,2.061932
1978-07-25,2.059767
1978-07-26,2.052934
1978-07-27,2.016635
1978-07-28,1.973906
1978-07-31,2.000274
1978-08-01,1.986161
1978-08-02,1.927119
1978-08-03,1.907611
1978-08-04,1.891504
1978-08-07,1.885578
1978-08-08,1.868963
1978-08-09,1.863220
1978-08-10,1.934371
1978-08-11,1.903317
1978-08-14,1.911643
1978-08-15,1.915146
1978-08-16,1.952105
1978-08-17,1.912400
1978-08-18,1.878689
1978-08-21,1.835053
1978-08-22,1.837150
1978-08-23,1.795116
1978-08-24,1.818295
1978-08-25,1.813165
1978-08-28,1.805459
1978-08-29,1.812611
1978-08-30,1.844224
1978-08-31,1.824883
1978-09-01,1.811098
1978-09-05,1.800890
1978-09-06,1.789335
1978-09-07,1.786484
1978-09-08,1.763817
1978-09-11,1.733786
1978-09-12,1.722355
1978-09-13,1.712146
1978-09-14,1.709759
1978-09-15,1.695384
1978-09-18,1.697961
1978-09-19,1.706569
1978-09-20,1.725369
1978-09-21,1.729662
1978-09-22,1.739046
1978-09-25,1.731816
1978-09-26,1.717824
1978-09-27,1.704291
1978-09-28,1.701625
1978-09-29,1.703189
1978-10-02,1.724113
1978-10-03,1.708661
1978-10-04,1.706612
1978-10-05,1.703552
1978-10-06,1.687083
1978-10-10,1.677774
1978-10-11,1.672383
1978-10-12,1.658428
1978-10-13,1.652662
1978-10-16,1.676484
1978-10-17,1.663692
1978-10-18,1.661268
1978-10-19,1.663016
1978-10-20,1.670271
1978-10-23,1.652277
1978-10-24,1.646942
1978-10-25,1.669700
1978-10-26,1.705371
1978-10-27,1.758018
1978-10-30,1.826657
1978-10-31,1.814276
1978-11-01,1.575711
1978-11-02,1.556156
1978-11-03,1.476836
1978-11-06,1.462373
1978-11-08,1.448127
1978-11-09,1.459222
1978-11-10,1.442706
1978-11-13,1.443774
1978-11-14,1.445056
1978-11-15,1.429002
1978-11-16,1.491944
1978-11-17,1.498360
1978-11-20,1.516797
1978-11-21,1.523837
1978-11-22,1.516830
1978-11-24,1.543484
1978-11-27,1.523652
1978-11-28,1.509573
1978-11-29,1.509459
1978-11-30,1.518332
1978-12-01,1.498727
1978-12-04,1.539931
1978-12-05,1.544951
1978-12-06,1.545291
1978-12-07,1.565712
1978-12-08,1.554064
1978-12-11,1.554050
1978-12-12,1.577320
1978-12-13,1.644371
1978-12-14,1.626202
1978-12-15,1.627784
1978-12-18,1.612071
1978-12-19,1.592838
1978-12-20,1.607306
1978-12-21,1.600349
1978-12-22,1.558617
1978-12-26,1.541067
1978-12-27,1.529802
1978-12-28,1.559078
1978-12-29,1.536703
1979-01-02,1.549763
1979-01-03,1.555309
1979-01-04,1.556439
1979-01-05,1.555578
1979-01-08,1.586324
1979-01-09,1.609084
1979-01-10,1.608389
1979-01-11,1.621948
1979-01-12,1.613668
1979-01-15,1.615070
1979-01-16,1.619254
1979-01-17,1.624581
1979-01-18,1.622652
1979-01-19,1.596839
1979-01-22,1.577728
1979-01-23,1.565359
1979-01-24,1.555380
1979-01-25,1.514167
1979-01-26,1.501352
1979-01-29,1.528949
1979-01-30,1.540992
1979-01-31,1.551413
1979-02-01,1.546251
1979-02-02,1.488666
1979-02-05,1.558660
1979-02-06,1.601336
1979-02-07,1.652025
1979-02-08,1.664954
1979-02-09,1.669060
1979-02-13,1.689761
1979-02-14,1.687584
1979-02-15,1.692101
1979-02-16,1.678244
1979-02-20,1.696736
1979-02-21,1.717984
1979-02-22,1.752640
1979-02-23,1.742751
1979-02-26,1.743740
1979-02-27,1.741500
1979-02-28,1.728614
1979-03-01,1.731547
1979-03-02,1.723025
1979-03-05,1.686267
1979-03-06,1.697458
1979-03-07,1.702368
1979-03-08,1.697241
1979-03-09,1.712366
1979-03-12,1.688963
1979-03-13,1.694666
1979-03-14,1.697117
1979-03-15,1.697943
1979-03-16,1.690763
1979-03-19,1.680549
1979-03-20,1.693950
1979-03-21,1.707247
1979-03-22,1.701223
1979-03-23,1.703238
1979-03-26,1.716637
1979-03-27,1.709509
1979-03-28,1.703967
1979-03-29,1.707716
1979-03-30,1.733581
1979-04-02,1.741097
1979-04-03,1.719107
1979-04-04,1.713094
1979-04-05,1.707760
1979-04-06,1.717201
1979-04-09,1.711820
1979-04-10,1.730728
1979-04-11,1.741761
1979-04-12,1.727584
1979-04-16,1.714013
1979-04-17,1.723774
1979-04-18,1.759799
1979-04-19,1.813046
1979-04-20,1.844446
1979-04-23,1.873346
1979-04-24,1.882849
1979-04-25,1.870193
1979-04-26,1.888295
1979-04-27,1.824476
1979-04-30,1.841768
1979-05-01,1.845983
1979-05-02,1.840243
1979-05-03,1.840747
1979-05-04,1.846966
1979-05-07,1.835066
1979-05-08,1.836425
1979-05-09,1.816662
1979-05-10,1.812323
1979-05-11,1.798667
1979-05-14,1.799220
1979-05-15,1.820483
1979-05-16,1.815837
1979-05-17,1.833991
1979-05-18,1.822329
1979-05-21,1.819265
1979-05-22,1.755261
1979-05-23,1.694166
1979-05-24,1.694209
1979-05-25,1.672899
1979-05-29,1.694050
1979-05-31,1.733200
1979-06-01,1.727465
1979-06-04,1.730146
1979-06-05,1.721125
1979-06-06,1.709675
1979-06-07,1.701673
1979-06-08,1.691672
1979-06-11,1.716613
1979-06-12,1.705937
1979-06-13,1.741032
1979-06-14,1.760337
1979-06-15,1.804826
1979-06-18,1.768995
1979-06-19,1.784543
1979-06-20,1.786019
1979-06-21,1.787453
1979-06-22,1.804265
1979-06-25,1.783266
1979-06-26,1.745764
1979-06-27,1.714845
1979-06-28,1.734844
1979-06-29,1.714225
1979-07-02,1.705177
1979-07-03,1.699004
1979-07-05,1.701314
1979-07-06,1.692866
1979-07-09,1.714997
1979-07-10,1.716327
1979-07-11,1.732736
1979-07-12,1.709331
1979-07-13,1.700640
1979-07-16,1.726118
1979-07-17,1.723605
1979-07-18,1.727889
1979-07-19,1.723347
1979-07-20,1.680617
1979-07-23,1.699231
1979-07-24,1.709344
1979-07-25,1.677849
1979-07-26,1.683686
1979-07-27,1.724641
1979-07-30,1.718588
1979-07-31,1.719892
1979-08-01,1.716529
1979-08-02,1.688105
1979-08-03,1.685546
1979-08-06,1.675429
1979-08-07,1.676804
1979-08-08,1.680842
1979-08-09,1.695556
1979-08-10,1.708168
1979-08-13,1.699718
1979-08-14,1.680144
1979-08-15,1.694295
1979-08-16,1.680021
1979-08-17,1.669788
1979-08-20,1.675040
1979-08-21,1.692907
1979-08-22,1.689119
1979-08-23,1.685651
1979-08-24,1.704617
1979-08-27,1.684994
1979-08-28,1.684064
1979-08-29,1.653775
1979-08-30,1.664362
1979-08-31,1.675430
1979-09-04,1.687553
1979-09-05,1.670680
1979-09-06,1.652779
1979-09-07,1.597649
1979-09-10,1.602887
1979-09-11,1.495721
1979-09-12,1.523731
1979-09-13,1.555894
1979-09-14,1.519156
1979-09-17,1.559789
1979-09-18,1.549305
1979-09-19,1.529163
1979-09-20,1.537036
1979-09-21,1.522140
1979-09-24,1.569320
1979-09-25,1.584206
1979-09-26,1.617984
1979-09-27,1.666581
1979-09-28,1.647960
1979-10-01,1.719994
1979-10-02,1.709984
1979-10-03,1.729989
1979-10-04,1.777411
1979-10-05,1.752117
1979-10-09,1.704043
1979-10-10,1.701273
1979-10-11,1.726780
1979-10-12,1.725281
1979-10-15,1.843673
1979-10-16,1.833082
1979-10-17,1.786143
1979-10-18,1.879078
1979-10-19,1.770769
1979-10-22,1.720713
1979-10-23,1.635743
1979-10-24,1.561381
1979-10-25,1.683140
1979-10-26,1.661384
1979-10-29,1.745298
1979-10-30,1.749080
1979-10-31,1.793021
1979-11-01,1.928516
1979-11-02,1.969056
1979-11-05,1.940720
1979-11-07,1.994426
1979-11-08,1.991587
1979-11-09,2.050273
1979-11-13,2.157633
1979-11-14,2.185307
1979-11-15,2.079798
1979-11-16,2.161656
1979-11-19,2.092736
1979-11-20,1.986782
1979-11-21,1.923505
1979-11-23,1.967571
1979-11-26,2.120403
1979-11-27,2.232581
1979-11-28,2.305789
1979-11-29,2.262999
1979-11-30,2.272899
1979-12-03,2.294959
1979-12-04,2.232739
1979-12-05,2.293045
1979-12-06,2.275188
1979-12-07,2.356384
1979-12-10,2.319000
1979-12-11,2.388090
1979-12-12,2.358013
1979-12-13,2.312975
1979-12-14,2.195669
1979-12-17,2.238315
1979-12-18,2.279649
1979-12-19,2.252251
1979-12-20,2.279453
1979-12-21,2.258476
1979-12-24,2.284588
1979-12-26,2.258947
1979-12-27,2.282528
1979-12-28,2.265422
1979-12-31,2.301412
1980-01-02,2.352941
1980-01-03,2.482512
1980-01-04,2.503280
1980-01-07,2.531317
1980-01-08,2.511263
1980-01-09,2.531697
1980-01-10,2.505733
1980-01-11,2.676403
1980-01-14,2.710706
1980-01-15,2.695341
1980-01-16,2.723578
1980-01-17,2.797506
1980-01-18,2.831734
1980-01-21,2.992574
1980-01-22,2.891529
1980-01-23,2.847003
1980-01-24,3.031719
1980-01-25,2.982572
1980-01-28,3.032046
1980-01-29,3.062679
1980-01-30,3.067441
1980-01-31,3.038538
1980-02-01,3.065102
1980-02-04,3.069533
1980-02-05,3.199378
1980-02-06,3.400667
1980-02-07,3.539370
1980-02-08,3.420201
1980-02-11,3.528969
1980-02-13,3.461153
1980-02-14,3.514218
1980-02-15,3.453983
1980-02-19,3.490277
1980-02-20,3.314990
1980-02-21,3.468712
1980-02-22,3.295513
1980-02-25,3.403949
1980-02-26,3.323421
1980-02-27,3.299613
1980-02-28,3.108978
1980-02-29,2.830703
1980-03-03,2.782993
1980-03-04,2.627381
1980-03-05,2.445788
1980-03-06,2.172451
1980-03-07,1.917533
1980-03-10,2.003748
1980-03-11,2.286539
1980-03-12,2.431713
1980-03-13,2.196585
1980-03-14,2.203775
1980-03-17,2.323289
1980-03-18,2.395858
1980-03-19,2.333685
1980-03-20,2.337156
1980-03-21,2.220236
1980-03-24,2.268861
1980-03-25,2.301516
1980-03-26,2.215770
1980-03-27,2.335951
1980-03-28,2.111091
1980-03-31,2.699833
1980-04-01,2.899506
1980-04-02,2.661226
1980-04-03,2.544471
1980-04-07,2.601125
1980-04-08,2.635683
1980-04-09,2.635266
1980-04-10,2.650091
1980-04-11,2.552769
1980-04-14,2.721509
1980-04-15,2.909449
1980-04-16,2.996082
1980-04-17,2.395896
1980-04-18,2.086786
1980-04-21,2.112543
1980-04-22,2.363188
1980-04-23,2.776290
1980-04-24,3.059973
1980-04-25,3.243670
1980-04-28,3.358036
1980-04-29,3.376698
1980-04-30,3.344926
1980-05-01,3.158840
1980-05-02,3.226751
1980-05-05,3.354041
1980-05-06,3.292964
1980-05-07,3.293668
1980-05-08,3.427549
1980-05-09,3.527582
1980-05-12,3.622573
1980-05-13,3.842587
1980-05-14,3.750176
1980-05-15,3.802859
1980-05-16,3.692925
1980-05-19,3.990559
1980-05-20,4.110518
1980-05-21,3.941758
1980-05-22,3.911938
1980-05-23,3.906686
1980-05-27,3.947194
1980-05-28,3.887620
1980-05-29,4.002249
1980-05-30,4.014487
1980-06-02,4.011521
1980-06-03,3.884268
1980-06-04,3.818406
1980-06-05,3.728157
1980-06-06,3.525334
1980-06-09,3.417986
1980-06-10,3.467746
1980-06-11,3.421165
1980-06-12,3.375317
1980-06-13,3.302415
1980-06-16,3.176636
1980-06-17,3.235011
1980-06-18,3.331772
1980-06-19,3.225951
1980-06-20,3.220276
1980-06-23,3.239420
1980-06-24,3.263698
1980-06-25,3.323269
1980-06-26,3.207467
1980-06-27,3.273857
1980-06-30,3.344612
1980-07-01,3.456901
1980-07-02,3.575404
1980-07-03,3.444304
1980-07-07,3.584495
1980-07-08,3.530653
1980-07-09,3.529618
1980-07-10,3.582700
1980-07-11,3.649028
1980-07-14,3.693340
1980-07-15,3.559416
1980-07-16,3.509846
1980-07-17,3.675398
1980-07-18,3.654185
1980-07-21,3.553149
1980-07-22,3.574855
1980-07-23,3.464758
1980-07-24,3.567883
1980-07-25,3.646087
1980-07-28,3.617229
1980-07-29,3.578653
1980-07-30,3.735190
1980-07-31,3.717435
1980-08-01,3.635651
1980-08-04,3.687107
1980-08-05,3.726528
1980-08-06,3.859340
1980-08-07,3.902729
1980-08-08,3.969860
1980-08-11,3.960619
1980-08-12,3.990399
1980-08-13,4.060110
1980-08-14,3.979589
1980-08-15,3.961983
1980-08-18,3.659779
1980-08-19,3.703090
1980-08-20,3.382985
1980-08-21,3.413394
1980-08-22,3.253003
1980-08-25,3.349889
1980-08-26,3.377246
1980-08-27,3.302459
1980-08-28,3.061702
1980-08-29,2.851993
1980-09-02,3.115331
1980-09-03,3.255932
1980-09-04,3.246948
1980-09-05,3.220314
1980-09-08,3.310305
1980-09-09,3.260902
1980-09-10,3.327828
1980-09-11,3.336686
1980-09-12,3.325911
1980-09-15,3.309584
1980-09-16,3.429830
1980-09-17,3.199123
1980-09-18,3.213142
1980-09-19,3.349356
1980-09-22,3.412949
1980-09-23,3.341002
1980-09-24,3.383448
1980-09-25,3.574458
1980-09-26,3.473986
1980-09-29,3.657161
1980-09-30,3.468990
1980-10-01,3.440255
1980-10-02,3.460096
1980-10-03,3.421323
1980-10-06,3.421809
1980-10-07,3.379273
1980-10-08,3.324193
1980-10-09,3.236645
1980-10-10,3.298880
1980-10-14,3.140799
1980-10-15,3.082425
1980-10-16,3.156769
1980-10-17,3.254808
1980-10-20,3.247604
1980-10-21,3.380275
1980-10-22,3.183097
1980-10-23,3.334643
1980-10-24,3.251114
1980-10-27,3.373462
1980-10-28,3.482958
1980-10-29,3.378930
1980-10-30,3.313115
1980-10-31,3.293454
1980-11-03,3.191343
1980-11-05,3.174439
1980-11-06,3.444425
1980-11-07,3.378261
1980-11-10,3.371180
1980-11-12,3.290878
1980-11-13,3.318026
1980-11-14,3.276987
1980-11-17,3.124000
1980-11-18,2.978236
1980-11-19,2.948705
1980-11-20,3.005908
1980-11-21,3.033269
1980-11-24,2.901941
1980-11-25,2.769684
1980-11-26,2.683589
1980-11-28,2.647189
1980-12-01,2.719169
1980-12-02,2.804090
1980-12-03,2.748729
1980-12-04,2.744578
1980-12-05,2.450839
1980-12-08,2.425290
1980-12-09,2.606848
1980-12-10,2.588244
1980-12-11,3.038023
1980-12-12,2.785647
1980-12-15,2.616155
1980-12-16,2.621903
1980-12-17,2.327183
1980-12-18,2.131744
1980-12-19,2.202437
1980-12-22,2.024705
1980-12-23,2.522936
1980-12-24,2.668361
1980-12-26,2.608437
1980-12-29,2.636495
1980-12-30,2.789089
1980-12-31,2.831059
1981-01-02,2.865804
1981-01-05,2.950206
1981-01-06,2.937331
1981-01-07,2.711366
1981-01-08,2.698066
1981-01-09,2.694260
1981-01-12,2.776703
1981-01-13,2.778000
1981-01-14,2.874287
1981-01-15,2.921978
1981-01-16,2.837724
1981-01-19,2.851781
1981-01-20,2.680077
1981-01-21,2.760843
1981-01-22,2.825292
1981-01-23,2.790126
1981-01-26,2.775078
1981-01-27,2.789245
1981-01-28,2.843362
1981-01-29,2.906288
1981-01-30,2.901021
1981-02-02,3.009586
1981-02-03,3.121518
1981-02-04,3.077679
1981-02-05,3.156170
1981-02-06,3.171622
1981-02-09,3.264249
1981-02-10,3.208193
1981-02-11,3.259816
1981-02-13,3.326131
1981-02-17,3.131940
1981-02-18,3.169503
1981-02-19,3.103788
1981-02-20,3.082320
1981-02-23,3.361196
1981-02-24,3.409754
1981-02-25,3.421074
1981-02-26,3.540217
1981-02-27,3.510464
1981-03-02,3.622698
1981-03-03,3.477154
1981-03-04,3.577318
1981-03-05,3.544603
1981-03-06,3.516196
1981-03-09,3.462327
1981-03-10,3.407519
1981-03-11,3.489760
1981-03-12,3.514850
1981-03-13,3.501087
1981-03-16,3.608320
1981-03-17,3.615183
1981-03-18,3.581100
1981-03-19,3.762270
1981-03-20,3.822325
1981-03-23,3.993994
1981-03-24,4.045155
1981-03-25,3.995899
1981-03-26,4.037425
1981-03-27,4.012797
1981-03-30,4.099371
1981-03-31,4.159579
1981-04-01,3.998906
1981-04-02,4.100511
1981-04-03,4.087878
1981-04-06,4.103967
1981-04-07,3.878999
1981-04-08,3.981261
1981-04-09,3.937020
1981-04-10,3.964091
1981-04-13,3.739009
1981-04-14,3.558152
1981-04-15,3.652705
1981-04-16,3.673391
1981-04-20,3.312258
1981-04-21,3.276438
1981-04-22,3.443056
1981-04-23,3.426793
1981-04-24,3.425902
1981-04-27,3.507261
1981-04-28,3.537680
1981-04-29,3.572960
1981-04-30,3.689386
1981-05-01,3.660873
1981-05-04,3.839335
1981-05-05,3.696174
1981-05-06,3.540540
1981-05-07,3.379870
1981-05-08,3.144490
1981-05-11,3.307988
1981-05-12,3.312286
1981-05-13,3.321130
1981-05-14,3.185896
1981-05-15,3.071104
1981-05-18,3.133273
1981-05-19,3.201253
1981-05-20,3.054927
1981-05-21,3.021174
1981-05-22,3.015018
1981-05-26,2.879637
1981-05-27,2.982191
1981-05-28,2.975969
1981-05-29,2.974557
1981-06-01,3.119256
1981-06-02,3.057106
1981-06-03,3.023382
1981-06-04,3.023698
1981-06-05,3.019127
1981-06-08,3.090208
1981-06-09,3.090634
1981-06-10,3.168928
1981-06-11,3.122299
1981-06-12,3.139294
1981-06-15,3.084695
1981-06-16,3.126811
1981-06-17,3.067371
1981-06-18,3.026415
1981-06-19,3.180427
1981-06-22,3.021327
1981-06-23,2.996432
1981-06-24,3.220689
1981-06-25,3.263468
1981-06-26,3.294300
1981-06-29,3.317143
1981-06-30,3.528558
1981-07-01,3.547193
1981-07-02,3.433964
1981-07-06,3.391684
1981-07-07,3.545132
1981-07-08,3.560594
1981-07-09,3.385772
1981-07-10,3.214088
1981-07-13,3.158309
1981-07-14,3.213795
1981-07-15,3.150900
1981-07-16,3.254596
1981-07-17,3.203740
1981-07-20,3.125173
1981-07-21,3.310374
1981-07-22,3.241780
1981-07-23,3.253431
1981-07-24,3.206953
1981-07-27,3.308951
1981-07-28,3.244982
1981-07-29,3.233850
1981-07-30,3.300318
1981-07-31,3.260968
1981-08-03,3.364824
1981-08-04,3.335258
1981-08-05,3.521184
1981-08-06,3.497590
1981-08-07,3.461751
1981-08-10,3.663759
1981-08-11,3.170066
1981-08-12,3.139138
1981-08-13,3.119892
1981-08-14,3.210651
1981-08-17,3.159930
1981-08-18,3.139989
1981-08-19,3.158067
1981-08-20,3.262789
1981-08-21,3.310781
1981-08-24,3.411594
1981-08-25,3.670608
1981-08-26,3.652025
1981-08-27,3.723234
1981-08-28,3.690662
1981-08-31,4.039717
1981-09-01,3.969211
1981-09-02,3.968875
1981-09-03,4.110665
1981-09-04,4.084272
1981-09-08,4.172511
1981-09-09,4.011469
1981-09-10,3.998365
1981-09-11,3.779234
1981-09-14,4.127886
1981-09-15,3.721180
1981-09-16,3.736830
1981-09-17,3.801999
1981-09-18,3.687748
1981-09-21,3.842841
1981-09-22,3.894265
1981-09-23,4.114988
1981-09-24,4.147440
1981-09-25,4.810622
1981-09-28,4.587385
1981-09-29,4.714759
1981-09-30,4.627565
1981-10-01,4.669721
1981-10-02,4.442597
1981-10-05,4.580122
1981-10-06,4.426316
1981-10-07,4.175568
1981-10-08,4.114176
1981-10-09,3.892198
1981-10-13,4.627431
1981-10-14,4.539563
1981-10-15,4.573492
1981-10-16,4.682270
1981-10-19,4.545771
1981-10-20,4.622804
1981-10-21,4.938373
1981-10-22,4.914374
1981-10-23,4.811923
1981-10-26,4.970940
1981-10-27,4.939420
1981-10-28,4.957480
1981-10-29,4.641297
1981-10-30,4.734585
1981-11-02,4.599374
1981-11-04,4.246271
1981-11-05,4.327184
1981-11-06,4.284187
1981-11-09,4.461875
1981-11-10,4.457767
1981-11-12,4.503317
1981-11-13,4.301160
1981-11-16,4.167990
1981-11-17,4.305067
1981-11-18,4.207986
1981-11-19,4.392688
1981-11-20,4.431682
1981-11-23,4.711722
1981-11-24,4.703663
1981-11-25,4.497271
1981-11-27,4.357118
1981-11-30,4.368344
1981-12-01,4.631847
1981-12-02,4.456585
1981-12-03,4.454812
1981-12-04,4.320431
1981-12-07,4.476657
1981-12-08,4.437876
1981-12-09,4.645701
1981-12-10,4.558361
1981-12-11,4.500450
1981-12-14,4.511433
1981-12-15,4.512502
1981-12-16,4.471430
1981-12-17,4.533159
1981-12-18,4.390266
1981-12-21,4.324163
1981-12-22,4.413475
1981-12-23,4.510173
1981-12-24,4.444274
1981-12-28,4.506019
1981-12-29,4.669383
1981-12-30,4.810744
1981-12-31,4.621192
1982-01-04,4.737782
1982-01-05,4.785788
1982-01-06,5.069533
1982-01-07,5.111272
1982-01-08,5.038618
1982-01-11,5.278406
1982-01-12,5.136529
1982-01-13,5.237337
1982-01-14,5.020548
1982-01-15,5.001286
1982-01-18,4.817136
1982-01-19,5.028882
1982-01-20,4.881215
1982-01-21,4.672021
1982-01-22,4.595234
1982-01-25,4.523948
1982-01-26,4.534565
1982-01-27,4.535943
1982-01-28,4.699808
1982-01-29,4.475725
1982-02-01,4.497526
1982-02-02,4.515928
1982-02-03,4.571272
1982-02-04,4.667546
1982-02-05,4.568010
1982-02-08,4.549327
1982-02-09,4.749895
1982-02-10,4.747195
1982-02-11,4.456712
1982-02-16,4.332645
1982-02-17,4.207001
1982-02-18,4.077965
1982-02-19,3.937454
1982-02-22,4.038298
1982-02-23,4.093208
1982-02-24,4.069111
1982-02-25,4.219181
1982-02-26,4.263297
1982-03-01,4.166973
1982-03-02,3.988513
1982-03-03,3.883974
1982-03-04,3.910933
1982-03-05,4.013496
1982-03-08,4.191379
1982-03-09,4.179362
1982-03-10,4.131524
1982-03-11,4.123210
1982-03-12,4.020100
1982-03-15,3.865947
1982-03-16,3.948388
1982-03-17,3.922661
1982-03-18,3.885749
1982-03-19,3.812414
1982-03-22,3.661228
1982-03-23,3.572581
1982-03-24,3.667749
1982-03-25,3.792253
1982-03-26,3.905856
1982-03-29,4.015495
1982-03-30,3.905953
1982-03-31,3.820879
1982-04-01,3.791856
1982-04-02,3.855591
1982-04-05,3.923654
1982-04-06,3.928967
1982-04-07,3.893294
1982-04-08,3.643653
1982-04-12,3.708695
1982-04-13,3.603405
1982-04-14,3.651004
1982-04-15,3.566662
1982-04-16,3.397900
1982-04-19,3.406979
1982-04-20,3.605899
1982-04-21,3.692200
1982-04-22,3.650833
1982-04-23,3.644890
1982-04-26,3.644978
1982-04-27,3.649319
1982-04-28,3.695358
1982-04-29,3.861879
1982-04-30,3.823002
1982-05-03,3.835426
1982-05-04,3.751876
1982-05-05,3.782414
1982-05-06,3.715964
1982-05-07,3.609366
1982-05-10,3.656870
1982-05-11,3.610817
1982-05-12,3.729459
1982-05-13,3.691753
1982-05-14,3.642605
1982-05-17,4.114458
1982-05-18,3.957478
1982-05-19,3.953021
1982-05-20,4.010960
1982-05-21,4.044535
1982-05-24,4.059774
1982-05-25,4.106930
1982-05-26,4.275509
1982-05-27,4.303671
1982-05-28,4.288306
1982-06-01,4.421021
1982-06-02,4.274075
1982-06-03,4.368731
1982-06-04,4.376804
1982-06-07,4.311819
1982-06-08,4.368421
1982-06-09,4.317731
1982-06-10,4.352052
1982-06-11,4.252341
1982-06-14,4.380148
1982-06-15,4.240659
1982-06-16,4.324910
1982-06-17,4.362607
1982-06-18,4.335056
1982-06-21,4.106427
1982-06-22,4.338782
1982-06-23,4.180706
1982-06-24,4.233055
1982-06-25,4.198459
1982-06-28,4.149555
1982-06-29,4.040900
1982-06-30,4.010619
1982-07-01,3.955948
1982-07-02,4.032392
1982-07-06,3.980864
1982-07-07,4.060795
1982-07-08,3.990864
1982-07-09,3.936966
1982-07-12,4.072771
1982-07-13,4.084756
1982-07-14,4.161329
1982-07-15,4.106431
1982-07-16,4.269292
1982-07-19,4.163973
1982-07-20,4.105698
1982-07-21,4.178849
1982-07-22,4.275518
1982-07-23,4.452726
1982-07-26,4.498301
1982-07-27,4.613936
1982-07-28,4.610376
1982-07-29,4.570598
1982-07-30,4.521723
1982-08-02,4.503433
1982-08-03,4.637672
1982-08-04,4.636425
1982-08-05,4.636136
1982-08-06,4.726571
1982-08-09,4.609116
1982-08-10,4.653251
1982-08-11,4.648147
1982-08-12,4.610417
1982-08-13,4.412748
1982-08-16,4.524011
1982-08-17,4.388727
1982-08-18,4.354369
1982-08-19,4.133860
1982-08-20,4.201097
1982-08-23,4.378111
1982-08-24,4.300913
1982-08-25,4.322429
1982-08-26,4.384255
1982-08-27,4.505337
1982-08-30,4.392205
1982-08-31,4.385990
1982-09-01,4.346141
1982-09-02,4.203252
1982-09-03,4.157707
1982-09-07,4.216682
1982-09-08,4.079061
1982-09-09,4.100316
1982-09-10,4.308575
1982-09-13,4.200345
1982-09-14,4.253040
1982-09-15,4.234658
1982-09-16,4.138432
1982-09-17,4.167632
1982-09-20,4.078201
1982-09-21,3.936265
1982-09-22,3.871474
1982-09-23,3.978482
1982-09-24,4.078836
1982-09-27,4.019396
1982-09-28,3.980098
1982-09-29,4.090750
1982-09-30,4.103823
1982-10-01,4.007180
1982-10-04,4.138004
1982-10-05,4.044070
1982-10-06,3.913727
1982-10-07,3.864566
1982-10-08,3.707508
1982-10-12,3.545947
1982-10-13,3.487106
1982-10-14,3.620892
1982-10-15,3.713114
1982-10-18,3.679034
1982-10-19,3.629581
1982-10-20,3.674151
1982-10-21,3.660698
1982-10-22,3.652385
1982-10-25,3.741900
1982-10-26,3.666924
1982-10-27,3.725089
1982-10-28,3.659660
1982-10-29,3.588684
1982-11-01,3.524649
1982-11-03,3.407301
1982-11-04,3.388757
1982-11-05,3.444570
1982-11-08,3.494785
1982-11-09,3.491101
1982-11-10,3.462843
1982-11-12,3.494704
1982-11-15,3.578215
1982-11-16,3.612199
1982-11-17,3.568044
1982-11-18,3.510127
1982-11-19,3.488969
1982-11-22,3.533260
1982-11-23,3.642963
1982-11-24,3.684076
1982-11-26,3.562501
1982-11-29,3.653695
1982-11-30,3.750665
1982-12-01,3.762997
1982-12-02,3.702630
1982-12-03,3.586693
1982-12-06,3.223503
1982-12-07,3.221085
1982-12-08,3.315194
1982-12-09,3.346514
1982-12-10,3.389009
1982-12-13,3.350230
1982-12-14,3.590108
1982-12-15,3.617493
1982-12-16,3.680845
1982-12-17,3.670077
1982-12-20,3.668322
1982-12-21,3.463419
1982-12-22,3.529188
1982-12-23,3.425230
1982-12-27,3.395639
1982-12-28,3.390949
1982-12-29,3.568410
1982-12-30,3.592524
1982-12-31,3.553493
1983-01-03,3.513260
1983-01-04,3.552679
1983-01-05,3.534565
1983-01-06,3.596617
1983-01-07,3.641729
1983-01-10,3.735312
1983-01-11,3.754585
1983-01-12,3.754085
1983-01-13,3.765611
1983-01-14,3.845256
1983-01-17,3.879083
1983-01-18,3.895572
1983-01-19,3.946733
1983-01-20,3.922510
1983-01-21,3.967722
1983-01-24,3.965305
1983-01-25,3.933526
1983-01-26,4.042925
1983-01-27,4.014829
1983-01-28,4.046684
1983-01-31,4.063859
1983-02-01,4.049174
1983-02-02,3.982952
1983-02-03,4.044751
1983-02-04,4.024361
1983-02-07,4.010404
1983-02-08,4.009103
1983-02-09,4.002250
1983-02-10,3.910839
1983-02-11,3.903372
1983-02-14,3.865776
1983-02-15,3.885623
1983-02-16,3.902620
1983-02-17,3.824170
1983-02-18,3.695750
1983-02-22,3.578648
1983-02-23,3.547003
1983-02-24,3.614179
1983-02-25,3.575634
1983-02-28,3.609669
1983-03-01,3.523697
1983-03-02,3.543399
1983-03-03,3.593998
1983-03-04,3.659513
1983-03-07,3.669879
1983-03-08,3.743231
1983-03-09,3.762135
1983-03-10,3.747648
1983-03-11,3.817035
1983-03-14,3.752744
1983-03-15,3.705624
1983-03-16,3.738365
1983-03-17,3.702787
1983-03-18,3.684739
1983-03-21,3.593598
1983-03-22,3.589770
1983-03-23,3.514046
1983-03-24,3.563862
1983-03-25,3.642445
1983-03-28,3.618221
1983-03-29,3.630655
1983-03-30,3.602787
1983-03-31,3.622567
1983-04-04,3.625626
1983-04-05,3.609957
1983-04-06,3.598795
1983-04-07,3.646279
1983-04-08,3.660332
1983-04-11,3.634865
1983-04-12,3.571951
1983-04-13,3.544450
1983-04-14,3.511167
1983-04-15,3.499093
1983-04-18,3.502688
1983-04-19,3.579674
1983-04-20,3.581347
1983-04-21,3.579874
1983-04-22,3.604214
1983-04-25,3.628732
1983-04-26,3.605415
1983-04-27,3.529062
1983-04-28,3.607353
1983-04-29,3.583780
1983-05-02,3.560712
1983-05-03,3.564634
1983-05-04,3.575318
1983-05-05,3.585475
1983-05-06,3.581642
1983-05-09,3.625079
1983-05-10,3.591204
1983-05-11,3.622788
1983-05-12,3.620386
1983-05-13,3.594757
1983-05-16,3.753066
1983-05-17,3.776621
1983-05-18,3.815563
1983-05-19,3.838098
1983-05-20,3.848724
1983-05-23,3.803546
1983-05-24,3.775451
1983-05-25,3.775234
1983-05-26,3.782489
1983-05-27,3.649641
1983-05-31,3.714411
1983-06-01,3.642210
1983-06-02,3.654335
1983-06-03,3.727642
1983-06-06,3.684330
1983-06-07,3.696725
1983-06-08,3.738788
1983-06-09,3.724665
1983-06-10,3.747369
1983-06-13,3.706054
1983-06-14,3.717182
1983-06-15,3.603715
1983-06-16,3.468581
1983-06-17,3.496694
1983-06-20,3.463672
1983-06-21,3.370006
1983-06-22,3.418707
1983-06-23,3.491144
1983-06-24,3.558726
1983-06-27,3.626032
1983-06-28,3.684662
1983-06-29,3.624779
1983-06-30,3.688367
1983-07-01,3.680164
1983-07-05,3.713638
1983-07-06,3.706927
1983-07-07,3.867248
1983-07-08,3.884290
1983-07-11,3.834729
1983-07-12,3.976509
1983-07-13,3.988996
1983-07-14,3.972221
1983-07-15,4.000797
1983-07-18,3.887519
1983-07-19,3.875680
1983-07-20,3.852195
1983-07-21,3.906497
1983-07-22,4.036195
1983-07-25,3.975444
1983-07-26,4.036177
1983-07-27,4.073624
1983-07-28,4.149229
1983-07-29,4.164680
1983-08-01,4.253779
1983-08-02,4.170089
1983-08-03,4.175954
1983-08-04,4.301280
1983-08-05,4.326525
1983-08-08,4.351631
1983-08-09,4.301076
1983-08-10,4.307234
1983-08-11,4.314113
1983-08-12,4.162869
1983-08-15,4.084483
1983-08-16,4.100276
1983-08-17,4.067466
1983-08-18,4.118223
1983-08-19,4.166580
1983-08-22,4.026171
1983-08-23,4.040106
1983-08-24,4.031071
1983-08-25,4.058668
1983-08-26,4.075707
1983-08-29,4.187038
1983-08-30,4.208929
1983-08-31,4.244258
1983-09-01,4.253836
1983-09-02,4.287719
1983-09-06,4.247374
1983-09-07,4.142246
1983-09-08,4.107661
1983-09-09,4.110748
1983-09-12,4.034581
1983-09-13,4.086441
1983-09-14,4.169288
1983-09-15,4.187585
1983-09-16,4.130044
1983-09-19,4.136668
1983-09-20,4.084407
1983-09-21,4.092470
1983-09-22,4.068586
1983-09-23,4.012556
1983-09-26,4.038062
1983-09-27,4.059162
1983-09-28,4.090426
1983-09-29,4.086096
1983-09-30,4.068101
1983-10-03,4.092406
1983-10-04,4.097197
1983-10-05,4.032828
1983-10-06,4.063891
1983-10-07,4.072316
1983-10-11,4.189594
1983-10-12,4.218217
1983-10-13,4.287810
1983-10-14,4.277916
1983-10-17,4.247365
1983-10-18,4.282739
1983-10-19,4.241761
1983-10-20,4.229478
1983-10-21,4.194201
1983-10-24,4.282304
1983-10-25,4.328161
1983-10-26,4.315047
1983-10-27,4.317130
1983-10-28,4.347127
1983-10-31,4.363358
1983-11-01,4.343169
1983-11-02,4.323060
1983-11-03,4.357660
1983-11-04,4.369471
1983-11-07,4.333408
1983-11-09,4.329881
1983-11-10,4.308816
1983-11-14,4.222728
1983-11-15,4.222203
1983-11-16,4.226561
1983-11-17,4.230557
1983-11-18,4.231501
1983-11-21,4.205600
1983-11-22,4.138175
1983-11-23,4.158133
1983-11-25,4.125727
1983-11-28,4.101104
1983-11-29,4.089405
1983-11-30,4.075020
1983-12-01,4.090816
1983-12-02,4.155173
1983-12-05,4.163739
1983-12-06,4.160248
1983-12-07,4.175467
1983-12-08,4.256477
1983-12-09,4.276563
1983-12-12,4.269597
1983-12-13,4.275270
1983-12-14,4.274910
1983-12-15,4.257297
1983-12-16,4.232393
1983-12-19,4.246346
1983-12-20,4.236731
1983-12-21,4.225199
1983-12-22,4.239863
1983-12-23,4.228174
1983-12-27,4.184142
1983-12-28,4.208416
1983-12-29,4.193189
1983-12-30,4.223418
1984-01-03,4.277273
1984-01-04,4.234591
1984-01-05,4.236297
1984-01-06,4.242312
1984-01-09,4.219113
1984-01-10,4.194494
1984-01-11,4.189003
1984-01-12,4.167433
1984-01-13,4.147627
1984-01-16,4.089679
1984-01-17,4.131167
1984-01-18,4.121047
1984-01-19,4.103732
1984-01-20,4.100148
1984-01-23,4.083744
1984-01-24,4.067134
1984-01-25,4.093443
1984-01-26,4.099541
1984-01-27,4.121055
1984-01-30,4.174936
1984-01-31,4.166982
1984-02-01,4.161190
1984-02-02,4.102386
1984-02-03,4.089705
1984-02-06,4.092153
1984-02-07,4.115187
1984-02-08,4.156000
1984-02-09,4.197953
1984-02-10,4.202786
1984-02-14,4.221458
1984-02-15,4.206223
1984-02-16,4.239139
1984-02-17,4.224825
1984-02-21,4.232342
1984-02-22,4.235166
1984-02-23,4.268129
1984-02-24,4.264558
1984-02-27,4.299870
1984-02-28,4.334668
1984-02-29,4.334850
1984-03-01,4.342287
1984-03-02,4.331454
1984-03-05,4.398034
1984-03-06,4.424509
1984-03-07,4.527736
1984-03-08,4.512504
1984-03-09,4.495445
1984-03-12,4.472275
1984-03-13,4.462991
1984-03-14,4.483268
1984-03-15,4.473610
1984-03-16,4.481859
1984-03-19,4.556166
1984-03-20,4.520575
1984-03-21,4.472364
1984-03-22,4.454809
1984-03-23,4.433537
1984-03-26,4.429165
1984-03-27,4.430867
1984-03-28,4.440486
1984-03-29,4.427018
1984-03-30,4.414211
1984-04-02,4.489639
1984-04-03,4.440624
1984-04-04,4.454269
1984-04-05,4.497184
1984-04-06,4.460346
1984-04-09,4.425482
1984-04-10,4.474034
1984-04-11,4.497580
1984-04-12,4.428774
1984-04-13,4.481759
1984-04-16,4.521704
1984-04-17,4.507715
1984-04-18,4.610896
1984-04-19,4.686625
1984-04-23,4.701868
1984-04-24,4.666008
1984-04-25,4.595986
1984-04-26,4.580330
1984-04-27,4.631651
1984-04-30,4.628212
1984-05-01,4.647851
1984-05-02,4.663930
1984-05-03,4.670869
1984-05-04,4.700529
1984-05-07,4.745359
1984-05-08,4.674065
1984-05-09,4.699626
1984-05-10,4.771002
1984-05-11,4.875760
1984-05-14,5.043156
1984-05-15,4.940742
1984-05-16,4.884005
1984-05-17,4.956531
1984-05-18,4.895061
1984-05-21,4.858760
1984-05-22,4.919365
1984-05-23,4.916260
1984-05-24,5.031732
1984-05-25,5.086862
1984-05-29,5.103437
1984-05-30,5.112062
1984-05-31,5.204906
1984-06-01,5.083063
1984-06-04,4.952381
1984-06-05,4.885355
1984-06-06,4.990879
1984-06-07,4.945224
1984-06-08,4.924561
1984-06-11,4.909361
1984-06-12,4.835571
1984-06-13,4.844200
1984-06-14,4.787421
1984-06-15,4.718499
1984-06-18,4.587205
1984-06-19,4.668851
1984-06-20,4.696017
1984-06-21,4.757808
1984-06-22,4.824000
1984-06-25,4.840454
1984-06-26,4.856386
1984-06-27,4.825877
1984-06-28,4.972596
1984-06-29,5.025737
1984-07-02,5.110756
1984-07-03,5.093704
1984-07-05,5.105185
1984-07-06,5.082267
1984-07-09,4.834589
1984-07-10,4.813730
1984-07-11,4.828991
1984-07-12,4.728024
1984-07-13,4.701159
1984-07-16,4.655879
1984-07-17,4.703465
1984-07-18,4.651949
1984-07-19,4.613856
1984-07-20,4.783308
1984-07-23,4.711150
1984-07-24,4.731953
1984-07-25,4.537602
1984-07-26,4.505419
1984-07-27,4.426887
1984-07-30,4.490665
1984-07-31,4.429849
1984-08-01,4.365604
1984-08-02,4.250017
1984-08-03,4.260787
1984-08-06,4.231298
1984-08-07,4.225815
1984-08-08,4.238039
1984-08-09,4.180578
1984-08-10,4.170389
1984-08-13,4.130336
1984-08-14,4.187698
1984-08-15,4.241021
1984-08-16,4.149817
1984-08-17,4.112645
1984-08-20,4.122328
1984-08-21,4.039522
1984-08-22,4.029849
1984-08-23,4.091848
1984-08-24,4.060109
1984-08-27,4.186265
1984-08-28,4.134028
1984-08-29,4.113578
1984-08-30,4.099134
1984-08-31,4.033696
1984-09-04,4.038402
1984-09-05,4.003835
1984-09-06,3.944141
1984-09-07,3.894453
1984-09-10,3.863296
1984-09-11,3.804675
1984-09-12,3.798873
1984-09-13,3.735164
1984-09-14,3.753984
1984-09-17,3.752121
1984-09-18,3.724900
1984-09-19,3.691581
1984-09-20,3.694842
1984-09-21,3.795587
1984-09-24,3.847393
1984-09-25,3.879997
1984-09-26,3.856732
1984-09-27,3.818157
1984-09-28,3.856864
1984-10-01,3.919067
1984-10-02,3.940947
1984-10-03,3.933108
1984-10-04,3.926949
1984-10-05,3.842647
1984-10-09,3.790527
1984-10-10,3.812991
1984-10-11,3.854497
1984-10-12,3.882202
1984-10-15,3.910877
1984-10-16,3.939481
1984-10-17,3.893461
1984-10-18,3.805867
1984-10-19,3.748890
1984-10-22,3.654046
1984-10-23,3.743222
1984-10-24,3.771095
1984-10-25,3.845844
1984-10-26,3.829337
1984-10-29,3.843727
1984-10-30,3.759448
1984-10-31,3.829086
1984-11-01,3.806413
1984-11-02,3.873150
1984-11-05,3.876500
1984-11-07,4.073256
1984-11-08,4.157691
1984-11-09,4.119130
1984-11-13,4.170243
1984-11-14,4.194522
1984-11-15,4.198202
1984-11-16,4.185012
1984-11-19,4.128109
1984-11-20,4.143235
1984-11-21,4.012560
1984-11-23,3.935433
1984-11-26,3.917559
1984-11-27,3.888117
1984-11-28,4.038788
1984-11-29,4.026229
1984-11-30,4.095823
1984-12-03,4.015138
1984-12-04,4.055871
1984-12-05,4.110123
1984-12-06,4.206159
1984-12-07,4.235675
1984-12-10,4.217258
1984-12-11,4.182396
1984-12-12,4.204335
1984-12-13,4.347955
1984-12-14,4.338204
1984-12-17,4.360278
1984-12-18,4.343397
1984-12-19,4.359494
1984-12-20,4.377792
1984-12-21,4.336020
1984-12-24,4.337384
1984-12-26,4.424219
1984-12-27,4.401869
1984-12-28,4.385268
1984-12-31,4.456956
1985-01-02,4.597282
1985-01-03,4.558968
1985-01-04,4.593243
1985-01-07,4.477489
1985-01-08,4.423340
1985-01-09,4.417357
1985-01-10,4.464093
1985-01-11,4.526364
1985-01-14,4.607033
1985-01-15,4.552718
1985-01-16,4.562636
1985-01-17,4.444510
1985-01-18,4.466459
1985-01-22,4.372093
1985-01-23,4.338884
1985-01-24,4.114351
1985-01-25,4.171179
1985-01-28,4.149417
1985-01-29,4.033050
1985-01-30,3.983793
1985-01-31,4.003243
1985-02-01,4.004828
1985-02-04,4.066104
1985-02-05,4.020783
1985-02-06,4.112769
1985-02-07,4.140277
1985-02-08,4.154863
1985-02-11,4.181471
1985-02-13,4.170620
1985-02-14,4.169779
1985-02-15,4.260661
1985-02-19,4.233986
1985-02-20,4.381044
1985-02-21,4.327957
1985-02-22,4.404146
1985-02-25,4.408282
1985-02-26,4.314690
1985-02-27,4.495026
1985-02-28,4.445696
1985-03-01,4.382855
1985-03-04,4.397576
1985-03-05,4.295015
1985-03-06,4.314313
1985-03-07,4.289436
1985-03-08,4.288501
1985-03-11,4.272825
1985-03-12,4.260093
1985-03-13,4.250420
1985-03-14,4.242159
1985-03-15,4.283125
1985-03-18,4.358384
1985-03-19,4.340843
1985-03-20,4.256192
1985-03-21,4.318693
1985-03-22,4.364556
1985-03-25,4.404121
1985-03-26,4.356458
1985-03-27,4.434390
1985-03-28,4.483314
1985-03-29,4.416815
1985-04-01,4.429435
1985-04-02,4.452263
1985-04-03,4.475457
1985-04-04,4.474469
1985-04-08,4.530884
1985-04-09,4.489225
1985-04-10,4.414502
1985-04-11,4.385741
1985-04-12,4.396582
1985-04-15,4.349957
1985-04-16,4.437885
1985-04-17,4.341164
1985-04-18,4.361028
1985-04-19,4.358745
1985-04-22,4.377998
1985-04-23,4.414592
1985-04-24,4.474130
1985-04-25,4.532535
1985-04-26,4.521406
1985-04-29,4.578423
1985-04-30,4.571677
1985-05-01,4.506180
1985-05-02,4.496938
1985-05-03,4.484755
1985-05-06,4.495552
1985-05-07,4.530498
1985-05-08,4.596587
1985-05-09,4.572828
1985-05-10,4.473771
1985-05-13,4.458677
1985-05-14,4.423187
1985-05-15,4.451264
1985-05-16,4.473059
1985-05-17,4.466091
1985-05-20,4.338692
1985-05-21,4.409240
1985-05-22,4.449804
1985-05-23,4.410013
1985-05-24,4.361977
1985-05-28,4.155995
1985-05-29,4.150937
1985-05-30,4.059309
1985-05-31,3.926300
1985-06-03,3.777283
1985-06-04,3.821056
1985-06-05,3.825864
1985-06-06,3.842913
1985-06-07,3.912073
1985-06-10,3.808914
1985-06-11,3.760136
1985-06-12,3.864469
1985-06-13,3.978922
1985-06-14,4.073104
1985-06-17,3.902396
1985-06-18,3.899219
1985-06-19,3.977161
1985-06-20,4.036239
1985-06-21,4.038474
1985-06-24,4.164617
1985-06-25,4.109241
1985-06-26,4.147270
1985-06-27,4.067531
1985-06-28,4.023109
1985-07-01,3.977325
1985-07-02,3.995357
1985-07-03,4.030532
1985-07-05,4.056900
1985-07-08,4.022082
1985-07-09,4.039532
1985-07-10,4.020525
1985-07-11,4.042432
1985-07-12,4.016740
1985-07-15,4.043098
1985-07-16,3.978284
1985-07-17,3.988581
1985-07-18,4.123018
1985-07-19,4.085002
1985-07-22,4.074924
1985-07-23,4.085198
1985-07-24,4.106294
1985-07-25,4.193748
1985-07-26,4.268590
1985-07-29,4.303008
1985-07-30,4.283010
1985-07-31,4.207452
1985-08-01,4.093843
1985-08-02,4.129401
1985-08-05,4.123151
1985-08-06,4.127578
1985-08-07,4.114172
1985-08-08,4.060610
1985-08-09,4.077606
1985-08-12,4.110328
1985-08-13,4.186552
1985-08-14,4.160875
1985-08-15,4.133836
1985-08-16,4.065299
1985-08-19,4.067962
1985-08-20,4.002128
1985-08-21,3.966914
1985-08-22,3.954103
1985-08-23,3.963465
1985-08-26,3.959137
1985-08-27,3.916536
1985-08-28,3.959780
1985-08-29,3.945150
1985-08-30,3.969170
1985-09-03,3.980054
1985-09-04,3.965664
1985-09-05,4.035307
1985-09-06,4.185199
1985-09-09,4.161111
1985-09-10,4.155149
1985-09-11,4.192346
1985-09-12,4.178345
1985-09-13,4.166110
1985-09-16,4.102638
1985-09-17,4.165976
1985-09-18,4.194016
1985-09-19,4.171352
1985-09-20,4.111178
1985-09-23,4.281952
1985-09-24,4.247641
1985-09-25,4.297881
1985-09-26,4.193441
1985-09-30,4.152958
1985-10-01,4.154273
1985-10-02,4.171918
1985-10-03,4.185916
1985-10-04,4.210247
1985-10-07,4.220827
1985-10-08,4.149524
1985-10-09,4.149671
1985-10-10,4.128572
1985-10-11,4.112978
1985-10-15,4.046315
1985-10-16,4.070120
1985-10-17,4.033172
1985-10-18,4.015057
1985-10-21,4.028585
1985-10-22,3.977265
1985-10-23,3.986803
1985-10-24,3.957190
1985-10-25,4.059022
1985-10-28,4.089435
1985-10-29,3.944728
1985-10-30,3.948985
1985-10-31,3.956223
1985-11-01,3.921915
1985-11-04,3.954698
1985-11-05,3.914842
1985-11-06,3.947339
1985-11-07,3.902373
1985-11-08,3.876471
1985-11-12,3.812895
1985-11-13,3.793206
1985-11-14,3.794611
1985-11-15,3.839949
1985-11-18,3.792097
1985-11-19,3.801824
1985-11-20,3.738906
1985-11-21,3.657676
1985-11-22,3.734412
1985-11-25,3.854495
1985-11-26,3.866634
1985-11-27,3.798992
1985-11-29,3.750287
1985-12-02,3.859779
1985-12-03,3.855390
1985-12-04,3.808141
1985-12-05,3.785999
1985-12-06,3.807765
1985-12-09,3.737141
1985-12-10,3.682545
1985-12-11,3.671508
1985-12-12,3.725135
1985-12-13,3.662156
1985-12-16,3.599402
1985-12-17,3.491869
1985-12-18,3.486024
1985-12-19,3.445884
1985-12-20,3.461854
1985-12-23,3.452019
1985-12-24,3.442185
1985-12-26,3.413814
1985-12-27,3.358111
1985-12-30,3.354966
1985-12-31,3.363805
1986-01-02,3.377873
1986-01-03,3.374458
1986-01-06,3.381217
1986-01-07,3.282128
1986-01-08,3.460978
1986-01-09,3.422625
1986-01-10,3.481459
1986-01-13,3.565530
1986-01-14,3.497910
1986-01-15,3.424585
1986-01-16,3.483562
1986-01-17,3.422985
1986-01-21,3.425114
1986-01-22,3.506066
1986-01-23,3.482458
1986-01-24,3.510872
1986-01-27,3.469639
1986-01-28,3.428272
1986-01-29,3.454382
1986-01-30,3.497274
1986-01-31,3.521068
1986-02-03,3.482148
1986-02-04,3.426613
1986-02-05,3.490941
1986-02-06,3.519589
1986-02-07,3.518524
1986-02-10,3.480129
1986-02-11,3.415302
1986-02-12,3.364874
1986-02-13,3.275380
1986-02-14,3.109166
1986-02-18,3.071631
1986-02-19,3.033597
1986-02-20,2.945230
1986-02-21,2.775399
1986-02-24,2.648104
1986-02-25,2.613865
1986-02-26,2.509161
1986-02-27,2.342320
1986-02-28,2.321594
1986-03-03,2.284630
1986-03-04,2.385479
1986-03-05,2.533849
1986-03-06,2.563521
1986-03-07,2.603426
1986-03-10,2.516429
1986-03-11,2.403226
1986-03-12,2.326709
1986-03-13,2.358010
1986-03-14,2.344314
1986-03-17,2.410344
1986-03-18,2.504352
1986-03-19,2.457997
1986-03-20,2.408383
1986-03-21,2.438182
1986-03-24,2.360062
1986-03-25,2.341273
1986-03-26,2.255865
1986-03-27,1.994620
1986-03-31,1.901157
1986-04-01,1.865553
1986-04-02,1.832944
1986-04-03,1.881708
1986-04-04,2.050575
1986-04-07,2.170429
1986-04-08,2.044090
1986-04-09,2.089014
1986-04-10,2.048091
1986-04-11,2.096786
1986-04-14,2.060910
1986-04-15,2.089477
1986-04-16,1.946550
1986-04-17,1.955276
1986-04-18,2.008577
1986-04-21,1.981416
1986-04-22,2.120856
1986-04-23,2.127087
1986-04-24,2.108625
1986-04-25,2.044221
1986-04-28,2.071684
1986-04-29,2.027404
1986-04-30,2.012246
1986-05-01,2.065425
1986-05-02,2.162615
1986-05-05,2.094017
1986-05-06,2.070739
1986-05-07,2.132569
1986-05-08,2.160483
1986-05-09,2.195095
1986-05-12,2.317366
1986-05-13,2.343446
1986-05-14,2.285796
1986-05-15,2.297156
1986-05-16,2.415975
1986-05-19,2.375506
1986-05-20,2.334665
1986-05-21,2.370919
1986-05-22,2.351677
1986-05-23,2.329249
1986-05-27,2.252964
1986-05-28,2.202279
1986-05-29,2.380821
1986-05-30,2.483959
1986-06-02,2.654106
1986-06-03,2.632105
1986-06-04,2.723831
1986-06-05,2.651441
1986-06-06,2.543325
1986-06-09,2.620649
1986-06-10,2.658109
1986-06-11,2.607369
1986-06-12,2.556780
1986-06-13,2.442081
1986-06-16,2.336501
1986-06-17,2.341778
1986-06-18,2.359677
1986-06-19,2.460695
1986-06-20,2.356999
1986-06-23,2.274402
1986-06-24,2.188534
1986-06-25,2.210083
1986-06-26,2.236745
1986-06-27,2.227657
1986-06-30,2.202194
1986-07-01,2.255737
1986-07-02,2.200469
1986-07-03,2.189821
1986-07-07,2.164480
1986-07-08,2.252349
1986-07-09,2.199749
1986-07-10,2.251598
1986-07-11,2.392729
1986-07-14,2.334841
1986-07-15,2.256001
1986-07-16,2.252619
1986-07-17,2.359370
1986-07-18,2.397642
1986-07-21,2.434461
1986-07-22,2.474740
1986-07-23,2.486369
1986-07-24,2.554543
1986-07-25,2.563034
1986-07-28,2.752166
1986-07-29,2.660562
1986-07-30,2.670699
1986-07-31,2.608970
1986-08-01,2.614347
1986-08-04,2.589691
1986-08-05,2.686620
1986-08-06,2.746320
1986-08-07,2.716328
1986-08-08,2.579883
1986-08-11,2.501584
1986-08-12,2.489112
1986-08-13,2.477784
1986-08-14,2.443985
1986-08-15,2.440015
1986-08-18,2.451744
1986-08-19,2.383003
1986-08-20,2.416314
1986-08-21,2.488603
1986-08-22,2.619415
1986-08-25,2.618279
1986-08-26,2.554023
1986-08-27,2.581142
1986-08-28,2.610705
1986-08-29,2.590957
1986-09-02,2.598789
1986-09-03,2.804817
1986-09-04,2.794716
1986-09-05,2.855505
1986-09-08,2.907768
1986-09-09,2.853867
1986-09-10,2.868335
1986-09-11,3.054745
1986-09-12,3.114531
1986-09-15,3.082102
1986-09-16,3.086517
1986-09-17,2.993890
1986-09-18,3.075887
1986-09-19,3.179428
1986-09-22,3.139489
1986-09-23,3.079068
1986-09-24,2.979332
1986-09-25,2.968982
1986-09-26,2.981047
1986-09-29,2.990195
1986-09-30,2.917831
1986-10-01,2.840811
1986-10-02,2.881913
1986-10-03,2.868169
1986-10-06,2.899410
1986-10-07,2.936530
1986-10-08,2.987348
1986-10-09,3.042561
1986-10-10,3.073801
1986-10-14,3.211914
1986-10-15,3.192093
1986-10-16,3.214017
1986-10-17,3.199630
1986-10-20,3.242314
1986-10-21,3.176422
1986-10-22,3.101168
1986-10-23,3.041681
1986-10-24,3.058467
1986-10-27,3.028140
1986-10-28,3.037063
1986-10-29,2.964482
1986-10-30,2.880799
1986-10-31,2.871871
1986-11-03,2.849737
1986-11-04,2.831220
1986-11-05,2.812102
1986-11-06,2.901198
1986-11-07,3.003388
1986-11-10,2.975797
1986-11-12,2.956445
1986-11-13,2.915220
1986-11-14,2.881795
1986-11-17,2.742385
1986-11-18,2.748391
1986-11-19,2.719140
1986-11-20,2.693028
1986-11-21,2.708133
1986-11-24,2.678581
1986-11-25,2.740416
1986-11-26,2.748645
1986-11-28,2.744934
1986-12-01,2.749054
1986-12-02,2.671848
1986-12-03,2.641013
1986-12-04,2.610735
1986-12-05,2.691044
1986-12-08,2.677152
1986-12-09,2.676210
1986-12-10,2.675904
1986-12-11,2.723297
1986-12-12,2.737126
1986-12-15,2.727897
1986-12-16,2.684607
1986-12-17,2.654948
1986-12-18,2.613749
1986-12-19,2.599931
1986-12-22,2.547194
1986-12-23,2.510776
1986-12-24,2.485123
1986-12-26,2.483928
1986-12-29,2.556343
1986-12-30,2.581129
1986-12-31,2.639334
1987-01-02,2.619429
1987-01-05,2.520314
1987-01-06,2.508388
1987-01-07,2.496299
1987-01-08,2.491718
1987-01-09,2.459609
1987-01-12,2.477782
1987-01-13,2.525932
1987-01-14,2.565633
1987-01-15,2.546749
1987-01-16,2.513140
1987-01-20,2.483494
1987-01-21,2.478093
1987-01-22,2.521551
1987-01-23,2.560933
1987-01-26,2.662039
1987-01-27,2.653886
1987-01-28,2.594551
1987-01-29,2.584601
1987-01-30,2.591081
1987-02-02,2.600564
1987-02-03,2.595983
1987-02-04,2.571156
1987-02-05,2.517626
1987-02-06,2.488098
1987-02-09,2.515977
1987-02-10,2.592516
1987-02-11,2.565814
1987-02-12,2.534389
1987-02-13,2.536598
1987-02-17,2.578139
1987-02-18,2.566697
1987-02-19,2.558039
1987-02-20,2.571696
1987-02-23,2.542591
1987-02-24,2.471326
1987-02-25,2.475943
1987-02-26,2.474433
1987-02-27,2.463691
1987-03-02,2.440405
1987-03-03,2.458359
1987-03-04,2.399182
1987-03-05,2.399484
1987-03-06,2.426993
1987-03-09,2.438208
1987-03-10,2.439924
1987-03-11,2.438755
1987-03-12,2.425780
1987-03-13,2.417723
1987-03-16,2.429463
1987-03-17,2.415080
1987-03-18,2.422735
1987-03-19,2.427907
1987-03-20,2.446224
1987-03-23,2.463405
1987-03-24,2.468584
1987-03-25,2.444105
1987-03-26,2.421708
1987-03-27,2.489046
1987-03-30,2.623303
1987-03-31,2.610122
1987-04-01,2.632008
1987-04-02,2.646989
1987-04-03,2.677162
1987-04-06,2.651590
1987-04-07,2.700945
1987-04-08,2.695107
1987-04-09,2.781668
1987-04-10,2.769473
1987-04-13,2.765999
1987-04-14,2.869757
1987-04-15,2.835266
1987-04-16,2.853022
1987-04-20,2.903307
1987-04-21,2.922768
1987-04-22,2.960329
1987-04-23,3.071989
1987-04-24,3.193254
1987-04-27,3.122294
1987-04-28,3.041829
1987-04-29,3.063540
1987-04-30,2.959812
1987-05-01,2.998244
1987-05-04,3.054954
1987-05-05,2.999925
1987-05-06,3.033738
1987-05-07,2.928693
1987-05-08,2.956869
1987-05-11,2.972037
1987-05-12,3.027607
1987-05-13,3.024771
1987-05-14,3.044705
1987-05-15,3.077144
1987-05-18,2.991303
1987-05-19,3.185905
1987-05-20,3.143403
1987-05-21,3.103721
1987-05-22,3.094852
1987-05-26,2.864300
1987-05-27,2.915848
1987-05-28,2.942244
1987-05-29,2.916976
1987-06-01,2.910909
1987-06-02,3.107440
1987-06-03,3.041244
1987-06-04,3.049059
1987-06-05,3.029852
1987-06-08,3.003165
1987-06-09,3.013407
1987-06-10,3.024303
1987-06-11,3.027491
1987-06-12,2.925043
1987-06-15,2.876357
1987-06-16,2.864845
1987-06-17,2.863147
1987-06-18,2.894726
1987-06-19,2.927042
1987-06-22,2.875698
1987-06-23,2.839919
1987-06-24,2.846525
1987-06-25,2.814170
1987-06-26,2.893289
1987-06-29,2.897831
1987-06-30,2.934621
1987-07-01,2.955716
1987-07-02,2.956104
1987-07-06,2.936072
1987-07-07,2.913167
1987-07-08,2.971348
1987-07-09,3.053718
1987-07-10,3.027785
1987-07-13,3.094206
1987-07-14,3.050160
1987-07-15,3.113775
1987-07-16,3.097236
1987-07-17,3.039764
1987-07-20,3.076093
1987-07-21,3.138759
1987-07-22,3.227157
1987-07-23,3.238421
1987-07-24,3.241704
1987-07-27,3.220877
1987-07-28,3.214064
1987-07-29,3.191807
1987-07-30,3.144030
1987-07-31,3.195843
1987-08-03,3.260168
1987-08-04,3.302794
1987-08-05,3.235732
1987-08-06,3.225332
1987-08-07,3.156355
1987-08-10,3.184184
1987-08-11,3.186177
1987-08-12,3.195950
1987-08-13,3.097263
1987-08-14,3.069302
1987-08-17,3.017203
1987-08-18,3.207979
1987-08-19,3.226951
1987-08-20,3.173677
1987-08-21,3.195713
1987-08-24,3.210929
1987-08-25,3.157625
1987-08-26,3.181689
1987-08-27,3.252455
1987-08-28,3.308974
1987-08-31,3.274681
1987-09-01,3.356266
1987-09-02,3.519064
1987-09-03,3.560893
1987-09-04,3.505973
1987-09-08,3.598467
1987-09-09,3.589538
1987-09-10,3.555066
1987-09-11,3.509066
1987-09-14,3.552186
1987-09-15,3.647681
1987-09-16,3.668818
1987-09-17,3.624373
1987-09-18,3.555965
1987-09-21,3.615872
1987-09-22,3.491382
1987-09-23,3.471979
1987-09-24,3.576322
1987-09-25,3.543743
1987-09-28,3.520049
1987-09-29,3.561157
1987-09-30,3.556783
1987-10-01,3.550163
1987-10-02,3.418843
1987-10-05,3.470276
1987-10-06,3.473357
1987-10-07,3.460461
1987-10-08,3.452340
1987-10-09,3.441674
1987-10-13,3.465691
1987-10-14,3.543070
1987-10-15,3.540969
1987-10-16,3.595247
1987-10-19,3.892269
1987-10-20,3.367448
1987-10-21,3.407681
1987-10-22,3.147283
1987-10-23,3.112163
1987-10-26,3.083825
1987-10-27,3.145388
1987-10-28,3.355495
1987-10-29,3.396900
1987-10-30,3.269003
1987-11-02,3.278338
1987-11-03,3.189350
1987-11-04,3.099534
1987-11-05,3.065429
1987-11-06,3.064400
1987-11-09,3.033683
1987-11-10,3.110315
1987-11-12,3.144068
1987-11-13,3.194630
1987-11-16,3.133034
1987-11-17,3.203495
1987-11-18,3.218582
1987-11-19,3.280343
1987-11-20,3.229751
1987-11-23,3.202271
1987-11-24,3.281678
1987-11-25,3.350679
1987-11-27,3.399735
1987-11-30,3.409335
1987-12-01,3.524261
1987-12-02,3.537025
1987-12-03,3.495306
1987-12-04,3.513021
1987-12-07,3.566119
1987-12-08,3.579937
1987-12-09,3.555007
1987-12-10,3.621211
1987-12-11,3.732494
1987-12-14,3.657473
1987-12-15,3.547339
1987-12-16,3.479674
1987-12-17,3.516045
1987-12-18,3.354518
1987-12-21,3.374650
1987-12-22,3.389988
1987-12-23,3.216368
1987-12-24,3.171175
1987-12-28,3.326203
1987-12-29,3.220450
1987-12-30,3.310108
1987-12-31,3.412763
1988-01-04,3.398551
1988-01-05,3.377433
1988-01-06,3.440427
1988-01-07,3.486640
1988-01-08,3.578269
1988-01-11,3.664830
1988-01-12,3.636864
1988-01-13,3.543319
1988-01-14,3.548423
1988-01-15,3.375515
1988-01-19,3.373152
1988-01-20,3.382034
1988-01-21,3.267292
1988-01-22,3.265796
1988-01-25,3.194540
1988-01-26,3.304488
1988-01-27,3.202685
1988-01-28,3.242690
1988-01-29,3.265026
1988-02-01,3.268108
1988-02-02,3.127784
1988-02-03,3.241107
1988-02-04,3.296381
1988-02-05,3.301192
1988-02-08,3.243585
1988-02-09,3.249742
1988-02-10,3.243895
1988-02-11,3.284756
1988-02-12,3.349833
1988-02-16,3.423970
1988-02-17,3.447597
1988-02-18,3.384031
1988-02-19,3.389611
1988-02-22,3.340626
1988-02-23,3.284542
1988-02-24,3.295614
1988-02-25,3.356641
1988-02-26,3.294015
1988-02-29,3.222029
1988-03-01,3.286181
1988-03-02,3.257592
1988-03-03,3.251034
1988-03-04,3.371862
1988-03-07,3.356739
1988-03-08,3.399175
1988-03-09,3.430286
1988-03-10,3.450049
1988-03-11,3.367273
1988-03-14,3.347227
1988-03-15,3.367211
1988-03-16,3.422253
1988-03-17,3.385462
1988-03-18,3.584287
1988-03-21,3.541340
1988-03-22,3.520238
1988-03-23,3.449888
1988-03-24,3.444817
1988-03-25,3.383057
1988-03-28,3.501445
1988-03-29,3.530093
1988-03-30,3.562418
1988-03-31,3.499813
1988-04-04,3.515480
1988-04-05,3.470374
1988-04-06,3.433166
1988-04-07,3.453205
1988-04-08,3.361603
1988-04-11,3.453737
1988-04-12,3.462395
1988-04-13,3.448571
1988-04-14,3.596626
1988-04-15,3.657188
1988-04-18,3.713024
1988-04-19,3.729133
1988-04-20,3.753947
1988-04-21,3.722106
1988-04-22,3.654254
1988-04-25,3.626506
1988-04-26,3.629153
1988-04-27,3.639349
1988-04-28,3.669273
1988-04-29,3.680911
1988-05-02,3.726481
1988-05-03,3.675258
1988-05-04,3.657485
1988-05-05,3.648202
1988-05-06,3.671235
1988-05-09,3.644170
1988-05-10,3.681545
1988-05-11,3.757655
1988-05-12,3.736446
1988-05-13,3.655748
1988-05-16,3.643481
1988-05-17,3.696336
1988-05-18,3.741776
1988-05-19,3.719885
1988-05-20,3.785761
1988-05-23,3.804576
1988-05-24,3.830001
1988-05-25,3.769804
1988-05-26,3.683783
1988-05-27,3.702250
1988-05-31,3.577416
1988-06-01,3.314252
1988-06-02,3.463943
1988-06-03,3.299536
1988-06-06,3.333634
1988-06-07,3.368057
1988-06-08,3.338307
1988-06-09,3.314134
1988-06-10,3.306687
1988-06-13,3.311968
1988-06-14,3.166740
1988-06-15,3.207353
1988-06-16,3.332786
1988-06-17,3.428970
1988-06-20,3.420379
1988-06-21,3.420416
1988-06-22,3.307329
1988-06-23,3.307166
1988-06-24,3.279381
1988-06-27,3.374597
1988-06-28,3.280728
1988-06-29,3.307776
1988-06-30,3.256345
1988-07-01,3.257403
1988-07-05,2.986759
1988-07-06,3.060912
1988-07-07,3.097720
1988-07-08,3.417473
1988-07-11,3.401567
1988-07-12,3.457702
1988-07-13,3.477743
1988-07-14,3.482714
1988-07-15,3.451334
1988-07-18,3.530942
1988-07-19,3.491771
1988-07-20,3.476420
1988-07-21,3.524142
1988-07-22,3.522653
1988-07-25,3.486162
1988-07-26,3.462544
1988-07-27,3.475506
1988-07-28,3.520901
1988-07-29,3.504257
1988-08-01,3.443993
1988-08-02,3.331737
1988-08-03,3.372720
1988-08-04,3.349753
1988-08-05,3.319573
1988-08-08,3.267845
1988-08-09,3.237488
1988-08-10,3.367990
1988-08-11,3.419160
1988-08-12,3.431454
1988-08-15,3.294231
1988-08-16,3.216071
1988-08-17,3.312113
1988-08-18,3.310162
1988-08-19,3.292831
1988-08-22,3.258214
1988-08-23,3.213931
1988-08-24,3.248301
1988-08-25,3.300254
1988-08-26,3.264644
1988-08-29,3.181174
1988-08-30,3.126767
1988-08-31,3.123922
1988-09-01,3.144187
1988-09-02,2.923384
1988-09-06,2.985944
1988-09-07,3.045268
1988-09-08,2.964530
1988-09-09,3.009395
1988-09-12,3.022410
1988-09-13,2.989518
1988-09-14,2.956199
1988-09-15,2.935183
1988-09-16,2.968813
1988-09-19,2.989860
1988-09-20,2.934966
1988-09-21,2.938244
1988-09-22,2.985134
1988-09-23,2.960387
1988-09-26,2.954420
1988-09-27,2.973133
1988-09-28,2.961593
1988-09-29,2.846052
1988-09-30,2.832947
1988-10-03,2.855711
1988-10-04,2.878811
1988-10-05,2.832466
1988-10-06,2.768342
1988-10-07,2.764821
1988-10-11,2.798674
1988-10-12,2.879005
1988-10-13,2.906080
1988-10-14,2.849892
1988-10-17,2.875883
1988-10-18,2.887799
1988-10-19,2.920662
1988-10-20,2.921263
1988-10-21,2.939067
1988-10-24,2.936229
1988-10-25,2.958593
1988-10-26,2.974318
1988-10-27,2.897416
1988-10-28,2.888518
1988-10-31,2.805453
1988-11-01,2.786731
1988-11-02,2.802019
1988-11-03,2.751576
1988-11-04,2.793714
1988-11-07,2.820642
1988-11-08,2.793959
1988-11-09,2.790159
1988-11-10,2.748007
1988-11-14,2.651947
1988-11-15,2.620043
1988-11-16,2.663476
1988-11-17,2.702549
1988-11-18,2.664313
1988-11-21,2.606014
1988-11-22,2.585973
1988-11-23,2.593017
1988-11-25,2.562130
1988-11-28,2.582875
1988-11-29,2.604484
1988-11-30,2.644641
1988-12-01,2.605778
1988-12-02,2.609520
1988-12-05,2.549650
1988-12-06,2.483028
1988-12-07,2.398107
1988-12-08,2.362258
1988-12-09,2.399642
1988-12-12,2.378606
1988-12-13,2.397229
1988-12-14,2.383037
1988-12-15,2.386507
1988-12-16,2.405403
1988-12-19,2.376287
1988-12-20,2.357424
1988-12-21,2.338490
1988-12-22,2.299713
1988-12-23,2.287883
1988-12-27,2.303798
1988-12-28,2.340311
1988-12-29,2.330885
1988-12-30,2.315710
1989-01-03,2.393047
1989-01-04,2.431879
1989-01-05,2.437427
1989-01-06,2.331147
1989-01-09,2.330903
1989-01-10,2.349627
1989-01-11,2.403720
1989-01-12,2.298665
1989-01-13,2.253614
1989-01-17,2.224488
1989-01-18,2.141476
1989-01-19,2.164456
1989-01-20,2.151551
1989-01-23,2.165181
1989-01-24,2.156009
1989-01-25,2.110136
1989-01-26,2.073588
1989-01-27,2.116195
1989-01-30,2.095800
1989-01-31,2.080824
1989-02-01,2.105199
1989-02-02,2.102297
1989-02-03,2.042272
1989-02-06,1.993059
1989-02-07,1.957066
1989-02-08,1.996874
1989-02-09,2.198135
1989-02-10,2.261224
1989-02-13,2.260470
1989-02-14,2.234894
1989-02-15,2.210997
1989-02-16,2.222839
1989-02-17,2.250565
1989-02-21,2.255206
1989-02-22,2.270916
1989-02-23,2.250006
1989-02-24,2.273024
1989-02-27,2.224308
1989-02-28,2.169128
1989-03-01,2.246124
1989-03-02,2.195642
1989-03-03,2.171148
1989-03-06,2.138418
1989-03-07,2.088314
1989-03-08,2.058516
1989-03-09,2.037487
1989-03-10,2.043478
1989-03-13,2.061749
1989-03-14,2.011969
1989-03-15,2.014919
1989-03-16,2.010937
1989-03-17,2.132372
1989-03-20,2.021451
1989-03-21,1.965247
1989-03-22,1.970375
1989-03-23,1.961291
1989-03-27,1.930862
1989-03-28,1.889665
1989-03-29,1.896593
1989-03-30,1.904080
1989-03-31,1.898123
1989-04-03,1.948601
1989-04-04,1.978989
1989-04-05,1.975478
1989-04-06,1.967807
1989-04-07,2.020414
1989-04-10,1.989160
1989-04-11,2.032814
1989-04-12,2.015409
1989-04-13,1.965216
1989-04-14,2.018363
1989-04-17,2.026638
1989-04-18,2.012292
1989-04-19,2.012277
1989-04-20,2.009595
1989-04-21,2.013701
1989-04-24,2.021221
1989-04-25,2.062491
1989-04-26,2.084070
1989-04-27,2.155943
1989-04-28,2.158025
1989-05-01,2.187939
1989-05-02,2.182515
1989-05-03,2.149893
1989-05-04,2.188986
1989-05-05,2.209563
1989-05-08,2.256852
1989-05-09,2.277788
1989-05-10,2.299946
1989-05-11,2.363840
1989-05-12,2.239681
1989-05-15,2.136749
1989-05-16,2.135542
1989-05-17,2.070533
1989-05-18,1.950518
1989-05-19,1.898790
1989-05-22,1.824094
1989-05-23,1.864901
1989-05-24,1.890712
1989-05-25,1.856142
1989-05-26,1.850069
1989-05-30,1.855803
1989-05-31,1.869278
1989-06-01,1.872174
1989-06-02,2.005280
1989-06-05,1.983416
1989-06-06,1.933552
1989-06-07,1.884111
1989-06-08,1.893382
1989-06-09,1.752998
1989-06-12,1.738928
1989-06-13,1.741879
1989-06-14,1.756672
1989-06-15,1.783603
1989-06-16,1.806305
1989-06-19,1.828067
1989-06-20,1.787432
1989-06-21,1.784768
1989-06-22,1.817562
1989-06-23,1.803721
1989-06-26,1.734491
1989-06-27,1.679172
1989-06-28,1.774071
1989-06-29,1.814829
1989-06-30,1.893075
1989-07-03,1.967542
1989-07-05,2.034833
1989-07-06,2.021917
1989-07-07,2.018169
1989-07-10,1.968689
1989-07-11,2.019272
1989-07-12,2.042003
1989-07-13,2.004505
1989-07-14,2.056280
1989-07-17,1.996983
1989-07-18,1.993099
1989-07-19,2.010075
1989-07-20,1.998891
1989-07-21,1.950762
1989-07-24,1.962250
1989-07-25,1.995212
1989-07-26,1.982143
1989-07-27,2.002127
1989-07-28,2.043232
1989-07-31,1.958774
1989-08-01,1.924602
1989-08-02,1.883114
1989-08-03,1.869597
1989-08-04,1.831035
1989-08-07,1.804753
1989-08-08,1.843900
1989-08-09,1.837845
1989-08-10,1.852694
1989-08-11,1.826415
1989-08-14,1.865468
1989-08-15,1.877911
1989-08-16,1.889945
1989-08-17,1.841633
1989-08-18,1.818427
1989-08-21,1.866779
1989-08-22,1.859448
1989-08-23,1.814076
1989-08-24,1.798625
1989-08-25,1.803138
1989-08-28,1.833111
1989-08-29,1.773753
1989-08-30,1.788050
1989-08-31,1.839051
1989-09-01,1.782936
1989-09-05,1.738696
1989-09-06,1.739038
1989-09-07,1.777366
1989-09-08,1.789304
1989-09-11,1.833872
1989-09-12,1.884068
1989-09-13,1.933089
1989-09-14,1.954248
1989-09-15,1.933754
1989-09-18,1.879568
1989-09-19,1.861650
1989-09-20,1.841232
1989-09-21,1.853649
1989-09-22,1.876004
1989-09-25,1.934435
1989-09-26,1.855227
1989-09-27,1.866050
1989-09-28,1.851584
1989-09-29,1.808207
1989-10-02,1.754272
1989-10-03,1.795079
1989-10-04,1.758979
1989-10-05,1.719778
1989-10-06,1.789389
1989-10-10,1.799654
1989-10-11,1.814589
1989-10-12,1.823946
1989-10-13,1.897290
1989-10-16,1.871826
1989-10-17,1.923974
1989-10-18,1.947676
1989-10-19,1.853014
1989-10-20,1.836823
1989-10-23,1.812083
1989-10-24,1.810244
1989-10-25,1.823062
1989-10-26,1.807308
1989-10-27,1.818780
1989-10-30,1.788688
1989-10-31,1.781052
1989-11-01,1.761113
1989-11-02,1.748813
1989-11-03,1.651481
1989-11-06,1.694310
1989-11-07,1.696376
1989-11-08,1.764384
1989-11-09,1.777961
1989-11-10,1.780386
1989-11-13,1.785287
1989-11-14,1.826317
1989-11-15,1.838553
1989-11-16,1.820146
1989-11-17,1.876060
1989-11-20,1.866169
1989-11-21,1.821921
1989-11-22,1.867463
1989-11-24,1.858151
1989-11-27,1.756691
1989-11-28,1.726733
1989-11-29,1.734206
1989-11-30,1.721889
1989-12-01,1.724419
1989-12-04,1.700329
1989-12-05,1.713198
1989-12-06,1.679670
1989-12-07,1.661606
1989-12-08,1.702823
1989-12-11,1.696686
1989-12-12,1.710288
1989-12-13,1.691832
1989-12-14,1.724687
1989-12-15,1.740440
1989-12-18,1.691498
1989-12-19,1.706707
1989-12-20,1.704627
1989-12-21,1.705058
1989-12-22,1.703985
1989-12-26,1.806586
1989-12-27,1.763964
1989-12-28,1.763351
1989-12-29,1.800087
1990-01-02,1.821179
1990-01-03,1.843876
1990-01-04,1.845869
1990-01-05,1.883710
1990-01-08,1.920257
1990-01-09,1.918694
1990-01-10,1.921571
1990-01-11,1.915355
1990-01-12,1.962119
1990-01-16,1.955396
1990-01-17,1.942439
1990-01-18,1.931521
1990-01-19,1.911581
1990-01-22,1.969911
1990-01-23,1.932753
1990-01-24,2.008607
1990-01-25,2.035555
1990-01-26,2.112756
1990-01-29,2.092287
1990-01-30,2.090600
1990-01-31,2.025081
1990-02-01,1.995710
1990-02-02,2.017501
1990-02-05,2.046147
1990-02-06,2.074496
1990-02-07,2.068086
1990-02-08,2.061438
1990-02-09,1.962974
1990-02-12,2.025227
1990-02-13,2.058181
1990-02-14,2.035073
1990-02-15,2.031043
1990-02-16,2.071361
1990-02-20,2.171936
1990-02-21,2.165680
1990-02-22,2.091372
1990-02-23,2.118443
1990-02-26,2.066844
1990-02-27,2.032906
1990-02-28,2.095545
1990-03-01,2.113358
1990-03-02,2.056198
1990-03-05,2.145350
1990-03-06,2.080990
1990-03-07,2.071978
1990-03-08,2.022391
1990-03-09,2.025865
1990-03-12,2.030311
1990-03-13,2.084631
1990-03-14,2.031428
1990-03-15,2.024184
1990-03-16,1.976517
1990-03-19,1.982918
1990-03-20,1.851786
1990-03-21,1.859378
1990-03-22,1.943497
1990-03-23,1.946509
1990-03-26,1.928250
1990-03-27,1.921564
1990-03-28,1.937236
1990-03-29,2.000253
1990-03-30,2.054531
1990-04-02,2.067117
1990-04-03,2.077594
1990-04-04,1.997945
1990-04-05,2.006906
1990-04-06,2.007799
1990-04-09,2.021733
1990-04-10,2.030339
1990-04-11,2.050177
1990-04-12,2.061255
1990-04-16,2.104516
1990-04-17,2.192545
1990-04-18,2.267661
1990-04-19,2.275308
1990-04-20,2.330310
1990-04-23,2.339756
1990-04-24,2.344522
1990-04-25,2.336211
1990-04-26,2.310961
1990-04-27,2.353904
1990-04-30,2.294831
1990-05-01,2.285416
1990-05-02,2.271497
1990-05-03,2.281312
1990-05-04,2.307326
1990-05-07,2.314020
1990-05-08,2.344088
1990-05-09,2.373658
1990-05-10,2.374217
1990-05-11,2.255186
1990-05-14,2.218243
1990-05-15,2.235725
1990-05-16,2.191372
1990-05-17,2.191561
1990-05-18,2.193209
1990-05-21,2.240518
1990-05-22,2.167857
1990-05-23,2.174130
1990-05-24,2.178126
1990-05-25,2.225537
1990-05-29,2.177373
1990-05-30,2.157098
1990-05-31,2.102817
1990-06-01,2.051214
1990-06-04,2.109755
1990-06-05,2.131060
1990-06-06,2.107340
1990-06-07,2.106351
1990-06-08,2.124201
1990-06-11,2.114810
1990-06-12,2.105271
1990-06-13,2.131407
1990-06-14,2.106807
1990-06-15,2.110706
1990-06-18,2.124230
1990-06-19,2.136173
1990-06-20,2.180597
1990-06-21,2.163986
1990-06-22,2.175488
1990-06-25,2.211335
1990-06-26,2.179259
1990-06-27,2.214443
1990-06-28,2.198579
1990-06-29,2.139034
1990-07-02,2.153659
1990-07-03,2.223387
1990-07-05,2.166696
1990-07-06,2.195322
1990-07-09,2.246212
1990-07-10,2.223066
1990-07-11,2.235552
1990-07-12,2.264060
1990-07-13,2.277178
1990-07-16,2.256544
1990-07-17,2.261905
1990-07-18,2.387526
1990-07-19,2.408261
1990-07-20,2.370975
1990-07-23,2.391992
1990-07-24,2.382489
1990-07-25,2.343926
1990-07-26,2.344465
1990-07-27,2.367917
1990-07-30,2.299672
1990-07-31,2.355752
1990-08-01,2.309941
1990-08-02,2.386760
1990-08-03,2.572327
1990-08-06,2.858757
1990-08-07,2.815302
1990-08-08,2.805165
1990-08-09,2.690911
1990-08-10,2.768776
1990-08-13,2.846528
1990-08-14,2.769322
1990-08-15,2.712192
1990-08-16,2.752028
1990-08-17,2.788885
1990-08-20,2.820453
1990-08-21,2.770043
1990-08-22,2.833713
1990-08-23,2.948622
1990-08-24,2.989459
1990-08-27,2.854174
1990-08-28,2.881494
1990-08-29,2.770374
1990-08-30,2.872939
1990-08-31,2.906877
1990-09-04,2.997402
1990-09-05,2.967649
1990-09-06,2.961643
1990-09-07,2.939849
1990-09-10,2.940762
1990-09-11,2.926884
1990-09-12,2.936049
1990-09-13,2.969778
1990-09-14,2.998262
1990-09-17,3.078235
1990-09-18,3.063167
1990-09-19,3.022855
1990-09-20,3.051781
1990-09-21,3.133644
1990-09-24,3.115204
1990-09-25,3.115321
1990-09-26,3.049723
1990-09-27,3.044623
1990-09-28,2.969027
1990-10-01,2.860973
1990-10-02,2.873031
1990-10-03,2.931032
1990-10-04,2.878953
1990-10-05,2.877005
1990-10-09,3.029580
1990-10-10,3.086581
1990-10-11,3.176312
1990-10-12,3.084929
1990-10-15,3.030802
1990-10-16,3.010789
1990-10-17,2.956001
1990-10-18,2.891790
1990-10-19,2.803771
1990-10-22,2.797412
1990-10-23,2.829572
1990-10-24,2.846487
1990-10-25,2.811420
1990-10-26,2.869325
1990-10-29,2.963260
1990-10-30,2.958311
1990-10-31,2.929499
1990-11-01,2.890298
1990-11-02,2.894885
1990-11-05,2.829264
1990-11-06,2.840543
1990-11-07,2.931336
1990-11-08,2.944477
1990-11-09,2.842435
1990-11-13,2.717162
1990-11-14,2.693188
1990-11-15,2.723809
1990-11-16,2.657512
1990-11-19,2.692728
1990-11-20,2.647369
1990-11-21,2.605369
1990-11-23,2.647724
1990-11-26,2.624180
1990-11-27,2.641564
1990-11-28,2.638867
1990-11-29,2.625044
1990-11-30,2.590664
1990-12-03,2.525877
1990-12-04,2.532855
1990-12-05,2.497395
1990-12-06,2.514760
1990-12-07,2.396196
1990-12-10,2.369507
1990-12-11,2.344046
1990-12-12,2.316481
1990-12-13,2.429059
1990-12-14,2.519911
1990-12-17,2.492775
1990-12-18,2.462099
1990-12-19,2.559162
1990-12-20,2.636070
1990-12-21,2.732867
1990-12-24,2.833298
1990-12-26,2.742029
1990-12-27,2.699975
1990-12-28,2.792019
1990-12-31,2.771894
1991-01-02,2.703790
1991-01-03,2.662702
1991-01-04,2.684994
1991-01-07,2.840094
1991-01-08,2.893168
1991-01-09,3.042931
1991-01-10,2.920162
1991-01-11,2.933558
1991-01-14,2.919666
1991-01-15,2.935123
1991-01-16,2.950669
1991-01-17,2.633496
1991-01-18,2.696707
1991-01-22,2.746520
1991-01-23,2.736828
1991-01-24,2.740416
1991-01-25,2.785462
1991-01-28,2.744583
1991-01-29,2.753895
1991-01-30,2.756478
1991-01-31,2.791775
1991-02-01,2.857727
1991-02-04,2.782848
1991-02-05,2.783785
1991-02-06,2.777585
1991-02-07,2.825748
1991-02-08,2.736181
1991-02-11,2.769694
1991-02-12,2.736611
1991-02-13,2.735130
1991-02-14,2.768299
1991-02-15,2.761205
1991-02-19,2.724061
1991-02-20,2.697443
1991-02-21,2.717101
1991-02-22,2.660897
1991-02-25,2.625323
1991-02-26,2.712796
1991-02-27,2.724442
1991-02-28,2.773513
1991-03-01,2.752000
1991-03-04,2.762059
1991-03-05,2.765610
1991-03-06,2.779632
1991-03-07,2.746057
1991-03-08,2.842375
1991-03-11,2.800222
1991-03-12,2.797280
1991-03-13,2.780831
1991-03-14,2.832747
1991-03-15,2.867903
1991-03-18,2.889050
1991-03-19,2.830781
1991-03-20,2.778791
1991-03-21,2.780603
1991-03-22,2.767557
1991-03-25,2.747716
1991-03-26,2.734183
1991-03-27,2.716406
1991-03-28,2.746978
1991-04-01,2.773813
1991-04-02,2.770055
1991-04-03,2.787547
1991-04-04,2.799087
1991-04-05,2.794876
1991-04-08,2.781365
1991-04-09,2.817066
1991-04-10,2.910773
1991-04-11,2.949799
1991-04-12,2.907623
1991-04-15,2.828606
1991-04-16,2.806282
1991-04-17,2.793047
1991-04-18,2.836378
1991-04-19,2.950353
1991-04-22,2.983273
1991-04-23,2.908072
1991-04-24,2.865912
1991-04-25,2.895350
1991-04-26,2.923862
1991-04-29,2.958111
1991-04-30,2.931598
1991-05-01,2.935708
1991-05-02,2.848724
1991-05-03,2.941974
1991-05-06,2.966787
1991-05-07,3.047079
1991-05-08,2.993734
1991-05-09,2.972492
1991-05-10,3.103156
1991-05-13,3.109701
1991-05-14,3.134407
1991-05-15,3.149152
1991-05-16,3.129941
1991-05-17,3.050304
1991-05-20,3.091842
1991-05-21,3.081421
1991-05-22,3.169755
1991-05-23,3.202947
1991-05-24,3.242480
1991-05-28,3.162240
1991-05-29,3.186863
1991-05-30,3.098882
1991-05-31,3.063988
1991-06-03,3.050307
1991-06-04,3.020462
1991-06-05,3.039720
1991-06-06,3.036565
1991-06-07,3.107002
1991-06-10,3.120123
1991-06-11,3.084618
1991-06-12,3.131485
1991-06-13,3.119211
1991-06-14,3.081074
1991-06-17,3.101092
1991-06-18,3.118744
1991-06-19,3.165161
1991-06-20,3.204909
1991-06-21,3.137738
1991-06-24,3.085684
1991-06-25,3.089185
1991-06-26,3.113036
1991-06-27,3.092454
1991-06-28,3.145220
1991-07-01,2.992734
1991-07-02,3.047102
1991-07-03,3.057186
1991-07-05,3.064939
1991-07-08,3.091080
1991-07-09,3.093016
1991-07-10,3.086532
1991-07-11,2.983709
1991-07-12,2.938160
1991-07-15,2.959148
1991-07-16,2.961745
1991-07-17,3.070708
1991-07-18,3.049924
1991-07-19,3.065458
1991-07-22,3.062284
1991-07-23,3.062194
1991-07-24,3.026644
1991-07-25,3.021929
1991-07-26,3.037332
1991-07-29,3.024150
1991-07-30,3.044035
1991-07-31,3.056767
1991-08-01,3.082182
1991-08-02,3.075988
1991-08-05,3.028565
1991-08-06,3.046719
1991-08-07,3.028980
1991-08-08,3.184202
1991-08-09,3.185185
1991-08-12,3.166896
1991-08-13,3.130987
1991-08-14,3.127129
1991-08-15,3.227748
1991-08-16,3.226567
1991-08-19,3.315783
1991-08-20,3.344257
1991-08-21,3.246597
1991-08-22,3.211194
1991-08-23,3.129074
1991-08-26,3.201500
1991-08-27,3.235480
1991-08-28,3.253887
1991-08-29,3.206063
1991-08-30,3.187600
1991-09-03,3.180029
1991-09-04,3.215560
1991-09-05,3.250369
1991-09-06,3.201954
1991-09-09,3.161618
1991-09-10,3.166405
1991-09-11,3.146159
1991-09-12,3.089520
1991-09-13,3.078911
1991-09-16,3.018872
1991-09-17,2.986898
1991-09-18,2.981461
1991-09-19,2.975039
1991-09-20,2.947450
1991-09-23,2.947129
1991-09-24,2.991024
1991-09-25,3.042034
1991-09-26,3.101549
1991-09-27,3.005830
1991-09-30,3.004043
1991-10-01,2.983030
1991-10-02,2.988898
1991-10-03,3.002261
1991-10-04,2.955501
1991-10-07,2.979089
1991-10-08,3.042525
1991-10-09,3.201501
1991-10-10,3.186988
1991-10-11,3.097268
1991-10-15,3.097042
1991-10-16,3.086276
1991-10-17,3.203403
1991-10-18,3.147057
1991-10-21,3.284707
1991-10-22,3.327600
1991-10-24,3.380885
1991-10-25,3.438467
1991-10-28,3.432963
1991-10-29,3.331479
1991-10-30,3.340371
1991-10-31,3.396762
1991-11-01,3.493319
1991-11-04,3.566953
1991-11-05,3.531386
1991-11-06,3.556034
1991-11-07,3.438435
1991-11-08,3.400903
1991-11-12,3.236663
1991-11-13,3.262890
1991-11-14,3.270927
1991-11-15,3.332259
1991-11-18,3.358289
1991-11-19,3.458808
1991-11-20,3.483561
1991-11-21,3.546169
1991-11-22,3.595421
1991-11-25,3.617378
1991-11-26,3.632000
1991-11-27,3.646357
1991-11-29,3.628098
1991-12-02,3.602783
1991-12-03,3.606158
1991-12-04,3.537682
1991-12-05,3.575322
1991-12-06,3.625613
1991-12-09,3.688144
1991-12-10,3.724553
1991-12-11,3.762663
1991-12-12,3.721243
1991-12-13,3.754528
1991-12-16,3.770551
1991-12-17,3.768306
1991-12-18,3.724283
1991-12-19,3.652001
1991-12-20,3.702726
1991-12-23,3.555926
1991-12-24,3.511929
1991-12-26,3.483238
1991-12-27,3.424799
1991-12-30,3.358532
1991-12-31,3.240390
1992-01-02,3.439399
1992-01-03,3.484455
1992-01-06,3.527024
1992-01-07,3.529512
1992-01-08,3.596529
1992-01-09,3.550016
1992-01-10,3.587484
1992-01-13,3.545321
1992-01-14,3.499076
1992-01-15,3.459783
1992-01-16,3.499402
1992-01-17,3.522018
1992-01-21,3.525300
1992-01-22,3.552602
1992-01-23,3.623514
1992-01-24,3.473108
1992-01-27,3.455588
1992-01-28,3.389584
1992-01-29,3.507787
1992-01-30,3.500591
1992-01-31,3.565758
1992-02-03,3.582842
1992-02-04,3.506116
1992-02-05,3.485872
1992-02-06,3.535546
1992-02-07,3.663194
1992-02-10,3.748833
1992-02-11,3.681561
1992-02-12,3.659978
1992-02-13,3.634579
1992-02-14,3.491257
1992-02-18,3.626722
1992-02-19,3.540034
1992-02-20,3.465698
1992-02-21,3.329892
1992-02-24,3.378880
1992-02-25,3.387646
1992-02-26,3.325995
1992-02-27,3.350587
1992-02-28,3.374011
1992-03-02,3.344735
1992-03-03,3.321697
1992-03-04,3.295925
1992-03-05,3.261053
1992-03-06,3.222679
1992-03-09,3.200598
1992-03-10,3.168296
1992-03-11,3.279035
1992-03-12,3.234750
1992-03-13,3.106907
1992-03-16,3.116599
1992-03-17,3.072550
1992-03-18,3.037556
1992-03-19,3.016734
1992-03-20,3.020290
1992-03-23,2.999925
1992-03-24,2.943559
1992-03-25,2.992451
1992-03-26,3.079132
1992-03-27,3.041860
1992-03-30,3.103258
1992-03-31,3.151426
1992-04-01,3.124840
1992-04-02,3.156548
1992-04-03,3.330253
1992-04-06,3.361139
1992-04-07,3.439156
1992-04-08,3.520429
1992-04-09,3.665523
1992-04-10,3.553800
1992-04-13,3.517315
1992-04-14,3.480951
1992-04-15,3.450588
1992-04-16,3.340524
1992-04-20,3.432095
1992-04-21,3.452067
1992-04-22,3.445894
1992-04-23,3.450847
1992-04-24,3.477532
1992-04-27,3.462903
1992-04-28,3.457387
1992-04-29,3.519905
1992-04-30,3.481518
1992-05-01,3.533742
1992-05-04,3.578624
1992-05-05,3.576164
1992-05-06,3.560485
1992-05-07,3.455442
1992-05-08,3.418424
1992-05-11,3.481781
1992-05-12,3.511301
1992-05-13,3.579556
1992-05-14,3.565579
1992-05-15,3.482258
1992-05-18,3.469775
1992-05-19,3.508981
1992-05-20,3.423723
1992-05-21,3.349234
1992-05-22,3.383443
1992-05-26,3.452544
1992-05-27,3.531928
1992-05-28,3.491428
1992-05-29,3.461507
1992-06-01,3.397678
1992-06-02,3.449360
1992-06-03,3.472099
1992-06-04,3.454549
1992-06-05,3.458175
1992-06-08,3.487544
1992-06-09,3.593592
1992-06-10,3.605774
1992-06-11,3.609314
1992-06-12,3.585203
1992-06-15,3.578552
1992-06-16,3.609960
1992-06-17,3.581086
1992-06-18,3.613833
1992-06-19,3.565396
1992-06-22,3.587581
1992-06-23,3.537433
1992-06-24,3.721964
1992-06-25,3.686681
1992-06-26,3.668545
1992-06-29,3.771959
1992-06-30,3.791479
1992-07-01,3.770072
1992-07-02,3.780687
1992-07-06,3.835871
1992-07-07,3.928766
1992-07-08,3.979818
1992-07-09,3.958236
1992-07-10,4.004184
1992-07-13,4.065803
1992-07-14,4.165366
1992-07-15,4.190309
1992-07-16,4.135089
1992-07-17,4.202078
1992-07-20,4.147300
1992-07-21,4.085759
1992-07-22,4.029833
1992-07-23,3.939275
1992-07-24,3.929597
1992-07-27,3.802590
1992-07-28,3.727234
1992-07-29,3.682817
1992-07-30,3.707512
1992-07-31,3.593232
1992-08-03,3.598255
1992-08-04,3.628496
1992-08-05,3.663239
1992-08-06,3.714134
1992-08-07,3.727902
1992-08-10,3.748644
1992-08-11,3.676267
1992-08-12,3.612631
1992-08-13,3.751140
1992-08-14,3.748511
1992-08-17,3.847771
1992-08-18,3.823463
1992-08-19,3.822645
1992-08-20,3.822814
1992-08-21,3.840464
1992-08-24,3.889630
1992-08-25,3.883816
1992-08-26,3.862030
1992-08-27,3.866227
1992-08-28,3.926573
1992-08-31,3.933670
1992-09-01,3.898345
1992-09-02,3.872337
1992-09-03,3.862225
1992-09-04,3.876522
1992-09-08,3.810206
1992-09-09,3.835308
1992-09-10,3.834883
1992-09-11,3.898560
1992-09-14,3.917378
1992-09-15,3.942275
1992-09-16,3.975548
1992-09-17,3.992740
1992-09-18,3.983803
1992-09-21,3.947755
1992-09-22,4.032814
1992-09-23,4.087887
1992-09-24,4.055096
1992-09-25,4.045434
1992-09-28,4.009184
1992-09-29,4.031133
1992-09-30,4.009916
1992-10-01,3.976122
1992-10-02,3.977669
1992-10-05,3.994664
1992-10-06,4.049018
1992-10-07,4.075522
1992-10-08,4.079738
1992-10-09,3.999218
1992-10-13,4.009370
1992-10-14,3.938830
1992-10-15,3.954830
1992-10-16,4.011206
1992-10-19,3.886809
1992-10-20,3.826902
1992-10-21,3.803694
1992-10-22,3.719689
1992-10-23,3.606273
1992-10-26,3.599690
1992-10-27,3.610693
1992-10-28,3.636580
1992-10-29,3.579123
1992-10-30,3.564359
1992-11-02,3.548720
1992-11-03,3.556645
1992-11-04,3.604107
1992-11-05,3.620184
1992-11-06,3.653514
1992-11-09,3.588023
1992-11-10,3.529432
1992-11-12,3.486643
1992-11-13,3.418882
1992-11-16,3.326683
1992-11-17,3.326921
1992-11-18,3.336789
1992-11-19,3.370163
1992-11-20,3.321138
1992-11-23,3.323005
1992-11-24,3.328926
1992-11-25,3.287516
1992-11-27,3.273999
1992-11-30,3.277236
1992-12-01,3.265866
1992-12-02,3.240478
1992-12-03,3.262337
1992-12-04,3.257964
1992-12-07,3.217554
1992-12-08,3.243056
1992-12-09,3.224320
1992-12-10,3.179816
1992-12-11,3.154218
1992-12-14,3.141718
1992-12-15,3.172728
1992-12-16,3.198004
1992-12-21,3.143633
1992-12-22,3.122174
1992-12-23,3.138700
1992-12-24,3.154685
1992-12-28,3.150488
1992-12-29,3.119490
1992-12-30,3.201494
1993-01-04,3.179794
1993-01-05,3.186552
1993-01-06,3.184578
1993-01-07,3.258044
1993-01-08,3.356659
1993-01-11,3.402959
1993-01-12,3.416126
1993-01-13,3.377894
1993-01-14,3.372784
1993-01-15,3.338160
1993-01-19,3.276081
1993-01-21,3.267648
1993-01-22,3.303270
1993-01-25,3.219213
1993-01-26,3.243017
1993-01-27,3.267493
1993-01-28,3.292467
1993-01-29,3.278582
1993-02-01,3.271537
1993-02-02,3.283467
1993-02-03,3.251884
1993-02-04,3.242590
1993-02-05,3.272216
1993-02-08,3.254017
1993-02-09,3.226838
1993-02-10,3.263963
1993-02-11,3.247880
1993-02-12,3.234159
1993-02-16,3.284473
1993-02-17,3.300457
1993-02-18,3.264148
1993-02-19,3.232681
1993-02-22,3.156621
1993-02-23,3.072581
1993-02-24,3.108976
1993-02-25,3.119524
1993-02-26,3.137930
1993-03-01,3.097817
1993-03-02,3.103578
1993-03-03,3.068974
1993-03-04,3.035682
1993-03-05,2.960793
1993-03-08,2.902848
1993-03-09,2.883182
1993-03-10,2.912476
1993-03-11,2.944710
1993-03-12,3.027059
1993-03-15,3.068999
1993-03-16,3.062424
1993-03-17,3.087538
1993-03-18,3.067778
1993-03-19,3.068676
1993-03-22,3.081878
1993-03-23,3.062827
1993-03-24,3.072148
1993-03-25,3.108595
1993-03-26,3.159401
1993-03-29,3.137555
1993-03-30,3.185300
1993-03-31,3.168336
1993-04-01,3.212799
1993-04-02,3.298601
1993-04-05,3.279742
1993-04-06,3.207138
1993-04-07,3.194900
1993-04-08,3.133989
1993-04-12,3.076312
1993-04-13,3.073820
1993-04-14,3.045969
1993-04-15,3.007064
1993-04-16,3.033657
1993-04-20,3.043165
1993-04-21,3.053626
1993-04-22,3.069310
1993-04-23,3.125070
1993-04-26,3.150620
1993-04-27,3.181720
1993-04-28,3.183167
1993-04-29,3.192400
1993-05-03,3.196412
1993-05-04,3.126906
1993-05-05,3.100587
1993-05-06,3.083491
1993-05-07,3.139381
1993-05-10,3.100235
1993-05-11,3.088490
1993-05-12,3.133120
1993-05-13,3.179289
1993-05-14,3.121023
1993-05-17,3.130774
1993-05-18,3.168315
1993-05-19,3.138271
1993-05-20,3.118251
1993-05-21,3.118101
1993-05-24,2.990337
1993-05-25,3.021337
1993-05-26,2.940966
1993-05-27,2.878958
1993-05-28,2.915125
1993-06-01,2.864112
1993-06-02,2.813158
1993-06-03,2.804779
1993-06-04,2.747456
1993-06-07,2.736764
1993-06-08,2.742612
1993-06-09,2.731529
1993-06-10,2.729265
1993-06-11,2.705239
1993-06-14,2.730003
1993-06-15,2.762483
1993-06-16,2.788107
1993-06-17,2.757333
1993-06-18,2.677994
1993-06-21,2.642227
1993-06-22,2.635703
1993-06-23,2.596511
1993-06-24,2.592266
1993-06-25,2.573754
1993-06-28,2.566914
1993-06-29,2.603627
1993-06-30,2.603791
1993-07-01,2.660029
1993-07-02,2.659117
1993-07-06,2.635140
1993-07-07,2.632098
1993-07-08,2.596426
1993-07-09,2.581519
1993-07-12,2.575262
1993-07-13,2.518815
1993-07-14,2.493940
1993-07-15,2.453473
1993-07-16,2.435150
1993-07-19,2.440969
1993-07-20,2.391194
1993-07-21,2.439455
1993-07-22,2.470004
1993-07-23,2.487564
1993-07-26,2.502654
1993-07-27,2.482177
1993-07-28,2.464908
1993-07-29,2.458612
1993-07-30,2.448186
1993-08-02,2.405417
1993-08-03,2.391280
1993-08-04,2.449901
1993-08-05,2.526834
1993-08-06,2.529580
1993-08-09,2.481433
1993-08-10,2.442972
1993-08-11,2.418670
1993-08-12,2.451068
1993-08-13,2.475229
1993-08-16,2.438503
1993-08-17,2.441538
1993-08-18,2.422039
1993-08-19,2.423329
1993-08-20,2.425637
1993-08-23,2.342170
1993-08-24,2.411017
1993-08-25,2.400156
1993-08-26,2.314562
1993-08-30,2.316462
1993-08-31,2.274947
1993-09-01,2.280561
1993-09-02,2.252783
1993-09-03,2.243954
1993-09-07,2.191229
1993-09-08,2.098795
1993-09-09,2.139077
1993-09-10,2.129511
1993-09-13,2.089723
1993-09-14,2.148273
1993-09-15,2.201738
1993-09-16,2.199659
1993-09-17,2.196262
1993-09-20,2.196673
1993-09-21,2.306032
1993-09-22,2.257634
1993-09-23,2.234268
1993-09-24,2.215688
1993-09-27,2.178745
1993-09-28,2.143066
1993-09-29,2.146199
1993-09-30,2.161047
1993-10-01,2.137350
1993-10-04,2.155945
1993-10-05,2.150899
1993-10-06,2.178705
1993-10-07,2.186133
1993-10-08,2.127485
1993-10-12,2.105302
1993-10-13,2.104502
1993-10-14,2.044377
1993-10-15,1.986367
1993-10-18,2.050097
1993-10-19,2.031623
1993-10-20,2.010244
1993-10-21,2.126365
1993-10-22,2.179731
1993-10-25,2.235238
1993-10-26,2.198450
1993-10-27,2.171668
1993-10-29,2.135076
1993-11-01,2.163794
1993-11-02,2.237883
1993-11-03,2.270038
1993-11-04,2.327696
1993-11-05,2.360117
1993-11-08,2.353437
1993-11-09,2.291146
1993-11-10,2.323565
1993-11-12,2.291676
1993-11-15,2.319253
1993-11-16,2.309795
1993-11-17,2.312812
1993-11-18,2.320217
1993-11-19,2.420038
1993-11-22,2.467604
1993-11-23,2.418808
1993-11-24,2.447773
1993-11-26,2.419486
1993-11-29,2.369075
1993-11-30,2.383656
1993-12-01,2.381136
1993-12-02,2.365427
1993-12-03,2.322476
1993-12-06,2.261976
1993-12-07,2.228242
1993-12-08,2.241348
1993-12-09,2.210254
1993-12-10,2.249966
1993-12-13,2.310840
1993-12-14,2.356946
1993-12-15,2.386436
1993-12-16,2.396170
1993-12-17,2.375669
1993-12-20,2.382889
1993-12-21,2.396842
1993-12-22,2.327062
1993-12-23,2.308992
1993-12-27,2.307152
1993-12-28,2.304923
1993-12-29,2.319402
1993-12-30,2.317506
1993-12-31,2.392269
1994-01-03,2.453590
1994-01-04,2.408566
1994-01-05,2.430176
1994-01-06,2.405242
1994-01-07,2.337314
1994-01-10,2.341657
1994-01-11,2.341832
1994-01-12,2.261771
1994-01-13,2.323698
1994-01-14,2.354358
1994-01-18,2.353316
1994-01-20,2.356163
1994-01-21,2.354100
1994-01-24,2.360874
1994-01-25,2.391572
1994-01-26,2.358238
1994-01-27,2.280277
1994-01-28,2.234431
1994-01-31,2.234698
1994-02-01,2.282129
1994-02-02,2.279209
1994-02-03,2.261930
1994-02-04,2.344980
1994-02-07,2.287022
1994-02-08,2.337439
1994-02-09,2.316575
1994-02-10,2.297389
1994-02-11,2.268916
1994-02-14,2.319344
1994-02-15,2.294535
1994-02-16,2.303470
1994-02-17,2.362134
1994-02-18,2.434539
1994-02-22,2.397953
1994-02-23,2.408226
1994-02-24,2.510446
1994-02-25,2.491304
1994-02-28,2.496128
1994-03-01,2.545166
1994-03-02,2.535094
1994-03-03,2.569602
1994-03-04,2.522468
1994-03-07,2.489517
1994-03-08,2.466265
1994-03-09,2.473706
1994-03-10,2.625820
1994-03-11,2.551091
1994-03-14,2.571347
1994-03-15,2.524666
1994-03-16,2.462807
1994-03-17,2.471715
1994-03-18,2.518074
1994-03-21,2.498444
1994-03-22,2.446318
1994-03-23,2.456009
1994-03-24,2.573314
1994-03-25,2.588601
1994-03-28,2.565389
1994-03-29,2.637162
1994-03-30,2.700924
1994-03-31,2.700956
1994-04-04,2.877937
1994-04-05,2.732478
1994-04-06,2.722087
1994-04-07,2.706990
1994-04-08,2.706377
1994-04-11,2.691781
1994-04-12,2.695892
1994-04-13,2.770635
1994-04-14,2.805182
1994-04-15,2.728656
1994-04-18,2.764001
1994-04-19,2.678908
1994-04-20,2.674730
1994-04-21,2.525820
1994-04-22,2.526568
1994-04-25,2.402487
1994-04-26,2.430052
1994-04-28,2.490653
1994-04-29,2.588502
1994-05-02,2.585766
1994-05-03,2.535262
1994-05-04,2.519008
1994-05-05,2.517037
1994-05-06,2.607627
1994-05-09,2.663932
1994-05-10,2.515789
1994-05-11,2.657701
1994-05-12,2.678365
1994-05-13,2.766851
1994-05-16,2.711916
1994-05-17,2.542510
1994-05-18,2.512747
1994-05-19,2.483863
1994-05-20,2.479403
1994-05-23,2.587732
1994-05-24,2.539738
1994-05-25,2.466358
1994-05-26,2.514219
1994-05-27,2.491317
1994-05-31,2.566409
1994-06-01,2.528581
1994-06-02,2.515842
1994-06-03,2.425164
1994-06-06,2.339976
1994-06-07,2.376123
1994-06-08,2.409621
1994-06-09,2.419510
1994-06-10,2.469521
1994-06-13,2.413469
1994-06-14,2.424996
1994-06-15,2.519862
1994-06-16,2.487077
1994-06-17,2.579184
1994-06-20,2.538328
1994-06-21,2.558585
1994-06-22,2.444272
1994-06-23,2.514401
1994-06-24,2.570760
1994-06-27,2.526267
1994-06-28,2.605217
1994-06-29,2.649651
1994-06-30,2.772054
1994-07-01,2.725746
1994-07-05,2.664474
1994-07-06,2.733223
1994-07-07,2.723760
1994-07-11,2.766180
1994-07-12,2.707535
1994-07-13,2.695823
1994-07-14,2.588606
1994-07-15,2.630318
1994-07-18,2.576609
1994-07-19,2.601541
1994-07-20,2.618479
1994-07-21,2.583238
1994-07-22,2.576142
1994-07-25,2.524518
1994-07-26,2.561863
1994-07-27,2.570853
1994-07-28,2.578383
1994-07-29,2.513486
1994-08-01,2.480389
1994-08-02,2.453173
1994-08-03,2.469267
1994-08-04,2.508495
1994-08-05,2.472747
1994-08-08,2.478270
1994-08-09,2.524732
1994-08-10,2.534428
1994-08-11,2.582800
1994-08-12,2.646186
1994-08-15,2.504641
1994-08-16,2.407027
1994-08-17,2.392823
1994-08-18,2.472986
1994-08-19,2.456075
1994-08-22,2.497130
1994-08-23,2.495695
1994-08-24,2.468311
1994-08-25,2.531181
1994-08-26,2.483436
1994-08-29,2.481068
1994-08-30,2.448873
1994-08-31,2.446441
1994-09-01,2.438413
1994-09-02,2.463995
1994-09-06,2.511962
1994-09-07,2.548380
1994-09-08,2.551629
1994-09-09,2.654910
1994-09-12,2.640235
1994-09-13,2.641432
1994-09-14,2.615692
1994-09-15,2.605152
1994-09-16,2.718383
1994-09-19,2.681607
1994-09-20,2.698064
1994-09-21,2.669681
1994-09-22,2.667275
1994-09-23,2.655784
1994-09-26,2.633561
1994-09-27,2.662893
1994-09-28,2.649823
1994-09-29,2.639005
1994-09-30,2.582742
1994-10-03,2.505379
1994-10-04,2.575181
1994-10-05,2.635702
1994-10-06,2.623186
1994-10-11,2.539982
1994-10-12,2.556381
1994-10-13,2.529175
1994-10-14,2.561255
1994-10-17,2.583736
1994-10-18,2.589375
1994-10-19,2.627902
1994-10-20,2.675184
1994-10-21,2.656350
1994-10-24,2.639663
1994-10-25,2.650149
1994-10-26,2.710028
1994-10-27,2.692546
1994-10-28,2.662538
1994-10-31,2.607601
1994-11-01,2.651832
1994-11-02,2.664130
1994-11-03,2.643177
1994-11-04,2.667563
1994-11-07,2.662852
1994-11-08,2.668360
1994-11-09,2.601855
1994-11-10,2.576259
1994-11-14,2.578733
1994-11-15,2.457543
1994-11-16,2.548889
1994-11-17,2.541040
1994-11-18,2.458736
1994-11-21,2.454278
1994-11-22,2.425905
1994-11-23,2.284526
1994-11-25,2.260708
1994-11-28,2.169470
1994-11-29,2.231707
1994-11-30,2.209554
1994-12-01,2.241966
1994-12-02,2.110160
1994-12-05,2.067166
1994-12-06,2.009341
1994-12-07,2.066016
1994-12-08,2.029522
1994-12-09,2.015047
1994-12-12,2.017595
1994-12-13,1.941370
1994-12-14,2.001867
1994-12-15,2.004359
1994-12-16,1.978620
1994-12-19,1.969598
1994-12-20,2.000821
1994-12-21,1.983807
1994-12-22,1.886361
1994-12-23,1.829715
1994-12-27,1.776612
1994-12-28,1.890999
1994-12-29,1.945383
1994-12-30,1.980720
1995-01-03,2.011715
1995-01-04,1.969116
1995-01-05,2.015014
1995-01-06,1.992118
1995-01-09,2.030200
1995-01-10,2.006926
1995-01-11,2.011797
1995-01-12,2.037253
1995-01-13,1.991268
1995-01-17,1.968453
1995-01-18,1.960132
1995-01-19,2.001331
1995-01-20,1.997469
1995-01-23,2.048353
1995-01-24,2.060304
1995-01-25,2.029474
1995-01-26,2.020268
1995-01-27,1.961917
1995-01-30,1.984294
1995-01-31,1.922671
1995-02-01,1.967645
1995-02-02,1.926361
1995-02-03,1.880876
1995-02-06,1.854714
1995-02-07,1.883337
1995-02-08,1.903543
1995-02-09,1.874380
1995-02-10,1.930085
1995-02-13,1.914268
1995-02-14,1.923034
1995-02-16,1.956073
1995-02-17,1.921190
1995-02-21,1.934557
1995-02-22,1.998739
1995-02-23,2.025176
1995-02-24,2.053183
1995-02-27,2.040236
1995-02-28,1.964793
1995-03-01,1.933012
1995-03-02,1.944996
1995-03-03,2.037659
1995-03-06,2.044776
1995-03-07,2.063459
1995-03-08,1.986138
1995-03-09,1.989579
1995-03-10,1.886809
1995-03-13,1.906995
1995-03-14,1.794472
1995-03-15,1.836641
1995-03-16,1.836683
1995-03-17,1.874744
1995-03-21,1.955552
1995-03-22,2.001420
1995-03-23,1.983849
1995-03-24,1.957993
1995-03-27,1.868480
1995-03-28,1.896345
1995-03-29,1.910721
1995-03-30,1.940548
1995-03-31,1.938308
1995-04-03,1.895924
1995-04-04,1.859372
1995-04-05,1.883420
1995-04-06,1.902220
1995-04-07,1.942285
1995-04-10,1.911759
1995-04-11,1.897942
1995-04-12,1.880017
1995-04-13,1.912497
1995-04-17,1.968695
1995-04-18,2.058593
1995-04-19,1.985724
1995-04-20,1.985419
1995-04-21,1.965272
1995-04-24,1.899061
1995-04-25,1.898066
1995-04-26,1.874019
1995-04-27,1.850116
1995-04-28,1.833646
1995-05-01,1.834111
1995-05-02,1.868666
1995-05-03,1.835173
1995-05-04,1.745657
1995-05-05,1.722881
1995-05-08,1.739134
1995-05-09,1.709393
1995-05-10,1.745030
1995-05-11,1.680113
1995-05-12,1.688995
1995-05-15,1.653531
1995-05-16,1.577535
1995-05-17,1.576455
1995-05-18,1.602545
1995-05-19,1.598472
1995-05-22,1.596953
1995-05-23,1.601596
1995-05-24,1.527985
1995-05-25,1.573071
1995-05-26,1.598754
1995-05-30,1.552757
1995-05-31,1.572624
1995-06-01,1.542740
1995-06-02,1.512956
1995-06-05,1.507187
1995-06-06,1.504623
1995-06-07,1.427655
1995-06-08,1.411447
1995-06-09,1.486578
1995-06-12,1.558318
1995-06-13,1.522586
1995-06-14,1.512871
1995-06-15,1.486093
1995-06-16,1.511100
1995-06-19,1.479492
1995-06-20,1.473322
1995-06-21,1.502876
1995-06-22,1.417790
1995-06-23,1.442359
1995-06-26,1.462780
1995-06-27,1.469043
1995-06-28,1.438202
1995-06-29,1.476028
1995-06-30,1.490050
1995-07-03,1.493347
1995-07-05,1.478032
1995-07-06,1.514660
1995-07-07,1.468456
1995-07-10,1.466050
1995-07-11,1.499234
1995-07-12,1.499892
1995-07-13,1.506014
1995-07-14,1.490552
1995-07-17,1.535794
1995-07-18,1.589117
1995-07-19,1.701342
1995-07-20,1.667298
1995-07-21,1.720053
1995-07-24,1.625699
1995-07-25,1.599564
1995-07-26,1.654859
1995-07-27,1.663301
1995-07-28,1.684212
1995-07-31,1.674469
1995-08-01,1.707476
1995-08-02,1.683527
1995-08-03,1.718488
1995-08-04,1.706221
1995-08-07,1.715919
1995-08-08,1.702195
1995-08-09,1.718591
1995-08-10,1.744332
1995-08-11,1.752496
1995-08-14,1.758203
1995-08-15,1.676425
1995-08-16,1.655141
1995-08-17,1.645132
1995-08-18,1.654400
1995-08-21,1.651644
1995-08-22,1.676211
1995-08-23,1.679011
1995-08-24,1.662206
1995-08-25,1.563806
1995-08-28,1.617957
1995-08-29,1.564666
1995-08-30,1.567289
1995-08-31,1.519766
1995-09-01,1.493177
1995-09-05,1.463930
1995-09-06,1.486532
1995-09-07,1.487843
1995-09-08,1.474864
1995-09-11,1.477263
1995-09-12,1.441319
1995-09-13,1.458763
1995-09-14,1.477625
1995-09-15,1.466812
1995-09-18,1.518732
1995-09-19,1.463464
1995-09-20,1.433021
1995-09-21,1.476933
1995-09-22,1.495335
1995-09-25,1.475858
1995-09-26,1.481642
1995-09-27,1.503377
1995-09-28,1.448834
1995-09-29,1.352510
1995-10-02,1.382542
1995-10-03,1.350873
1995-10-04,1.363126
1995-10-05,1.352274
1995-10-06,1.323535
1995-10-10,1.325587
1995-10-11,1.319771
1995-10-12,1.293977
1995-10-13,1.184660
1995-10-16,1.224622
1995-10-17,1.213968
1995-10-18,1.223647
1995-10-19,1.219074
1995-10-20,1.265666
1995-10-23,1.249954
1995-10-24,1.191330
1995-10-25,1.242531
1995-10-26,1.356096
1995-10-27,1.283886
1995-10-30,1.337492
1995-10-31,1.306666
1995-11-01,1.308806
1995-11-02,1.262007
1995-11-03,1.269694
1995-11-06,1.263673
1995-11-07,1.269365
1995-11-08,1.236997
1995-11-09,1.300408
1995-11-10,1.324264
1995-11-13,1.296060
1995-11-14,1.306036
1995-11-15,1.316239
1995-11-16,1.254684
1995-11-17,1.282598
1995-11-20,1.292349
1995-11-21,1.321398
1995-11-22,1.323711
1995-11-24,1.319807
1995-11-27,1.279506
1995-11-28,1.263650
1995-11-29,1.245234
1995-11-30,1.228980
1995-12-01,1.196353
1995-12-04,1.125894
1995-12-05,1.106763
1995-12-06,1.090523
1995-12-07,1.132874
1995-12-08,1.136455
1995-12-11,1.109529
1995-12-12,1.111704
1995-12-13,1.122530
1995-12-14,1.163159
1995-12-15,1.183544
1995-12-18,1.248486
1995-12-19,1.232159
1995-12-20,1.200503
1995-12-21,1.204151
1995-12-22,1.164134
1995-12-26,1.183942
1995-12-27,1.175571
1995-12-28,1.154814
1995-12-29,1.127764
1996-01-02,1.135969
1996-01-03,1.189456
1996-01-04,1.231295
1996-01-05,1.259409
1996-01-08,1.221759
1996-01-09,1.254487
1996-01-10,1.354131
1996-01-11,1.353012
1996-01-12,1.383386
1996-01-16,1.327452
1996-01-17,1.244381
1996-01-18,1.232751
1996-01-19,1.223135
1996-01-22,1.280769
1996-01-23,1.321046
1996-01-24,1.283980
1996-01-25,1.321400
1996-01-26,1.289000
1996-01-29,1.342368
1996-01-30,1.316793
1996-01-31,1.354285
1996-02-01,1.402305
1996-02-02,1.491436
1996-02-05,1.466919
1996-02-06,1.451908
1996-02-07,1.494734
1996-02-08,1.513374
1996-02-09,1.550811
1996-02-12,1.519103
1996-02-13,1.530807
1996-02-14,1.572149
1996-02-15,1.623000
1996-02-16,1.693969
1996-02-20,1.771822
1996-02-21,1.768661
1996-02-22,1.773974
1996-02-23,1.823662
1996-02-26,1.828707
1996-02-27,1.775850
1996-02-28,1.735748
1996-02-29,1.702196
1996-03-01,1.687170
1996-03-04,1.681841
1996-03-05,1.662494
1996-03-06,1.708370
1996-03-07,1.678734
1996-03-08,1.827821
1996-03-11,1.786870
1996-03-12,1.764965
1996-03-13,1.821475
1996-03-14,1.867926
1996-03-15,1.761735
1996-03-18,1.700832
1996-03-19,1.732598
1996-03-20,1.786254
1996-03-21,1.762733
1996-03-22,1.736076
1996-03-25,1.667029
1996-03-26,1.630062
1996-03-27,1.668014
1996-03-28,1.712503
1996-03-29,1.731498
1996-04-01,1.658389
1996-04-02,1.639713
1996-04-03,1.632119
1996-04-04,1.699974
1996-04-05,1.779020
1996-04-08,1.796406
1996-04-09,1.812666
1996-04-10,1.862370
1996-04-11,1.869147
1996-04-12,2.020708
1996-04-15,1.863752
1996-04-16,1.829438
1996-04-17,1.852154
1996-04-18,1.838360
1996-04-19,1.888436
1996-04-22,1.792136
1996-04-23,1.785845
1996-04-24,1.788780
1996-04-25,1.783387
1996-04-26,1.773006
1996-04-29,1.815511
1996-04-30,1.853666
1996-05-01,1.921988
1996-05-02,2.007665
1996-05-03,2.078592
1996-05-06,2.059860
1996-05-07,2.068259
1996-05-08,1.984267
1996-05-09,2.010006
1996-05-10,1.943769
1996-05-13,1.860108
1996-05-14,1.867623
1996-05-15,1.872545
1996-05-16,1.877170
1996-05-17,1.820230
1996-05-20,1.828254
1996-05-21,1.836927
1996-05-22,1.812029
1996-05-23,1.828634
1996-05-24,1.789479
1996-05-28,1.776025
1996-05-29,1.798932
1996-05-30,1.801311
1996-05-31,1.852146
1996-06-03,1.869913
1996-06-04,1.872577
1996-06-05,1.811705
1996-06-06,1.823674
1996-06-07,1.842998
1996-06-10,1.898106
1996-06-11,1.969421
1996-06-12,2.035552
1996-06-13,1.977985
1996-06-14,1.934672
1996-06-17,1.924300
1996-06-18,1.941314
1996-06-19,1.914096
1996-06-20,1.897877
1996-06-21,1.938392
1996-06-24,1.902197
1996-06-25,1.850951
1996-06-26,1.831580
1996-06-27,1.817223
1996-06-28,1.777193
1996-07-01,1.722714
1996-07-02,1.703365
1996-07-03,1.771646
1996-07-05,1.924166
1996-07-08,1.922527
1996-07-09,1.868530
1996-07-10,1.882833
1996-07-11,1.900471
1996-07-12,1.817885
1996-07-15,1.816718
1996-07-16,1.872492
1996-07-17,1.793797
1996-07-18,1.712621
1996-07-19,1.806333
1996-07-22,1.776468
1996-07-23,1.772532
1996-07-24,1.793155
1996-07-25,1.798645
1996-07-26,1.782921
1996-07-29,1.816391
1996-07-30,1.763244
1996-07-31,1.741975
1996-08-01,1.691852
1996-08-02,1.642439
1996-08-05,1.608863
1996-08-06,1.608128
1996-08-07,1.589342
1996-08-08,1.615673
1996-08-09,1.594581
1996-08-12,1.610460
1996-08-13,1.656664
1996-08-14,1.659033
1996-08-15,1.698085
1996-08-16,1.660485
1996-08-19,1.684735
1996-08-20,1.672651
1996-08-21,1.718612
1996-08-22,1.723332
1996-08-23,1.745515
1996-08-27,1.813266
1996-08-28,1.862272
1996-08-29,1.866299
1996-08-30,1.948798
1996-09-03,1.866353
1996-09-04,1.873130
1996-09-05,1.959852
1996-09-06,1.955141
1996-09-09,1.913762
1996-09-10,1.971888
1996-09-11,1.931716
1996-09-12,1.925226
1996-09-13,1.878100
1996-09-16,1.850891
1996-09-17,1.851738
1996-09-18,1.845532
1996-09-19,1.846109
1996-09-20,1.854135
1996-09-23,1.847163
1996-09-24,1.855682
1996-09-25,1.802941
1996-09-26,1.772958
1996-09-27,1.804917
1996-09-30,1.814637
1996-10-01,1.790988
1996-10-02,1.781642
1996-10-03,1.778937
1996-10-04,1.719857
1996-10-07,1.736372
1996-10-08,1.731269
1996-10-09,1.741881
1996-10-10,1.782972
1996-10-11,1.738544
1996-10-15,1.746801
1996-10-16,1.722132
1996-10-17,1.684742
1996-10-18,1.657354
1996-10-21,1.663239
1996-10-22,1.685879
1996-10-23,1.673251
1996-10-24,1.700578
1996-10-25,1.683307
1996-10-28,1.676208
1996-10-29,1.617489
1996-10-30,1.612193
1996-10-31,1.593557
1996-11-01,1.590375
1996-11-04,1.571394
1996-11-05,1.504811
1996-11-06,1.510985
1996-11-07,1.436867
1996-11-08,1.468522
1996-11-12,1.409586
1996-11-13,1.432374
1996-11-14,1.604042
1996-11-15,1.458917
1996-11-18,1.461680
1996-11-19,1.432295
1996-11-20,1.390469
1996-11-21,1.383260
1996-11-22,1.393480
1996-11-25,1.389830
1996-11-26,1.407619
1996-11-27,1.420516
1996-11-29,1.357954
1996-12-02,1.361500
1996-12-03,1.353230
1996-12-04,1.390394
1996-12-05,1.516978
1996-12-06,1.535383
1996-12-09,1.526552
1996-12-10,1.470498
1996-12-11,1.565283
1996-12-12,1.614332
1996-12-13,1.596685
1996-12-16,1.615825
1996-12-17,1.573757
1996-12-18,1.574984
1996-12-19,1.490643
1996-12-20,1.479366
1996-12-23,1.446504
1996-12-24,1.449995
1996-12-26,1.452953
1996-12-27,1.418727
1996-12-30,1.430055
1996-12-31,1.502418
1997-01-02,1.605456
1997-01-03,1.584933
1997-01-06,1.615848
1997-01-07,1.635368
1997-01-08,1.644747
1997-01-09,1.594352
1997-01-10,1.646525
1997-01-13,1.634567
1997-01-14,1.570253
1997-01-15,1.596398
1997-01-16,1.637333
1997-01-17,1.615600
1997-01-21,1.568024
1997-01-22,1.609587
1997-01-23,1.610938
1997-01-24,1.675925
1997-01-27,1.716701
1997-01-28,1.681605
1997-01-29,1.664621
1997-01-30,1.659262
1997-01-31,1.606168
1997-02-03,1.583689
1997-02-04,1.572144
1997-02-05,1.595593
1997-02-06,1.594027
1997-02-07,1.574612
1997-02-10,1.560493
1997-02-11,1.554058
1997-02-13,1.489157
1997-02-14,1.448684
1997-02-18,1.467031
1997-02-19,1.485133
1997-02-20,1.540289
1997-02-21,1.527824
1997-02-24,1.545200
1997-02-25,1.533028
1997-02-26,1.603937
1997-02-27,1.585464
1997-02-28,1.562797
1997-03-03,1.595851
1997-03-04,1.621296
1997-03-05,1.622765
1997-03-06,1.652875
1997-03-07,1.612562
1997-03-10,1.610478
1997-03-11,1.627481
1997-03-12,1.642794
1997-03-13,1.694433
1997-03-14,1.691251
1997-03-17,1.686168
1997-03-18,1.677261
1997-03-19,1.686640
1997-03-20,1.632623
1997-03-21,1.621278
1997-03-24,1.606103
1997-03-25,1.578129
1997-03-26,1.622892
1997-03-27,1.741626
1997-03-31,1.750502
1997-04-01,1.770508
1997-04-02,1.737321
1997-04-03,1.743441
1997-04-04,1.760497
1997-04-07,1.706249
1997-04-08,1.736323
1997-04-09,1.746360
1997-04-10,1.731931
1997-04-11,1.774113
1997-04-14,1.754022
1997-04-15,1.673704
1997-04-16,1.682005
1997-04-17,1.661642
1997-04-18,1.672189
1997-04-21,1.705826
1997-04-22,1.705297
1997-04-23,1.719353
1997-04-24,1.730564
1997-04-25,1.718863
1997-04-28,1.697316
1997-04-29,1.664044
1997-04-30,1.650702
1997-05-01,1.667880
1997-05-02,1.633843
1997-05-05,1.579604
1997-05-06,1.556939
1997-05-07,1.615236
1997-05-08,1.599262
1997-05-09,1.596627
1997-05-12,1.595424
1997-05-13,1.581910
1997-05-14,1.613319
1997-05-15,1.626170
1997-05-16,1.636299
1997-05-19,1.577431
1997-05-20,1.612258
1997-05-21,1.682710
1997-05-22,1.688110
1997-05-23,1.666378
1997-05-27,1.679028
1997-05-28,1.700491
1997-05-29,1.672447
1997-05-30,1.656339
1997-06-02,1.662756
1997-06-03,1.638587
1997-06-04,1.599205
1997-06-05,1.566595
1997-06-06,1.478494
1997-06-09,1.511903
1997-06-10,1.523564
1997-06-11,1.532889
1997-06-12,1.523356
1997-06-13,1.496712
1997-06-16,1.473300
1997-06-17,1.491908
1997-06-18,1.470731
1997-06-19,1.465948
1997-06-20,1.441802
1997-06-23,1.456101
1997-06-24,1.459687
1997-06-25,1.501794
1997-06-26,1.538727
1997-06-27,1.542823
1997-06-30,1.531122
1997-07-01,1.490966
1997-07-02,1.466902
1997-07-03,1.399464
1997-07-07,1.360362
1997-07-08,1.367522
1997-07-09,1.352029
1997-07-10,1.365045
1997-07-11,1.332272
1997-07-14,1.330418
1997-07-15,1.333577
1997-07-16,1.282549
1997-07-17,1.286531
1997-07-18,1.331692
1997-07-21,1.328826
1997-07-22,1.254974
1997-07-23,1.253355
1997-07-24,1.264614
1997-07-25,1.284518
1997-07-28,1.272919
1997-07-29,1.232802
1997-07-30,1.228809
1997-07-31,1.211401
1997-08-01,1.305469
1997-08-04,1.289065
1997-08-05,1.292752
1997-08-06,1.276797
1997-08-07,1.289242
1997-08-08,1.461677
1997-08-11,1.473213
1997-08-12,1.487952
1997-08-13,1.471150
1997-08-14,1.411297
1997-08-15,1.448041
1997-08-18,1.416406
1997-08-19,1.394536
1997-08-20,1.398415
1997-08-21,1.439514
1997-08-22,1.504912
1997-08-25,1.506561
1997-08-26,1.531370
1997-08-27,1.491648
1997-08-28,1.414972
1997-08-29,1.459848
1997-09-02,1.438724
1997-09-03,1.466503
1997-09-04,1.474517
1997-09-05,1.521242
1997-09-08,1.482108
1997-09-09,1.497867
1997-09-10,1.529274
1997-09-11,1.558579
1997-09-12,1.501554
1997-09-15,1.481262
1997-09-16,1.343867
1997-09-17,1.348536
1997-09-18,1.329227
1997-09-19,1.314290
1997-09-22,1.286244
1997-09-23,1.312921
1997-09-24,1.284351
1997-09-25,1.358028
1997-09-26,1.303159
1997-09-29,1.330847
1997-09-30,1.335310
1997-10-01,1.289862
1997-10-02,1.265760
1997-10-03,1.276081
1997-10-06,1.276555
1997-10-07,1.252694
1997-10-08,1.344928
1997-10-09,1.339174
1997-10-10,1.396598
1997-10-14,1.324208
1997-10-15,1.346141
1997-10-16,1.335629
1997-10-17,1.351613
1997-10-20,1.329160
1997-10-21,1.299475
1997-10-22,1.302857
1997-10-23,1.248789
1997-10-24,1.220518
1997-10-27,1.219205
1997-10-28,1.196144
1997-10-29,1.158063
1997-10-30,1.108130
1997-10-31,1.094764
1997-11-03,1.141200
1997-11-04,1.154864
1997-11-05,1.121407
1997-11-06,1.081400
1997-11-07,1.060938
1997-11-10,1.042783
1997-11-12,1.051079
1997-11-13,1.041696
1997-11-14,1.025645
1997-11-17,1.009551
1997-11-18,0.998202
1997-11-19,0.943088
1997-11-20,0.949872
1997-11-21,0.974107
1997-11-24,0.979609
1997-11-25,0.953993
1997-11-26,0.924524
1997-11-28,0.892742
1997-12-01,0.951380
1997-12-02,0.938578
1997-12-03,0.912133
1997-12-04,0.934732
1997-12-05,0.936164
1997-12-08,0.965163
1997-12-09,0.972340
1997-12-10,0.984249
1997-12-11,0.956162
1997-12-12,0.884052
1997-12-15,0.907288
1997-12-16,0.888857
1997-12-17,0.907424
1997-12-18,0.855771
1997-12-19,0.860711
1997-12-22,0.785885
1997-12-23,0.806472
1997-12-24,0.833421
1997-12-26,0.799164
1997-12-29,0.821330
1997-12-30,0.866190
1997-12-31,0.849206
1998-01-02,0.784240
1998-01-05,0.757640
1998-01-06,0.786746
1998-01-07,0.864632
1998-01-08,0.904367
1998-01-09,0.953719
1998-01-12,0.895030
1998-01-13,0.889232
1998-01-14,0.906642
1998-01-15,0.923471
1998-01-16,0.948640
1998-01-20,0.950171
1998-01-21,0.944188
1998-01-22,1.038448
1998-01-23,1.114696
1998-01-26,1.034779
1998-01-27,1.018590
1998-01-28,1.016387
1998-01-29,0.950592
1998-01-30,0.961678
1998-02-02,0.990202
1998-02-03,1.006075
1998-02-04,1.030555
1998-02-05,1.093305
1998-02-06,1.046196
1998-02-09,1.048995
1998-02-10,1.029629
1998-02-11,0.948099
1998-02-12,0.963422
1998-02-13,0.949628
1998-02-17,0.902692
1998-02-18,0.932149
1998-02-19,0.944508
1998-02-20,0.957668
1998-02-23,0.957907
1998-02-24,1.004133
1998-02-25,0.909660
1998-02-26,0.913494
1998-02-27,0.899285
1998-03-02,0.988381
1998-03-03,1.028050
1998-03-04,0.995336
1998-03-05,1.058835
1998-03-06,1.022636
1998-03-09,0.976088
1998-03-10,0.967402
1998-03-11,0.940754
1998-03-12,0.879402
1998-03-13,0.902458
1998-03-16,0.888430
1998-03-17,0.900403
1998-03-18,0.908399
1998-03-19,0.897256
1998-03-20,0.880296
1998-03-23,0.871390
1998-03-24,0.854808
1998-03-25,0.869237
1998-03-26,0.866873
1998-03-27,0.857618
1998-03-30,0.892156
1998-03-31,0.885081
1998-04-01,0.861252
1998-04-02,0.835125
1998-04-03,0.819799
1998-04-06,0.823152
1998-04-07,0.840402
1998-04-08,0.893237
1998-04-09,0.859724
1998-04-13,0.886588
1998-04-14,0.882113
1998-04-15,0.914660
1998-04-16,0.924562
1998-04-17,0.931555
1998-04-20,0.975442
1998-04-21,0.995019
1998-04-22,1.007123
1998-04-23,1.002963
1998-04-24,0.970382
1998-04-27,1.058896
1998-04-28,1.079107
1998-04-29,1.080978
1998-04-30,1.028022
1998-05-01,0.991017
1998-05-04,0.979899
1998-05-05,1.008272
1998-05-06,1.007715
1998-05-07,1.032374
1998-05-08,1.029351
1998-05-11,1.067179
1998-05-12,0.980992
1998-05-13,0.947652
1998-05-14,0.967523
1998-05-15,0.937938
1998-05-18,0.873433
1998-05-19,0.954185
1998-05-20,0.896277
1998-05-21,0.867403
1998-05-22,0.838036
1998-05-26,0.854972
1998-05-27,0.876076
1998-05-28,0.837575
1998-05-29,0.882866
1998-06-01,0.865226
1998-06-02,0.876268
1998-06-03,0.855107
1998-06-04,0.880336
1998-06-05,0.834819
1998-06-08,0.831190
1998-06-09,0.832515
1998-06-10,0.755988
1998-06-11,0.748577
1998-06-12,0.770087
1998-06-15,0.723024
1998-06-16,0.750370
1998-06-17,0.817420
1998-06-18,0.787144
1998-06-19,0.780959
1998-06-22,0.758862
1998-06-23,0.729439
1998-06-24,0.754983
1998-06-25,0.746589
1998-06-26,0.692619
1998-06-29,0.738099
1998-06-30,0.712654
1998-07-01,0.753614
1998-07-02,0.690838
1998-07-06,0.689049
1998-07-07,0.674341
1998-07-08,0.696112
1998-07-09,0.689030
1998-07-10,0.705070
1998-07-13,0.735357
1998-07-14,0.765117
1998-07-15,0.766574
1998-07-16,0.781346
1998-07-17,0.813773
1998-07-20,0.768557
1998-07-21,0.706863
1998-07-22,0.733407
1998-07-23,0.705500
1998-07-24,0.704017
1998-07-27,0.736555
1998-07-28,0.782814
1998-07-29,0.777417
1998-07-30,0.751126
1998-07-31,0.743978
1998-08-03,0.693724
1998-08-04,0.684013
1998-08-05,0.705023
1998-08-06,0.728310
1998-08-07,0.702418
1998-08-10,0.700686
1998-08-11,0.699845
1998-08-12,0.705527
1998-08-13,0.706320
1998-08-14,0.672300
1998-08-17,0.697273
1998-08-18,0.693194
1998-08-19,0.702776
1998-08-20,0.657980
1998-08-21,0.657383
1998-08-24,0.686417
1998-08-25,0.679332
1998-08-26,0.800073
1998-08-27,0.704170
1998-08-28,0.708679
1998-08-31,0.652400
1998-09-01,0.715190
1998-09-02,0.681688
1998-09-03,0.643699
1998-09-04,0.622014
1998-09-08,0.712309
1998-09-09,0.724434
1998-09-10,0.747695
1998-09-11,0.726091
1998-09-14,0.728293
1998-09-15,0.759441
1998-09-16,0.700011
1998-09-17,0.688793
1998-09-18,0.690905
1998-09-21,0.643341
1998-09-22,0.631512
1998-09-23,0.667154
1998-09-24,0.694431
1998-09-25,0.686380
1998-09-28,0.702311
1998-09-29,0.640911
1998-09-30,0.622624
1998-10-01,0.630492
1998-10-02,0.566769
1998-10-05,0.529812
1998-10-06,0.547407
1998-10-07,0.667676
1998-10-08,0.917795
1998-10-09,1.128511
1998-10-13,1.139166
1998-10-14,0.990822
1998-10-15,0.988686
1998-10-16,1.053119
1998-10-19,1.092284
1998-10-20,1.157260
1998-10-21,1.106436
1998-10-22,1.114374
1998-10-23,1.125826
1998-10-26,0.984621
1998-10-27,0.974952
1998-10-28,1.007601
1998-10-29,0.985561
1998-10-30,0.988680
1998-11-02,1.017474
1998-11-03,1.003493
1998-11-04,0.979637
1998-11-05,0.949460
1998-11-06,0.988264
1998-11-09,0.867573
1998-11-10,0.850152
1998-11-12,0.846360
1998-11-13,0.835081
1998-11-16,0.856173
1998-11-17,0.902191
1998-11-18,0.797599
1998-11-19,0.787196
1998-11-20,0.750407
1998-11-23,0.834492
1998-11-24,0.783541
1998-11-25,0.759247
1998-11-27,0.744498
1998-11-30,0.682251
1998-12-01,0.743453
1998-12-02,0.744383
1998-12-03,0.753893
1998-12-04,0.741101
1998-12-07,0.728471
1998-12-08,0.683755
1998-12-09,0.645547
1998-12-10,0.645113
1998-12-11,0.712831
1998-12-14,0.713522
1998-12-15,0.739472
1998-12-16,0.737594
1998-12-17,0.734072
1998-12-18,0.719731
1998-12-21,0.760355
1998-12-22,0.833770
1998-12-23,0.835029
1998-12-24,0.840169
1998-12-28,0.777833
1998-12-29,0.732986
1998-12-30,0.762828
1998-12-31,0.775820
1999-01-04,0.859751
1999-01-05,0.879883
1999-01-06,0.795156
1999-01-07,0.906814
1999-01-08,0.969479
1999-01-11,1.005983
1999-01-12,0.980847
1999-01-13,0.944706
1999-01-14,0.934205
1999-01-15,0.931316
1999-01-19,0.914676
1999-01-20,0.948448
1999-01-21,0.911215
1999-01-22,0.842411
1999-01-25,0.859048
1999-01-26,0.838353
1999-01-27,0.852342
1999-01-28,0.813088
1999-01-29,0.820851
1999-02-01,0.894332
1999-02-02,0.936304
1999-02-03,0.927471
1999-02-04,0.972056
1999-02-05,0.986614
1999-02-08,0.997002
1999-02-09,0.962860
1999-02-10,0.970689
1999-02-11,0.953620
1999-02-12,1.089167
1999-02-16,1.003720
1999-02-17,0.980480
1999-02-18,1.019674
1999-02-19,1.024991
1999-02-22,1.006982
1999-02-23,1.029780
1999-02-24,1.072821
1999-02-25,1.112032
1999-02-26,1.077438
1999-03-01,1.132121
1999-03-02,1.085554
1999-03-03,1.177267
1999-03-04,1.186567
1999-03-05,1.159115
1999-03-08,1.153893
1999-03-09,1.150054
1999-03-10,1.145525
1999-03-11,1.138727
1999-03-12,1.129772
1999-03-15,1.098380
1999-03-16,1.060698
1999-03-17,1.095587
1999-03-18,1.102383
1999-03-19,1.144062
1999-03-22,1.147795
1999-03-23,1.171810
1999-03-24,1.142744
1999-03-25,1.201615
1999-03-26,1.225488
1999-03-29,1.257778
1999-03-30,1.212055
1999-03-31,1.248371
1999-04-01,1.291019
1999-04-05,1.228962
1999-04-06,1.165243
1999-04-07,1.148303
1999-04-08,1.081550
1999-04-09,1.096574
1999-04-12,1.077376
1999-04-13,1.149216
1999-04-14,1.148062
1999-04-15,1.172689
1999-04-16,1.187058
1999-04-19,1.191596
1999-04-20,1.170083
1999-04-21,1.163563
1999-04-22,1.218445
1999-04-23,1.210141
1999-04-26,1.185254
1999-04-27,1.153779
1999-04-28,1.145674
1999-04-29,1.107131
1999-04-30,1.233648
1999-05-03,1.218137
1999-05-04,1.268165
1999-05-05,1.258345
1999-05-06,1.314233
1999-05-07,1.345842
1999-05-10,1.326999
1999-05-11,1.344955
1999-05-12,1.332665
1999-05-13,1.255989
1999-05-14,1.395919
1999-05-17,1.363134
1999-05-18,1.312054
1999-05-19,1.241483
1999-05-20,1.268516
1999-05-21,1.244621
1999-05-24,1.256097
1999-05-25,1.226188
1999-05-26,1.250709
1999-05-27,1.248156
1999-06-01,1.311584
1999-06-02,1.318422
1999-06-03,1.328377
1999-06-04,1.343742
1999-06-07,1.294740
1999-06-08,1.328912
1999-06-09,1.328215
1999-06-10,1.376175
1999-06-11,1.463602
1999-06-14,1.425671
1999-06-15,1.429865
1999-06-16,1.435735
1999-06-17,1.389927
1999-06-18,1.349226
1999-06-21,1.414209
1999-06-22,1.484422
1999-06-23,1.524421
1999-06-24,1.533029
1999-06-25,1.505047
1999-06-28,1.456738
1999-06-29,1.457679
1999-06-30,1.512943
1999-07-01,1.527986
1999-07-02,1.496993
1999-07-06,1.498263
1999-07-07,1.502528
1999-07-08,1.441586
1999-07-09,1.432899
1999-07-13,1.350769
1999-07-14,1.355401
1999-07-15,1.360911
1999-07-16,1.363833
1999-07-19,1.373746
1999-07-20,1.383911
1999-07-22,1.482857
1999-07-23,1.507647
1999-07-26,1.484026
1999-07-27,1.452452
1999-07-28,1.425733
1999-07-29,1.438245
1999-07-30,1.487829
1999-08-02,1.494246
1999-08-03,1.468842
1999-08-04,1.505519
1999-08-05,1.514412
1999-08-06,1.543982
1999-08-09,1.570331
1999-08-10,1.609339
1999-08-11,1.599635
1999-08-12,1.685004
1999-08-13,1.600326
1999-08-16,1.623787
1999-08-17,1.575716
1999-08-18,1.558493
1999-08-19,1.588448
1999-08-20,1.548770
1999-08-23,1.513147
1999-08-24,1.524377
1999-08-25,1.458714
1999-08-26,1.429230
1999-08-27,1.492955
1999-08-30,1.580273
1999-08-31,1.611263
1999-09-01,1.632798
1999-09-02,1.701889
1999-09-03,1.624755
1999-09-07,1.690081
1999-09-08,1.685800
1999-09-09,1.716187
1999-09-10,1.670542
1999-09-13,1.701736
1999-09-14,1.767394
1999-09-15,1.765060
1999-09-16,1.710537
1999-09-17,1.658155
1999-09-20,1.679608
1999-09-21,1.702410
1999-09-22,1.705049
1999-09-23,1.616297
1999-09-24,1.570974
1999-09-27,1.614780
1999-09-28,1.689855
1999-09-29,1.728231
1999-09-30,1.660098
1999-10-01,1.762490
1999-10-04,1.732750
1999-10-05,1.776380
1999-10-06,1.707336
1999-10-07,1.691509
1999-10-08,1.734291
1999-10-12,1.741331
1999-10-13,1.800163
1999-10-14,1.838391
1999-10-15,1.823243
1999-10-18,1.833858
1999-10-19,1.869296
1999-10-20,1.848038
1999-10-21,1.905837
1999-10-22,1.872358
1999-10-25,1.847987
1999-10-26,1.862098
1999-10-27,1.792987
1999-10-28,1.717141
1999-10-29,1.611045
1999-11-01,1.634722
1999-11-02,1.595454
1999-11-03,1.601726
1999-11-04,1.564203
1999-11-05,1.506493
1999-11-08,1.481197
1999-11-09,1.468914
1999-11-10,1.478224
1999-11-12,1.457735
1999-11-15,1.403557
1999-11-16,1.375509
1999-11-17,1.468985
1999-11-18,1.549549
1999-11-19,1.515266
1999-11-22,1.545748
1999-11-23,1.559293
1999-11-24,1.567759
1999-11-26,1.588904
1999-11-29,1.642285
1999-11-30,1.634491
1999-12-01,1.694722
1999-12-02,1.696109
1999-12-03,1.653666
1999-12-06,1.637289
1999-12-07,1.613165
1999-12-08,1.641060
1999-12-09,1.606476
1999-12-10,1.531412
1999-12-13,1.528276
1999-12-14,1.610365
1999-12-15,1.663033
1999-12-16,1.737133
1999-12-17,1.707074
1999-12-20,1.777316
1999-12-21,1.801746
1999-12-22,1.782019
1999-12-23,1.800036
1999-12-27,1.767507
1999-12-28,1.793263
1999-12-29,1.778787
1999-12-30,1.775706
1999-12-31,1.782386
2000-01-03,1.796181
2000-01-04,1.778941
2000-01-05,1.846983
2000-01-06,1.773158
2000-01-07,1.750476
2000-01-10,1.736212
2000-01-11,1.790919
2000-01-12,1.806339
2000-01-13,1.714910
2000-01-14,1.705121
2000-01-18,1.714683
2000-01-19,1.682263
2000-01-20,1.697363
2000-01-21,1.676460
2000-01-24,1.620410
2000-01-25,1.643378
2000-01-26,1.540624
2000-01-27,1.422858
2000-01-28,1.298690
2000-01-31,1.341575
2000-02-01,1.319091
2000-02-02,1.266293
2000-02-03,1.244511
2000-02-04,1.190205
2000-02-07,1.225977
2000-02-08,1.094612
2000-02-09,1.239411
2000-02-10,1.344093
2000-02-11,1.318195
2000-02-14,1.240229
2000-02-15,1.258374
2000-02-16,1.285371
2000-02-17,1.206803
2000-02-18,1.128853
2000-02-22,1.068645
2000-02-23,1.079497
2000-02-24,1.101279
2000-02-25,1.216913
2000-02-28,1.187830
2000-02-29,1.133421
2000-03-01,1.170875
2000-03-02,1.105089
2000-03-03,1.056087
2000-03-06,1.091810
2000-03-07,1.147869
2000-03-08,1.170145
2000-03-09,1.166749
2000-03-10,1.177573
2000-03-13,1.181879
2000-03-14,1.137528
2000-03-15,1.072270
2000-03-16,1.047548
2000-03-17,0.980969
2000-03-20,0.954727
2000-03-21,0.894082
2000-03-22,0.922726
2000-03-23,0.872961
2000-03-24,0.895265
2000-03-27,0.882363
2000-03-28,0.909857
2000-03-29,0.927251
2000-03-30,0.859524
2000-03-31,0.801664
2000-04-03,0.813353
2000-04-04,0.843663
2000-04-05,0.827477
2000-04-06,0.778392
2000-04-07,0.707578
2000-04-10,0.777013
2000-04-11,0.858389
2000-04-12,0.908728
2000-04-13,0.874320
2000-04-14,0.885251
2000-04-17,1.016202
2000-04-18,1.007717
2000-04-19,0.895957
2000-04-20,0.878042
2000-04-24,0.944941
2000-04-25,0.930735
2000-04-26,0.932178
2000-04-27,0.908013
2000-04-28,0.822957
2000-05-01,0.831893
2000-05-02,0.918812
2000-05-03,1.021215
2000-05-04,1.123408
2000-05-05,1.099793
2000-05-08,1.155174
2000-05-09,1.114877
2000-05-10,1.057850
2000-05-11,1.037589
2000-05-12,1.081460
2000-05-15,1.029658
2000-05-16,0.968398
2000-05-17,1.046381
2000-05-18,1.133627
2000-05-19,1.130557
2000-05-22,1.091094
2000-05-23,1.075225
2000-05-24,1.095284
2000-05-25,0.997374
2000-05-26,0.978162
2000-05-30,1.007093
2000-05-31,0.948403
2000-06-01,0.900706
2000-06-02,0.908723
2000-06-05,0.884188
2000-06-06,0.864584
2000-06-07,0.829242
2000-06-08,0.805744
2000-06-09,0.808120
2000-06-12,0.809499
2000-06-13,0.730324
2000-06-14,0.867347
2000-06-15,0.893371
2000-06-16,0.877093
2000-06-19,0.897431
2000-06-20,0.884390
2000-06-21,0.922313
2000-06-22,0.902518
2000-06-23,0.946856
2000-06-26,0.925143
2000-06-27,0.894369
2000-06-28,0.938597
2000-06-29,0.883677
2000-06-30,0.920307
2000-07-03,0.904549
2000-07-05,0.895389
2000-07-06,0.918062
2000-07-07,0.919954
2000-07-10,0.913854
2000-07-11,0.886211
2000-07-12,0.861001
2000-07-13,0.795653
2000-07-14,0.823940
2000-07-17,0.882256
2000-07-18,0.875599
2000-07-19,0.889624
2000-07-20,0.800786
2000-07-21,0.759606
2000-07-24,0.746856
2000-07-25,0.754303
2000-07-26,0.767188
2000-07-27,0.711009
2000-07-28,0.763744
2000-07-31,0.770806
2000-08-01,0.752609
2000-08-02,0.758536
2000-08-03,0.727701
2000-08-04,0.719351
2000-08-07,0.725077
2000-08-08,0.724768
2000-08-09,0.702545
2000-08-10,0.691607
2000-08-11,0.708546
2000-08-14,0.640027
2000-08-15,0.644924
2000-08-16,0.678728
2000-08-17,0.638422
2000-08-18,0.602389
2000-08-21,0.632126
2000-08-22,0.658160
2000-08-23,0.631795
2000-08-24,0.619356
2000-08-25,0.620221
2000-08-28,0.623657
2000-08-29,0.698893
2000-08-30,0.687167
2000-08-31,0.664327
2000-09-01,0.676720
2000-09-05,0.689917
2000-09-06,0.751803
2000-09-07,0.770292
2000-09-08,0.753962
2000-09-11,0.789398
2000-09-12,0.806992
2000-09-13,0.802679
2000-09-14,0.895838
2000-09-15,1.004913
2000-09-18,1.069324
2000-09-19,1.060992
2000-09-20,1.064272
2000-09-21,1.011556
2000-09-22,0.991342
2000-09-25,0.983516
2000-09-26,0.956950
2000-09-27,1.021381
2000-09-28,0.970570
2000-09-29,0.996420
2000-10-02,1.058568
2000-10-03,1.072382
2000-10-04,1.049970
2000-10-05,1.014659
2000-10-06,0.945597
2000-10-10,0.907870
2000-10-11,0.920499
2000-10-12,0.974503
2000-10-13,0.970969
2000-10-16,0.955559
2000-10-17,0.915918
2000-10-18,0.918543
2000-10-19,0.865734
2000-10-20,0.814550
2000-10-23,0.751098
2000-10-24,0.777970
2000-10-25,0.804342
2000-10-26,0.786526
2000-10-27,0.769110
2000-10-30,0.774246
2000-10-31,0.826789
2000-11-01,0.840227
2000-11-02,0.846350
2000-11-03,0.909149
2000-11-06,0.920294
2000-11-07,0.907795
2000-11-08,0.880548
2000-11-09,0.886310
2000-11-10,0.919044
2000-11-13,0.899058
2000-11-14,0.836362
2000-11-15,0.791884
2000-11-16,0.775842
2000-11-17,0.812451
2000-11-20,0.811442
2000-11-21,0.759854
2000-11-22,0.694512
2000-11-24,0.666080
2000-11-27,0.715601
2000-11-28,0.706129
2000-11-29,0.729438
2000-11-30,0.716289
2000-12-01,0.727747
2000-12-04,0.772729
2000-12-05,0.736878
2000-12-06,0.689544
2000-12-07,0.668657
2000-12-08,0.683360
2000-12-11,0.690215
2000-12-12,0.679134
2000-12-13,0.659194
2000-12-14,0.629872
2000-12-15,0.639001
2000-12-18,0.677397
2000-12-19,0.690041
2000-12-20,0.703963
2000-12-21,0.700468
2000-12-22,0.718058
2000-12-26,0.742413
2000-12-27,0.762511
2000-12-28,0.741539
2000-12-29,0.774765
2001-01-02,0.745350
2001-01-03,0.856768
2001-01-04,0.885518
2001-01-05,0.948539
2001-01-08,0.968609
2001-01-09,0.919129
2001-01-10,0.957805
2001-01-11,1.046368
2001-01-12,1.057548
2001-01-16,1.050529
2001-01-17,1.019018
2001-01-18,1.023393
2001-01-19,1.081284
2001-01-22,1.128404
2001-01-23,1.142641
2001-01-24,1.139880
2001-01-25,1.115225
2001-01-26,1.145477
2001-01-29,1.185122
2001-01-30,1.136167
2001-01-31,1.119006
2001-02-01,1.014888
2001-02-02,1.033556
2001-02-05,0.994834
2001-02-06,1.010190
2001-02-07,1.022776
2001-02-08,1.015300
2001-02-09,0.989262
2001-02-12,1.030883
2001-02-13,1.046029
2001-02-14,1.052081
2001-02-15,1.062696
2001-02-16,1.086126
2001-02-20,1.071290
2001-02-21,1.102539
2001-02-22,1.171767
2001-02-23,1.176597
2001-02-26,1.149139
2001-02-27,1.033696
2001-02-28,1.080684
2001-03-01,1.015372
2001-03-02,1.105789
2001-03-05,1.071592
2001-03-06,1.104243
2001-03-07,1.066803
2001-03-08,1.052313
2001-03-09,1.044963
2001-03-12,1.057002
2001-03-13,1.057785
2001-03-14,1.053888
2001-03-15,1.118662
2001-03-16,1.067885
2001-03-19,1.083743
2001-03-20,1.105420
2001-03-21,1.164305
2001-03-22,1.152229
2001-03-23,1.176693
2001-03-26,1.239897
2001-03-27,1.307336
2001-03-28,1.338323
2001-03-29,1.351481
2001-03-30,1.364534
2001-04-02,1.446115
2001-04-03,1.470844
2001-04-04,1.458646
2001-04-05,1.468703
2001-04-06,1.410226
2001-04-09,1.457103
2001-04-10,1.574347
2001-04-11,1.499317
2001-04-12,1.504771
2001-04-16,1.566637
2001-04-17,1.519394
2001-04-18,1.554945
2001-04-19,1.677234
2001-04-20,1.708329
2001-04-23,1.694626
2001-04-24,1.735774
2001-04-25,1.731561
2001-04-26,1.665004
2001-04-27,1.726138
2001-04-30,1.689994
2001-05-01,1.679576
2001-05-02,1.611349
2001-05-03,1.571333
2001-05-04,1.621491
2001-05-07,1.665987
2001-05-08,1.720364
2001-05-09,1.673005
2001-05-10,1.729983
2001-05-11,1.810259
2001-05-14,1.815528
2001-05-15,1.881264
2001-05-16,1.887291
2001-05-17,1.801884
2001-05-18,1.735375
2001-05-21,1.717873
2001-05-22,1.761615
2001-05-23,1.799070
2001-05-24,1.838175
2001-05-25,1.858448
2001-05-29,1.867389
2001-05-30,1.851691
2001-05-31,1.827863
2001-06-01,1.750854
2001-06-04,1.710480
2001-06-05,1.730473
2001-06-06,1.707695
2001-06-07,1.759240
2001-06-08,1.737599
2001-06-11,1.717977
2001-06-12,1.696065
2001-06-13,1.727819
2001-06-14,1.741669
2001-06-15,1.817100
2001-06-18,1.835557
2001-06-19,1.806367
2001-06-20,1.776632
2001-06-21,1.752234
2001-06-22,1.715808
2001-06-25,1.721333
2001-06-26,1.762437
2001-06-27,1.670297
2001-06-28,1.708397
2001-06-29,1.807114
2001-07-02,1.812516
2001-07-03,1.823706
2001-07-05,1.861802
2001-07-06,1.840871
2001-07-09,1.790222
2001-07-10,1.771250
2001-07-11,1.804066
2001-07-12,1.747020
2001-07-13,1.716091
2001-07-16,1.670532
2001-07-17,1.648267
2001-07-18,1.609607
2001-07-19,1.609272
2001-07-20,1.638175
2001-07-23,1.609369
2001-07-24,1.597032
2001-07-25,1.653052
2001-07-26,1.681336
2001-07-27,1.677206
2001-07-30,1.653234
2001-07-31,1.651447
2001-08-01,1.656229
2001-08-02,1.694141
2001-08-03,1.704113
2001-08-06,1.736197
2001-08-07,1.751447
2001-08-08,1.696501
2001-08-09,1.713434
2001-08-10,1.717731
2001-08-13,1.732032
2001-08-14,1.729940
2001-08-15,1.711680
2001-08-16,1.694850
2001-08-17,1.643513
2001-08-20,1.644949
2001-08-21,1.644481
2001-08-22,1.603512
2001-08-23,1.596310
2001-08-24,1.626123
2001-08-27,1.638617
2001-08-28,1.587479
2001-08-29,1.549545
2001-08-30,1.575606
2001-08-31,1.599938
2001-09-04,1.644262
2001-09-05,1.647284
2001-09-06,1.641785
2001-09-07,1.630762
2001-09-10,1.705397
2001-09-13,1.949459
2001-09-14,1.971093
2001-09-17,2.001868
2001-09-18,2.215698
2001-09-19,2.309631
2001-09-20,2.358353
2001-09-21,2.279023
2001-09-24,2.246200
2001-09-25,2.269167
2001-09-26,2.193241
2001-09-27,2.111659
2001-09-28,2.071088
2001-10-01,2.016186
2001-10-02,2.015604
2001-10-03,2.000364
2001-10-04,2.006495
2001-10-05,2.057400
2001-10-09,2.133197
2001-10-10,2.078136
2001-10-11,2.130261
2001-10-12,2.162762
2001-10-15,2.122708
2001-10-16,2.106647
2001-10-17,2.046640
2001-10-18,2.056971
2001-10-19,2.088308
2001-10-22,2.064549
2001-10-23,2.077710
2001-10-24,2.022931
2001-10-25,2.006919
2001-10-26,2.008918
2001-10-29,2.018053
2001-10-30,2.018062
2001-10-31,1.900490
2001-11-01,1.833084
2001-11-02,1.998428
2001-11-05,1.922991
2001-11-06,1.959287
2001-11-07,1.879264
2001-11-08,1.922648
2001-11-09,1.928749
2001-11-13,1.951780
2001-11-14,1.995266
2001-11-15,2.104771
2001-11-16,2.167092
2001-11-19,2.118044
2001-11-20,2.217018
2001-11-21,2.267296
2001-11-23,2.300357
2001-11-26,2.308691
2001-11-27,2.314493
2001-11-28,2.304752
2001-11-29,2.287379
2001-11-30,2.314982
2001-12-03,2.271110
2001-12-04,2.222061
2001-12-05,2.304867
2001-12-06,2.373416
2001-12-07,2.574781
2001-12-10,2.559490
2001-12-11,2.601945
2001-12-12,2.484927
2001-12-13,2.518468
2001-12-14,2.552042
2001-12-17,2.529203
2001-12-18,2.454323
2001-12-19,2.365126
2001-12-20,2.339945
2001-12-21,2.362126
2001-12-24,2.418683
2001-12-26,2.417637
2001-12-27,2.387638
2001-12-28,2.441353
2001-12-31,2.397478
2002-01-02,2.466824
2002-01-03,2.450099
2002-01-04,2.497062
2002-01-07,2.409698
2002-01-08,2.410805
2002-01-09,2.411191
2002-01-10,2.325938
2002-01-11,2.370707
2002-01-14,2.400500
2002-01-15,2.310891
2002-01-16,2.324415
2002-01-17,2.328010
2002-01-18,2.276461
2002-01-22,2.298505
2002-01-23,2.387692
2002-01-24,2.332858
2002-01-25,2.322457
2002-01-28,2.310768
2002-01-29,2.286601
2002-01-30,2.291990
2002-01-31,2.291785
2002-02-01,2.269651
2002-02-04,2.231712
2002-02-05,2.222550
2002-02-06,2.294100
2002-02-07,2.329575
2002-02-08,2.310304
2002-02-11,2.349024
2002-02-12,2.395218
2002-02-13,2.421376
2002-02-14,2.324894
2002-02-15,2.287667
2002-02-19,2.313372
2002-02-20,2.299934
2002-02-21,2.272964
2002-02-22,2.250542
2002-02-25,2.245225
2002-02-26,2.297228
2002-02-27,2.285610
2002-02-28,2.311201
2002-03-01,2.344389
2002-03-04,2.327516
2002-03-05,2.302040
2002-03-06,2.367602
2002-03-07,2.418375
2002-03-08,2.449712
2002-03-11,2.440243
2002-03-12,2.449424
2002-03-13,2.464149
2002-03-14,2.535166
2002-03-15,2.438684
2002-03-18,2.385272
2002-03-19,2.417396
2002-03-20,2.455303
2002-03-21,2.411954
2002-03-22,2.418848
2002-03-25,2.361262
2002-03-26,2.329838
2002-03-27,2.342134
2002-03-28,2.405468
2002-04-01,2.387754
2002-04-02,2.347371
2002-04-03,2.337871
2002-04-04,2.302453
2002-04-05,2.291730
2002-04-08,2.339026
2002-04-09,2.313293
2002-04-10,2.355573
2002-04-11,2.337420
2002-04-12,2.347228
2002-04-15,2.323467
2002-04-16,2.338729
2002-04-17,2.439227
2002-04-18,2.395967
2002-04-19,2.386715
2002-04-22,2.374180
2002-04-23,2.339973
2002-04-24,2.302098
2002-04-25,2.301303
2002-04-26,2.279637
2002-04-29,2.289079
2002-04-30,2.262566
2002-05-01,2.269514
2002-05-02,2.298368
2002-05-03,2.269511
2002-05-06,2.278176
2002-05-07,2.319420
2002-05-08,2.391755
2002-05-09,2.386237
2002-05-10,2.375605
2002-05-13,2.453012
2002-05-14,2.514237
2002-05-15,2.501410
2002-05-16,2.475517
2002-05-17,2.502170
2002-05-20,2.462611
2002-05-21,2.423141
2002-05-22,2.400550
2002-05-23,2.429705
2002-05-24,2.420990
2002-05-28,2.423864
2002-05-29,2.395394
2002-05-30,2.358148
2002-05-31,2.397880
2002-06-03,2.403362
2002-06-04,2.415672
2002-06-05,2.459574
2002-06-06,2.421992
2002-06-07,2.465373
2002-06-10,2.410853
2002-06-11,2.359809
2002-06-12,2.345857
2002-06-13,2.321272
2002-06-14,2.248703
2002-06-17,2.310450
2002-06-18,2.304605
2002-06-19,2.260435
2002-06-20,2.289439
2002-06-21,2.234147
2002-06-24,2.287337
2002-06-25,2.309301
2002-06-26,2.252146
2002-06-27,2.343118
2002-06-28,2.355743
2002-07-01,2.342089
2002-07-02,2.299355
2002-07-03,2.299153
2002-07-05,2.351470
2002-07-08,2.340150
2002-07-09,2.328967
2002-07-10,2.273476
2002-07-11,2.258117
2002-07-12,2.250919
2002-07-15,2.304949
2002-07-16,2.381339
2002-07-17,2.345041
2002-07-18,2.332571
2002-07-19,2.300957
2002-07-22,2.273966
2002-07-23,2.298347
2002-07-24,2.333292
2002-07-25,2.358839
2002-07-26,2.420637
2002-07-29,2.465692
2002-07-30,2.450749
2002-07-31,2.415646
2002-08-01,2.480591
2002-08-02,2.436741
2002-08-05,2.469818
2002-08-06,2.502637
2002-08-07,2.544520
2002-08-08,2.519704
2002-08-09,2.376601
2002-08-12,2.305459
2002-08-13,2.259029
2002-08-14,2.099721
2002-08-15,2.171406
2002-08-16,2.275375
2002-08-19,2.237834
2002-08-20,2.218882
2002-08-21,2.233538
2002-08-22,2.276107
2002-08-23,2.219587
2002-08-26,2.199281
2002-08-27,2.267842
2002-08-28,2.210620
2002-08-29,2.192875
2002-08-30,2.183374
2002-09-03,2.119623
2002-09-04,2.091554
2002-09-05,2.097554
2002-09-06,2.148018
2002-09-09,2.125625
2002-09-10,2.084005
2002-09-11,2.113330
2002-09-12,2.048368
2002-09-13,1.989448
2002-09-16,1.956836
2002-09-17,1.965949
2002-09-18,1.953735
2002-09-19,1.962823
2002-09-20,1.984635
2002-09-23,1.946967
2002-09-24,1.934983
2002-09-25,2.012593
2002-09-26,1.986546
2002-09-27,1.982154
2002-09-30,2.035108
2002-10-01,2.093714
2002-10-02,2.072382
2002-10-03,2.086080
2002-10-04,2.058984
2002-10-07,2.035607
2002-10-08,2.022734
2002-10-09,1.999142
2002-10-10,2.056944
2002-10-11,2.154968
2002-10-15,2.243693
2002-10-16,2.267513
2002-10-17,2.343138
2002-10-18,2.330639
2002-10-21,2.324471
2002-10-22,2.382010
2002-10-23,2.362217
2002-10-24,2.341154
2002-10-25,2.348549
2002-10-28,2.417908
2002-10-29,2.363579
2002-10-30,2.408034
2002-10-31,2.390312
2002-11-01,2.388561
2002-11-04,2.415899
2002-11-05,2.456756
2002-11-06,2.385860
2002-11-07,2.170746
2002-11-08,2.094519
2002-11-12,2.138318
2002-11-13,2.128420
2002-11-14,2.251230
2002-11-15,2.262085
2002-11-18,2.223396
2002-11-19,2.170418
2002-11-20,2.242309
2002-11-21,2.291777
2002-11-22,2.293163
2002-11-25,2.305093
2002-11-26,2.237779
2002-11-27,2.442069
2002-11-29,2.374666
2002-12-02,2.326625
2002-12-03,2.330386
2002-12-04,2.318191
2002-12-05,2.284043
2002-12-06,2.324137
2002-12-09,2.296912
2002-12-10,2.266291
2002-12-11,2.232414
2002-12-12,2.230896
2002-12-13,2.301673
2002-12-16,2.363980
2002-12-17,2.384573
2002-12-18,2.374855
2002-12-19,2.330859
2002-12-20,2.311043
2002-12-23,2.310002
2002-12-24,2.279723
2002-12-26,2.262418
2002-12-27,2.215233
2002-12-30,2.222981
2002-12-31,2.237818
2003-01-02,2.370943
2003-01-03,2.346342
2003-01-06,2.350988
2003-01-07,2.343305
2003-01-08,2.291917
2003-01-09,2.384422
2003-01-10,2.383504
2003-01-13,2.390204
2003-01-14,2.377428
2003-01-15,2.343029
2003-01-16,2.335026
2003-01-17,2.284653
2003-01-21,2.293865
2003-01-22,2.257101
2003-01-23,2.280983
2003-01-24,2.234910
2003-01-27,2.265148
2003-01-28,2.261180
2003-01-29,2.296107
2003-01-30,2.256422
2003-01-31,2.207566
2003-02-03,2.197929
2003-02-04,2.164823
2003-02-05,2.215411
2003-02-06,2.176844
2003-02-07,2.172393
2003-02-10,2.208692
2003-02-11,2.208032
2003-02-12,2.208934
2003-02-13,2.192224
2003-02-14,2.261101
2003-02-18,2.218838
2003-02-19,2.172608
2003-02-20,2.162954
2003-02-21,2.205207
2003-02-24,2.184891
2003-02-25,2.141754
2003-02-26,2.100319
2003-02-27,2.081732
2003-02-28,2.054202
2003-03-03,2.047870
2003-03-04,2.045032
2003-03-05,2.037954
2003-03-06,2.066527
2003-03-07,2.053973
2003-03-10,2.056262
2003-03-11,2.037903
2003-03-12,1.984558
2003-03-13,2.039948
2003-03-14,2.024476
2003-03-17,2.100770
2003-03-18,2.132138
2003-03-19,2.179675
2003-03-20,2.206877
2003-03-21,2.270979
2003-03-24,2.202567
2003-03-25,2.207938
2003-03-26,2.215528
2003-03-27,2.231817
2003-03-28,2.245129
2003-03-31,2.190475
2003-04-01,2.211540
2003-04-02,2.253837
2003-04-03,2.263084
2003-04-04,2.290267
2003-04-07,2.273022
2003-04-08,2.226738
2003-04-09,2.223600
2003-04-10,2.238043
2003-04-11,2.240673
2003-04-14,2.231344
2003-04-15,2.182100
2003-04-16,2.159671
2003-04-17,2.139030
2003-04-21,2.143387
2003-04-22,2.174200
2003-04-23,2.170768
2003-04-24,2.113978
2003-04-25,2.150634
2003-04-28,2.139532
2003-04-29,2.150354
2003-04-30,2.150099
2003-05-01,2.163129
2003-05-02,2.192839
2003-05-05,2.158828
2003-05-06,2.158134
2003-05-07,2.048519
2003-05-08,2.068206
2003-05-09,2.033099
2003-05-12,1.960543
2003-05-13,1.962135
2003-05-14,1.894084
2003-05-15,1.845122
2003-05-16,1.849250
2003-05-19,1.857585
2003-05-20,1.787440
2003-05-21,1.734935
2003-05-22,1.691691
2003-05-23,1.677053
2003-05-27,1.826366
2003-05-28,1.875638
2003-05-29,1.800098
2003-05-30,1.815666
2003-06-02,1.870902
2003-06-03,1.847860
2003-06-04,1.823178
2003-06-05,1.831622
2003-06-06,1.844950
2003-06-09,1.807361
2003-06-10,1.749221
2003-06-11,1.736192
2003-06-12,1.731570
2003-06-13,1.674826
2003-06-16,1.687232
2003-06-17,1.701426
2003-06-18,1.790560
2003-06-19,1.871901
2003-06-20,1.904043
2003-06-23,1.854471
2003-06-24,1.828008
2003-06-25,1.836410
2003-06-26,1.881877
2003-06-27,1.991789
2003-06-30,1.961103
2003-07-01,2.005070
2003-07-02,2.022082
2003-07-03,2.125273
2003-07-07,2.164036
2003-07-08,2.155745
2003-07-09,2.142032
2003-07-10,2.156023
2003-07-11,2.157865
2003-07-14,2.212306
2003-07-15,2.318344
2003-07-16,2.306874
2003-07-17,2.319774
2003-07-18,2.318514
2003-07-21,2.369561
2003-07-22,2.439136
2003-07-23,2.424110
2003-07-24,2.538702
2003-07-25,2.564630
2003-07-28,2.594349
2003-07-29,2.656821
2003-07-30,2.638890
2003-07-31,2.798687
2003-08-01,2.756805
2003-08-04,2.753148
2003-08-05,2.774361
2003-08-06,2.598474
2003-08-07,2.538741
2003-08-08,2.557328
2003-08-11,2.641884
2003-08-12,2.667354
2003-08-13,2.834365
2003-08-14,2.822455
2003-08-15,2.807282
2003-08-18,2.746431
2003-08-19,2.637902
2003-08-20,2.683050
2003-08-21,2.653831
2003-08-22,2.609786
2003-08-25,2.633734
2003-08-26,2.604731
2003-08-27,2.607009
2003-08-28,2.535684
2003-08-29,2.534039
2003-09-02,2.639046
2003-09-03,2.655349
2003-09-04,2.634379
2003-09-05,2.588810
2003-09-08,2.614989
2003-09-09,2.608149
2003-09-10,2.554094
2003-09-11,2.591153
2003-09-12,2.568105
2003-09-15,2.597606
2003-09-16,2.646709
2003-09-17,2.520694
2003-09-18,2.481438
2003-09-19,2.426602
2003-09-22,2.515025
2003-09-23,2.486194
2003-09-24,2.412415
2003-09-25,2.378215
2003-09-26,2.325780
2003-09-29,2.376572
2003-09-30,2.308282
2003-10-01,2.324781
2003-10-02,2.387726
2003-10-03,2.481585
2003-10-06,2.466771
2003-10-07,2.541704
2003-10-08,2.569854
2003-10-09,2.617734
2003-10-10,2.555763
2003-10-14,2.656254
2003-10-15,2.662982
2003-10-16,2.621115
2003-10-17,2.560415
2003-10-20,2.543697
2003-10-21,2.525395
2003-10-22,2.457747
2003-10-23,2.522575
2003-10-24,2.435779
2003-10-27,2.453085
2003-10-28,2.438705
2003-10-29,2.487052
2003-10-30,2.485506
2003-10-31,2.453910
2003-11-03,2.484376
2003-11-04,2.430306
2003-11-05,2.438924
2003-11-06,2.481881
2003-11-07,2.471585
2003-11-10,2.473458
2003-11-12,2.447990
2003-11-13,2.382975
2003-11-14,2.342950
2003-11-17,2.342680
2003-11-18,2.306998
2003-11-19,2.330209
2003-11-20,2.290766
2003-11-21,2.256065
2003-11-24,2.297997
2003-11-25,2.268081
2003-11-26,2.296069
2003-11-28,2.332487
2003-12-01,2.351584
2003-12-02,2.357621
2003-12-03,2.375863
2003-12-04,2.355185
2003-12-05,2.272534
2003-12-08,2.321975
2003-12-09,2.339562
2003-12-10,2.339341
2003-12-11,2.354144
2003-12-12,2.331248
2003-12-15,2.346208
2003-12-16,2.337131
2003-12-17,2.273265
2003-12-18,2.198680
2003-12-19,2.212234
2003-12-22,2.235181
2003-12-23,2.273904
2003-12-24,2.241637
2003-12-26,2.228273
2003-12-29,2.318466
2003-12-30,2.350410
2003-12-31,2.343782
2004-01-02,2.410096
2004-01-05,2.430493
2004-01-06,2.356373
2004-01-07,2.319070
2004-01-08,2.337003
2004-01-09,2.279519
2004-01-12,2.271863
2004-01-13,2.254952
2004-01-14,2.198318
2004-01-15,2.131487
2004-01-16,2.148037
2004-01-20,2.183762
2004-01-21,2.178969
2004-01-22,2.144980
2004-01-23,2.209029
2004-01-26,2.251564
2004-01-27,2.240373
2004-01-28,2.248832
2004-01-29,2.252692
2004-01-30,2.207037
2004-02-02,2.221179
2004-02-03,2.209708
2004-02-04,2.204450
2004-02-05,2.195022
2004-02-06,2.172018
2004-02-09,2.179278
2004-02-10,2.181594
2004-02-11,2.158627
2004-02-12,2.206174
2004-02-13,2.185727
2004-02-17,2.176755
2004-02-18,2.183497
2004-02-19,2.179153
2004-02-20,2.204437
2004-02-23,2.189964
2004-02-24,2.165177
2004-02-25,2.171240
2004-02-26,2.193450
2004-02-27,2.090416
2004-03-01,2.139150
2004-03-02,2.163100
2004-03-03,2.178308
2004-03-04,2.151466
2004-03-05,2.031663
2004-03-08,2.017759
2004-03-09,1.984141
2004-03-10,1.982686
2004-03-11,1.998248
2004-03-12,2.000671
2004-03-15,1.988795
2004-03-16,1.950645
2004-03-17,1.941898
2004-03-18,1.958627
2004-03-19,1.983917
2004-03-22,1.951181
2004-03-23,1.938049
2004-03-24,1.944169
2004-03-25,1.980018
2004-03-26,2.051308
2004-03-29,2.092127
2004-03-30,2.099115
2004-03-31,2.085305
2004-04-01,2.103781
2004-04-02,2.209061
2004-04-05,2.271713
2004-04-06,2.254122
2004-04-07,2.274636
2004-04-08,2.264255
2004-04-12,2.288383
2004-04-13,2.348585
2004-04-14,2.357285
2004-04-15,2.366375
2004-04-16,2.361224
2004-04-19,2.353999
2004-04-20,2.367029
2004-04-21,2.310482
2004-04-22,2.281927
2004-04-23,2.292254
2004-04-26,2.273367
2004-04-27,2.278413
2004-04-28,2.292453
2004-04-29,2.334461
2004-04-30,2.305392
2004-05-03,2.301971
2004-05-04,2.347599
2004-05-05,2.359559
2004-05-06,2.390377
2004-05-07,2.392146
2004-05-10,2.423678
2004-05-11,2.413755
2004-05-12,2.456835
2004-05-13,2.481479
2004-05-14,2.453603
2004-05-17,2.399633
2004-05-18,2.393966
2004-05-19,2.431095
2004-05-20,2.390877
2004-05-21,2.381883
2004-05-24,2.370567
2004-05-25,2.346405
2004-05-26,2.336967
2004-05-27,2.299548
2004-05-28,2.310861
2004-06-01,2.358573
2004-06-02,2.341752
2004-06-03,2.321214
2004-06-04,2.338697
2004-06-07,2.340663
2004-06-08,2.329083
2004-06-09,2.344489
2004-06-10,2.302004
2004-06-14,2.300696
2004-06-15,2.176871
2004-06-16,2.195194
2004-06-17,2.166688
2004-06-18,2.181668
2004-06-21,2.181370
2004-06-22,2.194430
2004-06-23,2.186120
2004-06-24,2.159399
2004-06-25,2.169034
2004-06-28,2.196191
2004-06-29,2.164455
2004-06-30,2.139283
2004-07-01,2.143783
2004-07-02,2.099755
2004-07-06,2.093752
2004-07-07,2.094053
2004-07-08,2.101491
2004-07-09,2.101722
2004-07-12,2.085299
2004-07-13,2.097481
2004-07-14,2.084346
2004-07-15,2.063016
2004-07-16,2.012067
2004-07-19,1.981936
2004-07-20,2.012295
2004-07-21,2.015050
2004-07-22,2.000898
2004-07-23,1.966306
2004-07-26,1.976515
2004-07-27,2.067459
2004-07-28,2.087442
2004-07-29,2.080322
2004-07-30,2.008073
2004-08-02,2.001735
2004-08-03,1.969772
2004-08-04,1.975400
2004-08-05,1.953426
2004-08-06,1.921087
2004-08-09,1.911081
2004-08-10,1.887504
2004-08-11,1.900518
2004-08-12,1.895718
2004-08-13,1.869700
2004-08-16,1.908616
2004-08-17,1.885074
2004-08-18,1.885003
2004-08-19,1.916763
2004-08-20,1.891524
2004-08-23,1.922242
2004-08-24,1.922910
2004-08-25,1.885833
2004-08-26,1.866160
2004-08-27,1.852952
2004-08-30,1.836498
2004-08-31,1.809079
2004-09-01,1.813811
2004-09-02,1.848555
2004-09-03,1.844038
2004-09-07,1.814392
2004-09-08,1.785364
2004-09-09,1.818475
2004-09-10,1.792653
2004-09-13,1.752017
2004-09-14,1.758451
2004-09-15,1.767847
2004-09-16,1.715148
2004-09-17,1.709720
2004-09-20,1.697158
2004-09-21,1.614646
2004-09-22,1.549179
2004-09-23,1.527868
2004-09-24,1.508228
2004-09-27,1.492539
2004-09-28,1.539956
2004-09-29,1.582199
2004-09-30,1.633203
2004-10-01,1.700499
2004-10-04,1.671964
2004-10-05,1.674939
2004-10-06,1.691362
2004-10-07,1.717683
2004-10-08,1.685329
2004-10-12,1.664394
2004-10-13,1.666943
2004-10-14,1.633235
2004-10-15,1.623265
2004-10-18,1.616315
2004-10-19,1.594301
2004-10-20,1.547766
2004-10-21,1.514008
2004-10-22,1.517480
2004-10-25,1.511317
2004-10-26,1.522032
2004-10-27,1.566667
2004-10-28,1.587228
2004-10-29,1.551506
2004-11-01,1.579531
2004-11-02,1.581772
2004-11-03,1.578088
2004-11-04,1.535949
2004-11-05,1.580082
2004-11-08,1.611779
2004-11-09,1.609840
2004-11-10,1.640713
2004-11-12,1.535457
2004-11-15,1.507619
2004-11-16,1.422709
2004-11-17,1.380886
2004-11-18,1.398102
2004-11-19,1.439949
2004-11-22,1.383145
2004-11-23,1.369987
2004-11-24,1.348734
2004-11-26,1.388636
2004-11-29,1.467339
2004-11-30,1.554323
2004-12-01,1.566088
2004-12-02,1.577858
2004-12-03,1.514973
2004-12-06,1.462987
2004-12-07,1.440093
2004-12-08,1.346219
2004-12-09,1.388215
2004-12-10,1.371043
2004-12-13,1.345757
2004-12-14,1.325210
2004-12-15,1.263874
2004-12-16,1.358529
2004-12-17,1.379133
2004-12-20,1.356797
2004-12-21,1.330452
2004-12-22,1.379031
2004-12-23,1.400794
2004-12-27,1.446599
2004-12-28,1.444122
2004-12-29,1.455505
2004-12-30,1.411506
2004-12-31,1.331826
2005-01-03,1.304985
2005-01-04,1.317899
2005-01-05,1.282501
2005-01-06,1.301317
2005-01-07,1.267694
2005-01-10,1.232401
2005-01-11,1.180229
2005-01-12,1.176266
2005-01-13,1.139574
2005-01-14,1.118558
2005-01-18,1.055915
2005-01-19,1.039296
2005-01-20,1.076473
2005-01-21,1.091544
2005-01-24,1.047629
2005-01-25,1.105791
2005-01-26,1.081505
2005-01-27,1.065080
2005-01-28,1.007711
2005-01-31,0.968201
2005-02-01,0.970320
2005-02-02,0.927463
2005-02-03,0.924254
2005-02-04,0.854708
2005-02-07,0.800345
2005-02-08,0.748550
2005-02-09,0.785670
2005-02-10,0.865285
2005-02-11,0.874992
2005-02-14,0.825643
2005-02-15,0.839143
2005-02-16,0.842370
2005-02-17,0.912123
2005-02-18,0.951999
2005-02-22,0.969972
2005-02-23,0.955066
2005-02-24,0.923807
2005-02-25,0.894381
2005-02-28,0.938270
2005-03-01,0.955907
2005-03-02,0.998029
2005-03-03,0.988119
2005-03-04,0.895903
2005-03-07,0.836396
2005-03-08,0.905116
2005-03-09,1.037539
2005-03-10,0.981518
2005-03-11,1.013781
2005-03-14,0.987375
2005-03-15,1.020156
2005-03-16,1.022990
2005-03-17,0.992227
2005-03-18,1.025839
2005-03-21,1.042223
2005-03-22,1.031674
2005-03-23,1.039995
2005-03-24,1.011748
2005-03-28,1.024168
2005-03-29,1.003367
2005-03-30,0.956725
2005-03-31,0.955567
2005-04-01,0.941737
2005-04-04,0.946403
2005-04-05,0.973482
2005-04-06,0.979707
2005-04-07,0.999816
2005-04-08,0.963934
2005-04-11,0.934488
2005-04-12,0.873871
2005-04-13,0.911805
2005-04-14,0.958378
2005-04-15,0.902339
2005-04-18,0.858738
2005-04-19,0.823379
2005-04-20,0.836056
2005-04-21,0.855249
2005-04-22,0.802172
2005-04-25,0.763678
2005-04-26,0.786072
2005-04-27,0.761013
2005-04-28,0.736736
2005-04-29,0.708839
2005-05-02,0.718212
2005-05-03,0.704368
2005-05-04,0.748293
2005-05-05,0.772105
2005-05-06,0.755388
2005-05-09,0.731028
2005-05-10,0.709584
2005-05-11,0.696826
2005-05-12,0.709475
2005-05-13,0.689215
2005-05-16,0.691405
2005-05-17,0.677043
2005-05-18,0.642620
2005-05-19,0.631571
2005-05-20,0.617556
2005-05-23,0.559254
2005-05-24,0.550985
2005-05-25,0.596041
2005-05-26,0.587345
2005-05-27,0.587241
2005-05-31,0.494945
2005-06-01,0.472207
2005-06-02,0.433435
2005-06-03,0.484667
2005-06-06,0.445025
2005-06-07,0.397499
2005-06-08,0.408105
2005-06-09,0.409896
2005-06-10,0.455713
2005-06-13,0.502298
2005-06-14,0.551251
2005-06-15,0.544000
2005-06-16,0.500971
2005-06-17,0.480478
2005-06-20,0.510205
2005-06-21,0.453846
2005-06-22,0.392985
2005-06-23,0.386472
2005-06-24,0.358007
2005-06-27,0.342397
2005-06-28,0.367653
2005-06-29,0.394362
2005-06-30,0.337955
2005-07-01,0.388905
2005-07-05,0.437890
2005-07-06,0.414820
2005-07-07,0.398417
2005-07-08,0.429609
2005-07-11,0.430626
2005-07-12,0.443020
2005-07-13,0.465581
2005-07-14,0.478183
2005-07-15,0.444733
2005-07-18,0.487139
2005-07-19,0.467004
2005-07-20,0.429811
2005-07-21,0.490745
2005-07-22,0.439656
2005-07-25,0.435916
2005-07-26,0.423730
2005-07-27,0.421406
2005-07-28,0.357831
2005-07-29,0.409137
2005-08-01,0.446721
2005-08-02,0.473306
2005-08-03,0.448003
2005-08-04,0.475910
2005-08-05,0.487681
2005-08-08,0.456129
2005-08-09,0.458592
2005-08-10,0.465813
2005-08-11,0.435319
2005-08-12,0.363714
2005-08-15,0.374992
2005-08-16,0.365182
2005-08-17,0.407478
2005-08-18,0.364224
2005-08-19,0.365282
2005-08-22,0.357834
2005-08-23,0.341612
2005-08-24,0.332854
2005-08-25,0.313675
2005-08-26,0.298330
2005-08-29,0.288017
2005-08-30,0.282701
2005-08-31,0.253367
2005-09-01,0.297884
2005-09-02,0.333570
2005-09-06,0.371093
2005-09-07,0.420772
2005-09-08,0.403382
2005-09-09,0.373810
2005-09-12,0.408538
2005-09-13,0.397157
2005-09-14,0.421729
2005-09-15,0.475490
2005-09-16,0.494264
2005-09-19,0.500602
2005-09-20,0.450188
2005-09-21,0.389510
2005-09-22,0.408791
2005-09-23,0.429795
2005-09-26,0.479017
2005-09-27,0.481094
2005-09-28,0.432245
2005-09-29,0.451612
2005-09-30,0.429818
2005-10-03,0.446644
2005-10-04,0.433412
2005-10-05,0.418739
2005-10-06,0.425199
2005-10-07,0.406055
2005-10-11,0.410532
2005-10-12,0.455945
2005-10-13,0.501284
2005-10-14,0.484857
2005-10-17,0.488991
2005-10-18,0.492109
2005-10-19,0.479686
2005-10-20,0.449279
2005-10-21,0.392333
2005-10-24,0.440124
2005-10-25,0.483573
2005-10-26,0.534890
2005-10-27,0.510175
2005-10-28,0.513684
2005-10-31,0.509047
2005-11-01,0.527895
2005-11-02,0.543881
2005-11-03,0.586729
2005-11-04,0.610250
2005-11-07,0.518243
2005-11-08,0.466341
2005-11-09,0.507579
2005-11-10,0.469316
2005-11-14,0.474017
2005-11-15,0.436134
2005-11-16,0.416359
2005-11-17,0.383136
2005-11-18,0.436261
2005-11-21,0.421180
2005-11-22,0.455051
2005-11-23,0.487151
2005-11-25,0.459139
2005-11-28,0.430620
2005-11-29,0.465493
2005-11-30,0.480872
2005-12-01,0.459083
2005-12-02,0.466968
2005-12-05,0.478749
2005-12-06,0.417019
2005-12-07,0.451471
2005-12-08,0.427393
2005-12-09,0.457013
2005-12-12,0.467879
2005-12-13,0.470611
2005-12-14,0.400614
2005-12-15,0.404749
2005-12-16,0.382054
2005-12-19,0.358397
2005-12-20,0.351403
2005-12-21,0.361267
2005-12-22,0.315598
2005-12-23,0.287775
2005-12-27,0.226184
2005-12-28,0.245195
2005-12-29,0.224864
2005-12-30,0.220492
2006-01-03,0.246093
2006-01-04,0.246379
2006-01-05,0.243085
2006-01-06,0.247413
2006-01-09,0.253371
2006-01-10,0.287093
2006-01-11,0.298404
2006-01-12,0.275562
2006-01-13,0.220290
2006-01-17,0.196661
2006-01-18,0.211450
2006-01-19,0.221903
2006-01-20,0.209482
2006-01-23,0.212016
2006-01-24,0.232712
2006-01-25,0.285525
2006-01-26,0.318416
2006-01-27,0.294786
2006-01-30,0.301592
2006-01-31,0.269426
2006-02-01,0.258109
2006-02-02,0.243478
2006-02-03,0.177367
2006-02-06,0.164065
2006-02-07,0.214184
2006-02-08,0.218207
2006-02-09,0.187209
2006-02-10,0.203316
2006-02-13,0.212386
2006-02-14,0.239670
2006-02-15,0.219884
2006-02-16,0.218813
2006-02-17,0.161541
2006-02-21,0.147421
2006-02-22,0.112382
2006-02-23,0.122196
2006-02-24,0.135661
2006-02-27,0.154902
2006-02-28,0.134024
2006-03-01,0.181823
2006-03-02,0.226769
2006-03-03,0.266186
2006-03-06,0.330545
2006-03-07,0.320185
2006-03-08,0.341425
2006-03-09,0.339139
2006-03-10,0.353992
2006-03-13,0.362811
2006-03-14,0.350760
2006-03-15,0.378541
2006-03-16,0.353349
2006-03-17,0.381327
2006-03-20,0.357381
2006-03-21,0.362394
2006-03-22,0.335469
2006-03-23,0.354084
2006-03-24,0.311319
2006-03-27,0.344466
2006-03-28,0.366719
2006-03-29,0.410382
2006-03-30,0.453301
2006-03-31,0.467187
2006-04-03,0.467268
2006-04-04,0.482355
2006-04-05,0.473192
2006-04-06,0.522701
2006-04-07,0.557314
2006-04-10,0.565366
2006-04-11,0.545840
2006-04-12,0.571974
2006-04-13,0.609909
2006-04-17,0.598949
2006-04-18,0.625592
2006-04-19,0.683540
2006-04-20,0.670060
2006-04-21,0.613069
2006-04-24,0.584194
2006-04-25,0.647610
2006-04-26,0.655258
2006-04-27,0.686800
2006-04-28,0.709482
2006-05-01,0.745165
2006-05-02,0.721799
2006-05-03,0.746012
2006-05-04,0.725950
2006-05-05,0.703408
2006-05-08,0.676769
2006-05-09,0.681710
2006-05-10,0.653718
2006-05-11,0.715143
2006-05-12,0.763620
2006-05-15,0.746471
2006-05-16,0.714882
2006-05-17,0.766547
2006-05-18,0.691757
2006-05-19,0.628923
2006-05-22,0.640395
2006-05-23,0.652578
2006-05-24,0.653183
2006-05-25,0.666598
2006-05-26,0.666867
2006-05-30,0.670345
2006-05-31,0.668686
2006-06-01,0.659794
2006-06-02,0.617169
2006-06-05,0.595904
2006-06-06,0.556003
2006-06-07,0.559209
2006-06-08,0.529106
2006-06-09,0.501605
2006-06-12,0.497056
2006-06-13,0.480365
2006-06-14,0.499666
2006-06-15,0.540662
2006-06-16,0.561479
2006-06-19,0.560407
2006-06-20,0.557357
2006-06-21,0.552978
2006-06-22,0.578632
2006-06-23,0.598195
2006-06-26,0.612159
2006-06-27,0.573216
2006-06-28,0.600686
2006-06-29,0.611191
2006-06-30,0.580710
2006-07-03,0.566709
2006-07-05,0.600857
2006-07-06,0.595554
2006-07-07,0.546612
2006-07-10,0.538268
2006-07-11,0.512834
2006-07-12,0.468331
2006-07-13,0.473649
2006-07-14,0.488148
2006-07-17,0.476626
2006-07-18,0.504117
2006-07-19,0.476340
2006-07-20,0.476339
2006-07-21,0.482983
2006-07-24,0.476141
2006-07-25,0.480004
2006-07-26,0.481906
2006-07-27,0.502586
2006-07-28,0.487053
2006-07-31,0.509461
2006-08-01,0.500587
2006-08-02,0.480841
2006-08-03,0.445672
2006-08-04,0.434687
2006-08-07,0.419803
2006-08-08,0.466907
2006-08-09,0.492779
2006-08-10,0.490245
2006-08-11,0.493576
2006-08-14,0.489967
2006-08-15,0.464032
2006-08-16,0.448053
2006-08-17,0.430975
2006-08-18,0.422105
2006-08-21,0.410445
2006-08-22,0.404673
2006-08-23,0.396728
2006-08-24,0.378993
2006-08-25,0.378308
2006-08-28,0.369929
2006-08-29,0.370089
2006-08-30,0.369191
2006-08-31,0.359178
2006-09-01,0.358795
2006-09-05,0.416078
2006-09-06,0.437500
2006-09-07,0.421126
2006-09-08,0.420826
2006-09-11,0.430666
2006-09-12,0.402776
2006-09-13,0.400151
2006-09-14,0.397219
2006-09-15,0.389332
2006-09-18,0.392783
2006-09-19,0.365235
2006-09-20,0.349784
2006-09-21,0.340043
2006-09-22,0.301913
2006-09-25,0.271622
2006-09-26,0.266753
2006-09-27,0.288863
2006-09-28,0.306582
2006-09-29,0.294190
2006-10-02,0.301866
2006-10-03,0.289416
2006-10-04,0.287736
2006-10-05,0.300434
2006-10-06,0.337509
2006-10-10,0.356904
2006-10-11,0.360960
2006-10-12,0.358263
2006-10-13,0.372552
2006-10-16,0.364096
2006-10-17,0.361352
2006-10-18,0.344844
2006-10-19,0.354724
2006-10-20,0.345039
2006-10-23,0.362904
2006-10-24,0.360276
2006-10-25,0.331383
2006-10-26,0.318047
2006-10-27,0.305941
2006-10-30,0.282988
2006-10-31,0.252979
2006-11-01,0.241494
2006-11-02,0.245889
2006-11-03,0.293362
2006-11-06,0.282534
2006-11-07,0.266078
2006-11-08,0.248482
2006-11-09,0.255883
2006-11-10,0.219332
2006-11-13,0.222787
2006-11-14,0.187320
2006-11-15,0.181714
2006-11-16,0.200331
2006-11-17,0.212073
2006-11-20,0.199545
2006-11-21,0.184357
2006-11-22,0.178435
2006-11-24,0.178562
2006-11-27,0.171926
2006-11-28,0.175578
2006-11-29,0.182360
2006-11-30,0.149752
2006-12-01,0.157861
2006-12-04,0.163194
2006-12-05,0.182726
2006-12-06,0.169974
2006-12-07,0.168239
2006-12-08,0.206979
2006-12-11,0.190542
2006-12-12,0.188989
2006-12-13,0.242020
2006-12-14,0.243470
2006-12-15,0.249322
2006-12-18,0.245704
2006-12-19,0.261693
2006-12-20,0.257528
2006-12-21,0.249348
2006-12-22,0.286396
2006-12-26,0.263508
2006-12-27,0.274138
2006-12-28,0.287595
2006-12-29,0.294412
2007-01-02,0.278131
2007-01-03,0.274145
2007-01-04,0.263679
2007-01-05,0.270153
2007-01-08,0.260088
2007-01-09,0.250374
2007-01-10,0.271639
2007-01-11,0.291318
2007-01-12,0.316540
2007-01-16,0.306933
2007-01-17,0.318127
2007-01-18,0.291686
2007-01-19,0.290201
2007-01-22,0.277507
2007-01-23,0.309396
2007-01-24,0.315800
2007-01-25,0.342775
2007-01-26,0.365651
2007-01-29,0.357913
2007-01-30,0.354318
2007-01-31,0.322714
2007-02-01,0.317968
2007-02-02,0.332265
2007-02-05,0.325831
2007-02-06,0.288109
2007-02-07,0.291665
2007-02-08,0.282103
2007-02-09,0.321027
2007-02-12,0.327463
2007-02-13,0.333684
2007-02-14,0.300649
2007-02-15,0.302504
2007-02-16,0.287827
2007-02-20,0.285076
2007-02-21,0.284370
2007-02-22,0.295970
2007-02-23,0.289553
2007-02-26,0.257559
2007-02-27,0.244497
2007-02-28,0.270928
2007-03-01,0.290352
2007-03-02,0.275350
2007-03-05,0.257634
2007-03-06,0.264572
2007-03-07,0.255861
2007-03-08,0.270361
2007-03-09,0.285987
2007-03-12,0.277450
2007-03-13,0.290290
2007-03-14,0.323503
2007-03-15,0.314353
2007-03-16,0.306611
2007-03-19,0.319459
2007-03-20,0.314906
2007-03-21,0.342790
2007-03-22,0.389616
2007-03-23,0.395152
2007-03-26,0.386572
2007-03-27,0.410617
2007-03-28,0.443688
2007-03-29,0.417676
2007-03-30,0.435745
2007-04-02,0.426511
2007-04-03,0.431701
2007-04-04,0.431134
2007-04-05,0.451411
2007-04-06,0.455169
2007-04-09,0.450965
2007-04-10,0.460288
2007-04-11,0.444879
2007-04-12,0.444288
2007-04-13,0.438192
2007-04-16,0.414096
2007-04-17,0.406543
2007-04-18,0.391049
2007-04-19,0.416574
2007-04-20,0.421987
2007-04-23,0.405849
2007-04-24,0.392071
2007-04-25,0.402100
2007-04-26,0.424627
2007-04-27,0.442363
2007-04-30,0.391896
2007-05-01,0.376365
2007-05-02,0.380565
2007-05-03,0.369236
2007-05-04,0.350834
2007-05-07,0.334172
2007-05-08,0.343974
2007-05-09,0.348950
2007-05-10,0.358362
2007-05-11,0.368233
2007-05-14,0.368182
2007-05-15,0.378970
2007-05-16,0.378201
2007-05-17,0.389178
2007-05-18,0.415041
2007-05-21,0.406922
2007-05-22,0.452534
2007-05-23,0.485502
2007-05-24,0.472170
2007-05-25,0.468731
2007-05-29,0.463319
2007-05-30,0.460768
2007-05-31,0.446180
2007-06-01,0.474385
2007-06-04,0.435707
2007-06-05,0.465910
2007-06-06,0.490036
2007-06-07,0.598616
2007-06-08,0.620878
2007-06-11,0.656190
2007-06-12,0.740517
2007-06-13,0.662459
2007-06-14,0.690457
2007-06-15,0.679046
2007-06-18,0.674135
2007-06-19,0.656399
2007-06-20,0.676085
2007-06-21,0.725513
2007-06-22,0.730879
2007-06-25,0.706205
2007-06-26,0.711700
2007-06-27,0.686559
2007-06-28,0.677825
2007-06-29,0.630714
2007-07-02,0.629084
2007-07-03,0.661203
2007-07-05,0.689841
2007-07-06,0.734652
2007-07-09,0.713882
2007-07-10,0.664827
2007-07-11,0.709967
2007-07-12,0.705548
2007-07-13,0.692641
2007-07-16,0.662162
2007-07-17,0.671174
2007-07-18,0.654301
2007-07-19,0.652172
2007-07-20,0.610618
2007-07-23,0.619479
2007-07-24,0.634763
2007-07-25,0.637604
2007-07-26,0.631078
2007-07-27,0.650552
2007-07-30,0.651639
2007-07-31,0.619319
2007-08-01,0.619610
2007-08-02,0.607562
2007-08-03,0.615378
2007-08-06,0.650399
2007-08-07,0.615649
2007-08-08,0.682918
2007-08-09,0.727956
2007-08-10,0.738398
2007-08-13,0.715972
2007-08-14,0.720434
2007-08-15,0.845897
2007-08-16,0.925185
2007-08-17,0.924561
2007-08-20,0.916526
2007-08-21,0.907408
2007-08-22,0.855158
2007-08-23,0.797250
2007-08-24,0.708056
2007-08-27,0.712464
2007-08-28,0.797842
2007-08-29,0.797368
2007-08-30,0.788035
2007-08-31,0.768524
2007-09-04,0.806507
2007-09-05,0.824497
2007-09-06,0.811301
2007-09-07,0.815064
2007-09-10,0.775463
2007-09-11,0.728443
2007-09-12,0.757760
2007-09-13,0.742837
2007-09-14,0.747483
2007-09-17,0.721715
2007-09-18,0.828083
2007-09-19,0.878104
2007-09-20,0.959172
2007-09-21,0.936030
2007-09-24,0.935518
2007-09-25,0.986202
2007-09-26,1.003022
2007-09-27,0.972822
2007-09-28,0.967447
2007-10-01,0.905669
2007-10-02,0.907717
2007-10-03,0.891390
2007-10-04,0.880806
2007-10-05,0.936871
2007-10-09,0.901247
2007-10-10,0.894519
2007-10-11,0.919569
2007-10-12,0.891291
2007-10-15,0.899562
2007-10-16,0.942284
2007-10-17,0.929661
2007-10-18,0.930760
2007-10-19,0.897443
2007-10-22,0.851316
2007-10-23,0.883288
2007-10-24,0.877333
2007-10-25,0.876095
2007-10-26,0.896182
2007-10-29,0.862371
2007-10-30,0.865645
2007-10-31,0.868768
2007-11-01,0.860774
2007-11-02,0.904948
2007-11-05,0.911729
2007-11-06,0.949420
2007-11-07,1.028202
2007-11-08,1.085997
2007-11-09,1.045465
2007-11-13,0.988929
2007-11-14,0.978238
2007-11-15,1.008042
2007-11-16,1.038693
2007-11-19,1.065293
2007-11-20,1.110549
2007-11-21,1.198843
2007-11-23,1.108217
2007-11-26,1.026952
2007-11-27,1.076689
2007-11-28,1.048839
2007-11-29,1.032928
2007-11-30,1.107251
2007-12-03,1.151889
2007-12-04,1.151589
2007-12-05,1.217533
2007-12-06,1.249974
2007-12-07,1.300833
2007-12-10,1.309219
2007-12-11,1.326801
2007-12-12,1.291069
2007-12-13,1.328906
2007-12-14,1.306952
2007-12-17,1.308450
2007-12-18,1.267002
2007-12-19,1.220293
2007-12-20,1.236934
2007-12-21,1.293901
2007-12-24,1.300292
2007-12-26,1.341981
2007-12-27,1.308155
2007-12-28,1.270240
2007-12-31,1.235537
2008-01-02,1.231845
2008-01-03,1.108640
2008-01-04,1.164726
2008-01-07,1.163318
2008-01-08,1.162381
2008-01-09,1.143054
2008-01-10,1.260691
2008-01-11,1.268557
2008-01-14,1.245326
2008-01-15,1.156287
2008-01-16,1.207365
2008-01-17,1.176773
2008-01-18,1.244503
2008-01-22,1.388791
2008-01-23,1.451124
2008-01-24,1.475676
2008-01-25,1.411843
2008-01-28,1.450024
2008-01-29,1.494099
2008-01-30,1.542145
2008-01-31,1.552122
2008-02-01,1.548231
2008-02-04,1.558084
2008-02-05,1.620816
2008-02-06,1.658491
2008-02-07,1.751920
2008-02-08,1.683358
2008-02-11,1.656504
2008-02-12,1.708502
2008-02-13,1.778551
2008-02-14,1.888368
2008-02-15,1.808823
2008-02-19,1.821244
2008-02-20,1.777246
2008-02-21,1.800503
2008-02-22,1.814654
2008-02-25,1.845634
2008-02-26,1.869154
2008-02-27,1.865090
2008-02-28,1.835520
2008-02-29,1.801088
2008-03-03,1.845251
2008-03-04,1.979222
2008-03-05,2.048681
2008-03-06,2.058965
2008-03-07,2.038064
2008-03-10,1.998499
2008-03-11,1.943417
2008-03-12,1.864662
2008-03-13,1.970674
2008-03-14,2.000333
2008-03-17,2.048652
2008-03-18,1.940967
2008-03-19,1.873015
2008-03-20,1.767727
2008-03-21,1.767662
2008-03-24,1.793355
2008-03-25,1.774477
2008-03-26,1.887876
2008-03-27,1.932633
2008-03-28,1.925613
2008-03-31,1.923971
2008-04-01,1.915728
2008-04-02,1.832134
2008-04-03,1.779955
2008-04-04,1.726827
2008-04-07,1.675716
2008-04-08,1.751210
2008-04-09,1.750052
2008-04-10,1.738117
2008-04-11,1.735529
2008-04-14,1.786353
2008-04-15,1.791271
2008-04-16,1.826740
2008-04-17,1.728784
2008-04-18,1.707021
2008-04-21,1.626944
2008-04-22,1.580295
2008-04-23,1.605548
2008-04-24,1.584857
2008-04-25,1.602233
2008-04-28,1.584970
2008-04-29,1.593840
2008-04-30,1.564335
2008-05-01,1.498471
2008-05-02,1.549581
2008-05-05,1.581607
2008-05-06,1.677161
2008-05-07,1.663818
2008-05-08,1.667743
2008-05-09,1.621982
2008-05-12,1.585252
2008-05-13,1.568141
2008-05-14,1.526568
2008-05-15,1.482104
2008-05-16,1.496070
2008-05-19,1.504133
2008-05-20,1.511439
2008-05-21,1.465211
2008-05-22,1.474011
2008-05-23,1.470574
2008-05-27,1.512391
2008-05-28,1.535357
2008-05-29,1.592560
2008-05-30,1.573501
2008-06-02,1.572117
2008-06-03,1.579505
2008-06-04,1.646630
2008-06-05,1.707981
2008-06-06,1.669089
2008-06-09,1.466319
2008-06-10,1.423406
2008-06-11,1.471569
2008-06-12,1.436356
2008-06-13,1.469662
2008-06-16,1.470379
2008-06-17,1.520678
2008-06-18,1.456524
2008-06-19,1.463240
2008-06-20,1.462696
2008-06-23,1.412629
2008-06-24,1.395067
2008-06-25,1.454253
2008-06-26,1.476702
2008-06-27,1.401328
2008-06-30,1.437552
2008-07-01,1.496022
2008-07-02,1.479859
2008-07-03,1.540258
2008-07-07,1.555418
2008-07-08,1.494583
2008-07-09,1.476807
2008-07-10,1.467479
2008-07-11,1.468889
2008-07-14,1.479151
2008-07-15,1.527297
2008-07-16,1.644560
2008-07-17,1.620722
2008-07-18,1.579435
2008-07-21,1.542752
2008-07-22,1.542165
2008-07-23,1.535722
2008-07-24,1.519547
2008-07-25,1.607857
2008-07-28,1.606999
2008-07-29,1.588694
2008-07-30,1.576727
2008-07-31,1.577158
2008-08-01,1.580241
2008-08-04,1.577610
2008-08-05,1.619086
2008-08-06,1.645052
2008-08-07,1.593898
2008-08-08,1.538000
2008-08-11,1.575335
2008-08-12,1.578200
2008-08-13,1.581892
2008-08-14,1.550185
2008-08-15,1.516572
2008-08-18,1.526965
2008-08-19,1.584557
2008-08-20,1.588703
2008-08-21,1.568757
2008-08-22,1.511363
2008-08-25,1.484183
2008-08-26,1.461767
2008-08-27,1.486486
2008-08-28,1.462306
2008-08-29,1.547310
2008-09-02,1.523584
2008-09-03,1.502586
2008-09-04,1.485825
2008-09-05,1.464624
2008-09-08,1.398585
2008-09-09,1.390825
2008-09-10,1.449979
2008-09-11,1.452901
2008-09-12,1.541679
2008-09-15,1.632352
2008-09-16,1.514062
2008-09-17,1.662879
2008-09-18,1.675999
2008-09-19,1.667129
2008-09-22,1.774720
2008-09-23,1.831286
2008-09-24,1.965609
2008-09-25,1.873644
2008-09-26,1.872421
2008-09-29,1.938612
2008-09-30,2.028185
2008-10-01,2.051102
2008-10-02,2.145836
2008-10-03,2.168742
2008-10-06,2.151921
2008-10-07,2.207287
2008-10-08,2.359112
2008-10-09,2.556211
2008-10-10,2.665016
2008-10-14,2.766744
2008-10-15,2.974511
2008-10-16,3.030042
2008-10-17,3.115872
2008-10-20,2.992791
2008-10-21,2.971901
2008-10-22,2.873250
2008-10-23,2.802322
2008-10-24,2.925427
2008-10-27,2.937658
2008-10-28,3.063328
2008-10-29,3.196356
2008-10-30,3.303874
2008-10-31,3.439388
2008-11-03,3.567841
2008-11-04,3.425309
2008-11-05,3.267343
2008-11-06,3.312422
2008-11-07,3.327267
2008-11-10,3.280391
2008-11-12,3.262391
2008-11-13,3.377169
2008-11-14,3.200863
2008-11-17,3.106220
2008-11-18,2.947807
2008-11-19,2.817183
2008-11-20,2.514836
2008-11-21,2.533114
2008-11-24,2.548319
2008-11-25,2.426341
2008-11-26,2.323677
2008-11-28,2.388142
2008-12-01,2.246296
2008-12-02,2.212585
2008-12-03,2.218695
2008-12-04,2.065204
2008-12-05,2.106921
2008-12-08,2.120867
2008-12-09,2.098904
2008-12-10,2.147505
2008-12-11,2.138310
2008-12-12,2.138652
2008-12-15,2.089647
2008-12-16,1.965950
2008-12-17,1.552748
2008-12-18,1.344787
2008-12-19,1.300814
2008-12-22,1.221168
2008-12-23,1.204239
2008-12-24,1.219184
2008-12-26,1.191687
2008-12-29,1.281508
2008-12-30,1.256516
2008-12-31,1.462100
2009-01-02,1.624493
2009-01-05,1.796619
2009-01-06,1.800338
2009-01-07,1.795749
2009-01-08,1.754353
2009-01-09,1.790362
2009-01-12,1.684121
2009-01-13,1.662672
2009-01-14,1.537132
2009-01-15,1.504440
2009-01-16,1.640630
2009-01-20,1.754909
2009-01-21,1.987537
2009-01-22,2.126882
2009-01-23,2.103653
2009-01-26,2.165974
2009-01-27,2.000399
2009-01-28,2.107165
2009-01-29,2.206363
2009-01-30,2.224032
2009-02-02,2.097860
2009-02-03,2.183814
2009-02-04,2.184429
2009-02-05,2.184396
2009-02-06,2.277357
2009-02-09,2.230295
2009-02-10,2.167269
2009-02-11,2.034670
2009-02-12,2.025470
2009-02-13,2.147784
2009-02-17,1.906727
2009-02-18,1.910987
2009-02-19,2.066234
2009-02-20,2.019850
2009-02-23,1.972018
2009-02-24,1.946716
2009-02-25,2.025447
2009-02-26,2.070416
2009-02-27,2.251302
2009-03-02,2.214366
2009-03-03,2.215413
2009-03-04,2.241171
2009-03-05,2.038062
2009-03-06,1.985117
2009-03-09,2.009771
2009-03-10,2.075281
2009-03-11,1.978391
2009-03-12,1.882564
2009-03-13,1.934106
2009-03-16,2.015722
2009-03-17,2.030677
2009-03-18,1.626483
2009-03-19,1.551829
2009-03-20,1.588328
2009-03-23,1.578338
2009-03-24,1.579864
2009-03-25,1.639668
2009-03-26,1.637053
2009-03-27,1.660519
2009-03-30,1.660791
2009-03-31,1.695838
2009-04-01,1.613673
2009-04-02,1.662130
2009-04-03,1.749352
2009-04-06,1.827335
2009-04-07,1.842911
2009-04-08,1.764079
2009-04-09,1.871702
2009-04-13,1.863250
2009-04-14,1.806842
2009-04-15,1.797913
2009-04-16,1.837335
2009-04-17,1.909666
2009-04-20,1.838685
2009-04-21,1.884609
2009-04-22,1.914970
2009-04-23,1.898326
2009-04-24,1.957825
2009-04-27,1.920329
2009-04-28,2.001810
2009-04-29,2.073547
2009-04-30,2.147643
2009-05-01,2.225498
2009-05-04,2.156605
2009-05-05,2.142521
2009-05-06,2.156971
2009-05-07,2.289434
2009-05-08,2.297295
2009-05-11,2.243024
2009-05-12,2.251516
2009-05-13,2.191860
2009-05-14,2.203559
2009-05-15,2.227424
2009-05-18,2.272675
2009-05-19,2.300748
2009-05-20,2.264749
2009-05-21,2.453059
2009-05-22,2.560679
2009-05-26,2.602851
2009-05-27,2.847786
2009-05-28,2.780926
2009-05-29,2.605531
2009-06-01,2.865083
2009-06-02,2.802533
2009-06-03,2.737540
2009-06-04,2.910612
2009-06-05,2.678699
2009-06-08,2.619358
2009-06-09,2.655558
2009-06-10,2.722756
2009-06-11,2.627800
2009-06-12,2.568504
2009-06-15,2.541844
2009-06-16,2.452561
2009-06-17,2.500781
2009-06-18,2.633500
2009-06-19,2.575524
2009-06-22,2.519124
2009-06-23,2.428847
2009-06-24,2.465240
2009-06-25,2.387695
2009-06-26,2.353711
2009-06-29,2.346329
2009-06-30,2.366110
2009-07-01,2.444547
2009-07-02,2.432123
2009-07-06,2.484235
2009-07-07,2.419273
2009-07-08,2.291027
2009-07-09,2.416914
2009-07-10,2.317854
2009-07-13,2.388393
2009-07-14,2.511415
2009-07-15,2.572414
2009-07-16,2.572411
2009-07-17,2.656367
2009-07-20,2.599926
2009-07-21,2.509776
2009-07-22,2.577377
2009-07-23,2.638624
2009-07-24,2.636278
2009-07-27,2.675415
2009-07-28,2.583280
2009-07-29,2.471115
2009-07-30,2.407770
2009-07-31,2.278454
2009-08-03,2.377173
2009-08-04,2.409207
2009-08-05,2.512394
2009-08-06,2.503298
2009-08-07,2.534719
2009-08-10,2.479617
2009-08-11,2.378320
2009-08-12,2.486009
2009-08-13,2.395646
2009-08-14,2.395011
2009-08-17,2.329720
2009-08-18,2.339703
2009-08-19,2.308317
2009-08-20,2.254924
2009-08-21,2.320044
2009-08-24,2.274805
2009-08-25,2.226530
2009-08-26,2.202314
2009-08-27,2.254368
2009-08-28,2.271227
2009-08-31,2.264653
2009-09-01,2.294486
2009-09-02,2.197209
2009-09-03,2.225768
2009-09-04,2.352429
2009-09-08,2.377639
2009-09-09,2.390590
2009-09-10,2.226468
2009-09-11,2.191946
2009-09-14,2.245318
2009-09-15,2.292864
2009-09-16,2.253810
2009-09-17,2.185086
2009-09-18,2.225781
2009-09-21,2.241185
2009-09-22,2.255870
2009-09-23,2.273939
2009-09-24,2.249880
2009-09-25,2.128023
2009-09-28,2.077904
2009-09-29,2.065986
2009-09-30,2.104184
2009-10-01,2.052753
2009-10-02,2.070774
2009-10-05,2.055905
2009-10-06,2.072944
2009-10-07,2.020881
2009-10-08,2.090262
2009-10-09,2.193939
2009-10-13,2.185810
2009-10-14,2.296606
2009-10-15,2.307967
2009-10-16,2.213787
2009-10-19,2.181216
2009-10-20,2.153916
2009-10-21,2.174780
2009-10-22,2.212905
2009-10-23,2.220180
2009-10-26,2.299953
2009-10-27,2.265972
2009-10-28,2.241279
2009-10-29,2.319267
2009-10-30,2.247747
2009-11-02,2.269659
2009-11-03,2.347457
2009-11-04,2.450087
2009-11-05,2.487646
2009-11-06,2.500551
2009-11-09,2.474377
2009-11-10,2.488950
2009-11-12,2.472039
2009-11-13,2.428084
2009-11-16,2.319152
2009-11-17,2.309692
2009-11-18,2.364504
2009-11-19,2.367892
2009-11-20,2.364349
2009-11-23,2.357928
2009-11-24,2.333435
2009-11-25,2.255300
2009-11-27,2.214252
2009-11-30,2.229485
2009-12-01,2.324088
2009-12-02,2.313954
2009-12-03,2.411987
2009-12-04,2.431759
2009-12-07,2.454514
2009-12-08,2.466997
2009-12-09,2.488975
2009-12-10,2.548379
2009-12-11,2.574636
2009-12-14,2.523618
2009-12-15,2.530835
2009-12-16,2.546584
2009-12-17,2.480091
2009-12-18,2.517104
2009-12-21,2.613039
2009-12-22,2.661446
2009-12-23,2.649102
2009-12-24,2.675127
2009-12-28,2.635136
2009-12-29,2.589188
2009-12-30,2.555941
2009-12-31,2.548763
2010-01-04,2.615840
2010-01-05,2.594861
2010-01-06,2.687740
2010-01-07,2.648698
2010-01-08,2.675630
2010-01-11,2.720938
2010-01-12,2.589439
2010-01-13,2.645726
2010-01-14,2.601806
2010-01-15,2.583757
2010-01-19,2.580612
2010-01-20,2.512922
2010-01-21,2.486349
2010-01-22,2.475734
2010-01-25,2.528605
2010-01-26,2.519441
2010-01-27,2.494642
2010-01-28,2.557274
2010-01-29,2.527926
2010-02-01,2.577572
2010-02-02,2.565056
2010-02-03,2.632474
2010-02-04,2.555439
2010-02-05,2.559564
2010-02-08,2.571498
2010-02-09,2.602717
2010-02-10,2.630792
2010-02-11,2.668341
2010-02-12,2.662560
2010-02-16,2.648385
2010-02-17,2.695320
2010-02-18,2.736642
2010-02-19,2.661379
2010-02-22,2.721207
2010-02-23,2.617588
2010-02-24,2.628392
2010-02-25,2.602890
2010-02-26,2.570199
2010-03-01,2.588149
2010-03-02,2.609779
2010-03-03,2.611883
2010-03-04,2.521594
2010-03-05,2.596584
2010-03-08,2.642661
2010-03-09,2.639065
2010-03-10,2.615102
2010-03-11,2.556942
2010-03-12,2.509228
2010-03-15,2.512449
2010-03-16,2.468030
2010-03-17,2.424148
2010-03-18,2.406403
2010-03-19,2.370840
2010-03-22,2.354716
2010-03-23,2.387344
2010-03-24,2.430211
2010-03-25,2.542708
2010-03-26,2.538425
2010-03-29,2.529774
2010-03-30,2.539100
2010-03-31,2.533240
2010-04-01,2.547447
2010-04-02,2.599404
2010-04-05,2.614559
2010-04-06,2.585843
2010-04-07,2.497572
2010-04-08,2.528935
2010-04-09,2.509154
2010-04-12,2.470938
2010-04-13,2.451566
2010-04-14,2.500273
2010-04-15,2.513044
2010-04-16,2.469382
2010-04-19,2.478465
2010-04-20,2.432627
2010-04-21,2.368074
2010-04-22,2.375207
2010-04-23,2.383788
2010-04-26,2.395989
2010-04-27,2.354760
2010-04-28,2.386211
2010-04-29,2.381994
2010-04-30,2.325295
2010-05-03,2.337209
2010-05-04,2.264355
2010-05-05,2.315648
2010-05-06,2.214385
2010-05-07,2.229996
2010-05-10,2.300585
2010-05-11,2.321637
2010-05-12,2.340295
2010-05-13,2.304718
2010-05-14,2.268854
2010-05-17,2.296690
2010-05-18,2.206486
2010-05-19,2.140577
2010-05-20,2.057235
2010-05-21,1.995570
2010-05-24,2.002218
2010-05-25,1.930458
2010-05-26,1.902347
2010-05-27,2.026637
2010-05-28,2.047230
2010-06-01,2.042148
2010-06-02,2.094781
2010-06-03,2.140563
2010-06-04,2.014266
2010-06-07,1.994175
2010-06-08,1.982723
2010-06-09,1.993931
2010-06-10,2.086525
2010-06-11,2.001870
2010-06-14,2.050991
2010-06-15,2.093072
2010-06-16,2.031640
2010-06-17,1.978638
2010-06-18,2.004545
2010-06-21,2.030866
2010-06-22,1.946442
2010-06-23,1.898368
2010-06-24,1.948374
2010-06-25,1.960205
2010-06-28,1.898294
2010-06-29,1.813225
2010-06-30,1.783882
2010-07-01,1.742207
2010-07-02,1.802398
2010-07-06,1.786122
2010-07-07,1.874679
2010-07-08,1.922064
2010-07-09,1.930375
2010-07-12,1.930085
2010-07-13,1.963647
2010-07-14,1.929368
2010-07-15,1.885678
2010-07-16,1.868495
2010-07-19,1.901393
2010-07-20,1.899477
2010-07-21,1.802465
2010-07-22,1.883856
2010-07-23,1.934223
2010-07-26,1.917203
2010-07-27,1.943104
2010-07-28,1.947990
2010-07-29,1.995068
2010-07-30,1.907341
2010-08-02,1.971193
2010-08-03,1.940791
2010-08-04,1.943192
2010-08-05,1.912351
2010-08-06,1.822713
2010-08-09,1.802131
2010-08-10,1.754522
2010-08-11,1.642753
2010-08-12,1.619180
2010-08-13,1.534992
2010-08-16,1.407214
2010-08-17,1.484986
2010-08-18,1.463472
2010-08-19,1.403708
2010-08-20,1.424844
2010-08-23,1.417000
2010-08-24,1.313468
2010-08-25,1.328015
2010-08-26,1.260281
2010-08-27,1.425266
2010-08-30,1.323958
2010-08-31,1.258226
2010-09-01,1.409849
2010-09-02,1.480284
2010-09-03,1.579855
2010-09-07,1.441953
2010-09-08,1.475834
2010-09-09,1.561308
2010-09-10,1.607968
2010-09-13,1.583254
2010-09-14,1.560096
2010-09-15,1.645779
2010-09-16,1.716032
2010-09-17,1.711676
2010-09-20,1.679513
2010-09-21,1.589370
2010-09-22,1.496848
2010-09-23,1.497235
2010-09-24,1.573803
2010-09-27,1.464919
2010-09-28,1.401786
2010-09-29,1.432050
2010-09-30,1.457834
2010-10-01,1.483307
2010-10-04,1.448896
2010-10-05,1.470855
2010-10-06,1.367542
2010-10-07,1.407059
2010-10-08,1.419037
2010-10-12,1.441525
2010-10-13,1.485136
2010-10-14,1.536230
2010-10-15,1.672553
2010-10-18,1.598988
2010-10-19,1.567648
2010-10-20,1.586197
2010-10-21,1.679055
2010-10-22,1.690614
2010-10-25,1.641869
2010-10-26,1.735715
2010-10-27,1.809724
2010-10-28,1.819576
2010-10-29,1.782997
2010-11-01,1.833849
2010-11-02,1.742903
2010-11-03,1.862086
2010-11-04,1.654824
2010-11-05,1.666698
2010-11-08,1.625663
2010-11-09,1.699761
2010-11-10,1.682023
2010-11-12,1.715565
2010-11-15,1.894758
2010-11-16,1.792164
2010-11-17,1.903350
2010-11-18,1.936859
2010-11-19,1.849880
2010-11-22,1.829773
2010-11-23,1.806439
2010-11-24,1.927171
2010-11-26,1.864051
2010-11-29,1.816872
2010-11-30,1.824724
2010-12-01,1.939697
2010-12-02,1.945472
2010-12-03,2.048939
2010-12-06,2.037645
2010-12-07,2.200250
2010-12-08,2.262320
2010-12-09,2.166535
2010-12-10,2.237947
2010-12-13,2.270966
2010-12-14,2.448746
2010-12-15,2.509611
2010-12-16,2.425078
2010-12-17,2.294878
2010-12-20,2.303109
2010-12-21,2.256669
2010-12-22,2.255629
2010-12-23,2.273352
2010-12-27,2.175638
2010-12-28,2.316848
2010-12-29,2.206093
2010-12-30,2.226694
2010-12-31,2.140001
2011-01-03,2.217466
2011-01-04,2.239741
2011-01-05,2.353942
2011-01-06,2.291721
2011-01-07,2.276848
2011-01-10,2.262389
2011-01-11,2.311960
2011-01-12,2.320515
2011-01-13,2.313726
2011-01-14,2.328697
2011-01-18,2.365472
2011-01-19,2.352962
2011-01-20,2.426051
2011-01-21,2.387122
2011-01-24,2.371340
2011-01-25,2.274117
2011-01-26,2.410236
2011-01-27,2.404819
2011-01-28,2.334563
2011-01-31,2.419931
2011-02-01,2.453558
2011-02-02,2.405469
2011-02-03,2.427623
2011-02-04,2.485353
2011-02-07,2.461858
2011-02-08,2.463276
2011-02-09,2.382915
2011-02-10,2.379858
2011-02-11,2.289462
2011-02-14,2.253491
2011-02-15,2.238584
2011-02-16,2.245541
2011-02-17,2.254317
2011-02-18,2.288255
2011-02-22,2.210599
2011-02-23,2.213439
2011-02-24,2.154988
2011-02-25,2.132036
2011-02-28,2.159007
2011-03-01,2.173324
2011-03-02,2.218575
2011-03-03,2.257446
2011-03-04,2.245343
2011-03-07,2.260296
2011-03-08,2.321798
2011-03-09,2.265601
2011-03-10,2.218556
2011-03-11,2.267092
2011-03-14,2.258819
2011-03-15,2.200161
2011-03-16,2.139380
2011-03-17,2.158780
2011-03-18,2.143126
2011-03-21,2.120458
2011-03-22,2.118382
2011-03-23,2.143375
2011-03-24,2.178741
2011-03-25,2.165590
2011-03-28,2.133115
2011-03-29,2.159007
2011-03-30,2.155807
2011-03-31,2.132810
2011-04-01,2.085828
2011-04-04,2.126989
2011-04-05,2.124982
2011-04-06,2.187409
2011-04-07,2.269241
2011-04-08,2.269485
2011-04-11,2.282136
2011-04-12,2.269115
2011-04-13,2.239354
2011-04-14,2.237757
2011-04-15,2.189088
2011-04-18,2.213938
2011-04-19,2.193957
2011-04-20,2.212805
2011-04-21,2.192188
2011-04-25,2.161933
2011-04-26,2.156042
2011-04-27,2.235319
2011-04-28,2.238417
2011-04-29,2.232823
2011-05-02,2.228697
2011-05-03,2.189974
2011-05-04,2.128841
2011-05-05,2.071578
2011-05-06,2.098045
2011-05-09,2.092429
2011-05-10,2.129133
2011-05-11,2.114908
2011-05-12,2.138082
2011-05-13,2.090497
2011-05-16,2.070313
2011-05-17,2.050754
2011-05-18,2.063794
2011-05-19,2.081927
2011-05-20,2.080305
2011-05-23,2.051566
2011-05-24,2.040121
2011-05-25,2.071490
2011-05-26,2.047339
2011-05-27,2.082651
2011-05-31,2.082623
2011-06-01,1.985565
2011-06-02,2.063929
2011-06-03,2.039341
2011-06-06,2.064296
2011-06-07,2.102039
2011-06-08,2.074572
2011-06-09,2.085426
2011-06-10,2.053249
2011-06-13,2.079816
2011-06-14,2.171238
2011-06-15,2.087748
2011-06-16,2.009512
2011-06-17,2.032097
2011-06-20,2.052676
2011-06-21,2.096342
2011-06-22,2.116299
2011-06-23,2.061609
2011-06-24,2.053932
2011-06-27,2.097677
2011-06-28,2.153452
2011-06-29,2.255727
2011-06-30,2.288678
2011-07-01,2.294580
2011-07-05,2.303127
2011-07-06,2.282066
2011-07-07,2.273324
2011-07-08,2.197320
2011-07-11,2.129749
2011-07-12,2.083784
2011-07-13,2.064034
2011-07-14,2.133338
2011-07-15,2.115956
2011-07-18,2.146998
2011-07-19,2.039789
2011-07-20,2.106854
2011-07-21,2.176126
2011-07-22,2.121167
2011-07-25,2.163588
2011-07-26,2.128991
2011-07-27,2.117201
2011-07-28,2.106668
2011-07-29,1.980302
2011-08-01,1.908925
2011-08-02,1.778075
2011-08-03,1.711638
2011-08-04,1.530728
2011-08-05,1.644335
2011-08-08,1.402857
2011-08-09,1.243115
2011-08-10,1.161674
2011-08-11,1.421252
2011-08-12,1.281244
2011-08-15,1.333637
2011-08-16,1.279680
2011-08-17,1.160223
2011-08-18,1.014425
2011-08-19,0.958076
2011-08-22,0.985404
2011-08-23,1.051221
2011-08-24,1.259119
2011-08-25,1.206105
2011-08-26,1.187927
2011-08-29,1.300079
2011-08-30,1.168478
2011-08-31,1.256176
2011-09-01,1.145233
2011-09-02,0.889052
2011-09-06,0.825365
2011-09-07,0.938122
2011-09-08,0.887034
2011-09-09,0.808206
2011-09-12,0.767808
2011-09-13,0.854167
2011-09-14,0.875496
2011-09-15,0.979099
2011-09-16,0.975523
2011-09-19,0.848323
2011-09-20,0.821138
2011-09-21,0.632333
2011-09-22,0.392711
2011-09-23,0.535657
2011-09-26,0.633184
2011-09-27,0.764256
2011-09-28,0.796028
2011-09-29,0.733452
2011-09-30,0.638226
2011-10-03,0.471642
2011-10-04,0.473024
2011-10-05,0.598208
2011-10-06,0.707659
2011-10-07,0.795951
2011-10-11,0.885957
2011-10-12,1.000716
2011-10-13,0.967893
2011-10-14,1.082414
2011-10-17,0.970905
2011-10-18,1.006194
2011-10-19,0.988680
2011-10-20,1.017938
2011-10-21,1.079275
2011-10-24,1.089845
2011-10-25,0.953636
2011-10-26,1.049033
2011-10-27,1.310320
2011-10-28,1.228762
2011-10-31,1.034838
2011-11-01,0.809086
2011-11-02,0.848872
2011-11-03,0.930587
2011-11-04,0.909775
2011-11-07,0.839701
2011-11-08,0.932902
2011-11-09,0.778434
2011-11-10,0.855901
2011-11-14,0.846777
2011-11-15,0.852289
2011-11-16,0.774726
2011-11-17,0.685665
2011-11-18,0.725168
2011-11-21,0.672156
2011-11-22,0.645648
2011-11-23,0.548080
2011-11-25,0.660434
2011-11-28,0.693134
2011-11-29,0.740377
2011-11-30,0.885189
2011-12-01,0.924616
2011-12-02,0.837022
2011-12-05,0.816306
2011-12-06,0.897457
2011-12-07,0.841755
2011-12-08,0.792491
2011-12-09,0.914868
2011-12-12,0.855440
2011-12-13,0.733833
2011-12-14,0.622571
2011-12-15,0.639458
2011-12-16,0.571313
2011-12-19,0.481155
2011-12-20,0.645608
2011-12-21,0.679851
2011-12-22,0.665024
2011-12-23,0.729788
2011-12-27,0.720270
2011-12-28,0.587692
2011-12-29,0.566285
2011-12-30,0.585213
2012-01-03,0.684876
2012-01-04,0.744656
2012-01-05,0.766584
2012-01-06,0.721993
2012-01-09,0.723523
2012-01-10,0.754733
2012-01-11,0.672207
2012-01-12,0.689119
2012-01-13,0.613411
2012-01-17,0.587427
2012-01-18,0.652797
2012-01-19,0.782707
2012-01-20,0.845152
2012-01-23,0.902598
2012-01-24,0.893015
2012-01-25,0.848416
2012-01-26,0.789619
2012-01-27,0.738377
2012-01-30,0.643507
2012-01-31,0.578214
2012-02-01,0.645096
2012-02-02,0.616277
2012-02-03,0.761821
2012-02-06,0.709770
2012-02-07,0.797226
2012-02-08,0.787828
2012-02-09,0.817576
2012-02-10,0.711581
2012-02-13,0.731951
2012-02-14,0.631644
2012-02-15,0.669738
2012-02-16,0.717775
2012-02-17,0.752853
2012-02-21,0.785781
2012-02-22,0.738363
2012-02-23,0.688429
2012-02-24,0.657214
2012-02-27,0.602385
2012-02-28,0.622926
2012-02-29,0.669388
2012-03-01,0.768779
2012-03-02,0.729415
2012-03-05,0.724205
2012-03-06,0.670151
2012-03-07,0.687266
2012-03-08,0.742133
2012-03-09,0.752346
2012-03-12,0.730762
2012-03-13,0.842320
2012-03-14,1.004330
2012-03-15,1.042986
2012-03-16,1.065448
2012-03-19,1.141907
2012-03-20,1.110597
2012-03-21,1.040629
2012-03-22,1.035240
2012-03-23,0.982221
2012-03-26,1.001461
2012-03-27,0.952466
2012-03-28,0.957744
2012-03-29,0.909512
2012-03-30,1.002434
2012-04-02,0.995847
2012-04-03,1.059681
2012-04-04,1.012955
2012-04-05,0.940051
2012-04-06,0.788579
2012-04-09,0.754036
2012-04-10,0.716394
2012-04-11,0.770289
2012-04-12,0.828748
2012-04-13,0.745469
2012-04-16,0.706504
2012-04-17,0.768812
2012-04-18,0.728048
2012-04-19,0.690201
2012-04-20,0.708224
2012-04-23,0.671201
2012-04-24,0.710682
2012-04-25,0.740541
2012-04-26,0.706141
2012-04-27,0.682674
2012-04-30,0.672299
2012-05-01,0.706601
2012-05-02,0.658920
2012-05-03,0.670757
2012-05-04,0.601182
2012-05-07,0.608834
2012-05-08,0.552406
2012-05-09,0.529103
2012-05-10,0.558467
2012-05-11,0.493737
2012-05-14,0.404059
2012-05-15,0.352560
2012-05-16,0.326954
2012-05-17,0.203024
2012-05-18,0.209449
2012-05-21,0.264234
2012-05-22,0.314493
2012-05-23,0.239433
2012-05-24,0.282297
2012-05-25,0.259424
2012-05-29,0.238581
2012-05-30,0.112168
2012-05-31,0.058422
2012-06-01,-0.135647
2012-06-04,-0.055315
2012-06-05,0.032727
2012-06-06,0.152754
2012-06-07,0.152845
2012-06-08,0.139590
2012-06-11,0.054333
2012-06-12,0.137802
2012-06-13,0.038350
2012-06-14,0.087992
2012-06-15,0.060428
2012-06-18,0.041767
2012-06-19,0.102623
2012-06-20,0.101665
2012-06-21,0.068954
2012-06-22,0.158384
2012-06-25,0.081745
2012-06-26,0.105530
2012-06-27,0.090724
2012-06-28,0.028783
2012-06-29,0.146175
2012-07-02,0.053510
2012-07-03,0.116431
2012-07-05,0.089204
2012-07-06,0.031023
2012-07-09,-0.018790
2012-07-10,-0.035558
2012-07-11,-0.030434
2012-07-12,-0.071752
2012-07-13,-0.034146
2012-07-16,-0.033177
2012-07-17,-0.001938
2012-07-18,0.007777
2012-07-19,0.057206
2012-07-20,-0.004931
2012-07-23,-0.034633
2012-07-24,-0.094655
2012-07-25,-0.089950
2012-07-26,-0.062082
2012-07-27,0.089001
2012-07-30,0.055793
2012-07-31,0.043174
2012-08-01,0.105290
2012-08-02,0.025620
2012-08-03,0.149365
2012-08-06,0.143768
2012-08-07,0.220283
2012-08-08,0.228146
2012-08-09,0.243837
2012-08-10,0.209375
2012-08-13,0.205872
2012-08-14,0.308220
2012-08-15,0.402708
2012-08-16,0.455602
2012-08-17,0.428850
2012-08-20,0.430156
2012-08-21,0.405566
2012-08-22,0.309192
2012-08-23,0.255769
2012-08-24,0.253329
2012-08-27,0.213439
2012-08-28,0.187347
2012-08-29,0.213454
2012-08-30,0.193567
2012-08-31,0.140382
2012-09-04,0.152315
2012-09-05,0.175523
2012-09-06,0.269751
2012-09-07,0.270750
2012-09-10,0.284761
2012-09-11,0.307943
2012-09-12,0.422187
2012-09-13,0.405225
2012-09-14,0.590403
2012-09-17,0.534780
2012-09-18,0.489087
2012-09-19,0.449939
2012-09-20,0.439677
2012-09-21,0.411294
2012-09-24,0.351305
2012-09-25,0.275802
2012-09-26,0.180881
2012-09-27,0.221130
2012-09-28,0.238396
2012-10-01,0.220446
2012-10-02,0.219965
2012-10-03,0.227168
2012-10-04,0.301987
2012-10-05,0.375481
2012-10-09,0.344653
2012-10-10,0.286672
2012-10-11,0.261761
2012-10-12,0.248136
2012-10-15,0.259902
2012-10-16,0.338755
2012-10-17,0.430642
2012-10-18,0.470525
2012-10-19,0.368919
2012-10-22,0.399676
2012-10-23,0.353130
2012-10-24,0.390171
2012-10-25,0.429190
2012-10-26,0.340488
2012-10-29,0.277446
2012-10-31,0.259579
2012-11-01,0.310331
2012-11-02,0.319637
2012-11-05,0.276844
2012-11-06,0.334428
2012-11-07,0.207022
2012-11-08,0.133750
2012-11-09,0.123928
2012-11-13,0.098735
2012-11-14,0.104305
2012-11-15,0.092236
2012-11-16,0.097680
2012-11-19,0.144964
2012-11-20,0.210151
2012-11-21,0.229642
2012-11-23,0.232837
2012-11-26,0.191034
2012-11-27,0.170588
2012-11-28,0.158537
2012-11-29,0.152271
2012-11-30,0.170227
2012-12-03,0.173643
2012-12-04,0.158712
2012-12-05,0.141492
2012-12-06,0.120087
2012-12-07,0.188505
2012-12-10,0.183543
2012-12-11,0.225208
2012-12-12,0.307718
2012-12-13,0.329331
2012-12-14,0.306733
2012-12-17,0.389028
2012-12-18,0.439094
2012-12-19,0.419691
2012-12-20,0.411976
2012-12-21,0.353566
2012-12-24,0.369794
2012-12-26,0.345576
2012-12-27,0.300973
2012-12-28,0.294895
2012-12-31,0.383972
2013-01-02,0.504332
2013-01-03,0.592057
2013-01-04,0.602940
2013-01-07,0.589996
2013-01-08,0.554091
2013-01-09,0.553082
2013-01-10,0.603719
2013-01-11,0.569773
2013-01-14,0.564230
2013-01-15,0.520842
2013-01-16,0.501230
2013-01-17,0.557315
2013-01-18,0.525354
2013-01-22,0.519767
2013-01-23,0.514747
2013-01-24,0.536702
2013-01-25,0.647756
2013-01-28,0.665862
2013-01-29,0.710398
2013-01-30,0.728378
2013-01-31,0.724035
2013-02-01,0.773460
2013-02-04,0.726625
2013-02-05,0.766732
2013-02-06,0.724880
2013-02-07,0.701836
2013-02-08,0.713950
2013-02-11,0.698472
2013-02-12,0.731884
2013-02-13,0.780968
2013-02-14,0.717466
2013-02-15,0.723420
2013-02-19,0.753635
2013-02-20,0.738745
2013-02-21,0.708258
2013-02-22,0.688404
2013-02-25,0.578874
2013-02-26,0.577617
2013-02-27,0.625494
2013-02-28,0.609380
2013-03-01,0.563399
2013-03-04,0.592659
2013-03-05,0.616018
2013-03-06,0.671101
2013-03-07,0.741686
2013-03-08,0.837172
2013-03-11,0.836082
2013-03-12,0.785740
2013-03-13,0.784080
2013-03-14,0.800250
2013-03-15,0.753701
2013-03-18,0.686182
2013-03-19,0.629336
2013-03-20,0.694097
2013-03-21,0.650420
2013-03-22,0.626938
2013-03-25,0.628645
2013-03-26,0.613588
2013-03-27,0.546623
2013-03-28,0.548293
2013-04-01,0.537768
2013-04-02,0.572855
2013-04-03,0.507559
2013-04-04,0.438456
2013-04-05,0.326341
2013-04-08,0.381959
2013-04-09,0.399930
2013-04-10,0.480125
2013-04-11,0.458792
2013-04-12,0.359994
2013-04-15,0.318731
2013-04-16,0.363062
2013-04-17,0.326963
2013-04-18,0.297469
2013-04-19,0.312179
2013-04-22,0.311202
2013-04-23,0.329691
2013-04-24,0.319211
2013-04-25,0.343872
2013-04-26,0.294224
2013-04-29,0.303588
2013-04-30,0.322207
2013-05-01,0.261475
2013-05-02,0.268056
2013-05-03,0.420770
2013-05-06,0.461114
2013-05-07,0.478737
2013-05-08,0.456831
2013-05-09,0.454412
2013-05-10,0.565513
2013-05-13,0.589438
2013-05-14,0.652695
2013-05-15,0.635155
2013-05-16,0.546449
2013-05-17,0.652713
2013-05-20,0.678829
2013-05-21,0.642197
2013-05-22,0.748911
2013-05-23,0.743096
2013-05-24,0.719982
2013-05-28,0.881656
2013-05-29,0.829659
2013-05-30,0.832901
2013-05-31,0.865775
2013-06-03,0.848785
2013-06-04,0.873761
2013-06-05,0.819294
2013-06-06,0.782462
2013-06-07,0.879561
2013-06-10,0.925891
2013-06-11,0.892077
2013-06-12,0.934598
2013-06-13,0.884901
2013-06-14,0.869657
2013-06-17,0.947717
2013-06-18,0.955671
2013-06-19,0.998020
2013-06-20,1.085070
2013-06-21,1.134717
2013-06-24,1.174608
2013-06-25,1.219654
2013-06-26,1.179674
2013-06-27,1.132673
2013-06-28,1.161156
2013-07-01,1.161522
2013-07-02,1.139833
2013-07-03,1.165245
2013-07-05,1.383721
2013-07-08,1.350321
2013-07-09,1.349510
2013-07-10,1.390331
2013-07-11,1.350183
2013-07-12,1.332178
2013-07-15,1.292229
2013-07-16,1.285608
2013-07-17,1.280894
2013-07-18,1.345764
2013-07-19,1.279410
2013-07-22,1.278750
2013-07-23,1.323260
2013-07-24,1.407523
2013-07-25,1.422005
2013-07-26,1.391504
2013-07-29,1.438926
2013-07-30,1.458504
2013-07-31,1.423651
2013-08-01,1.577995
2013-08-02,1.507153
2013-08-05,1.543786
2013-08-06,1.544841
2013-08-07,1.480517
2013-08-08,1.448535
2013-08-09,1.432113
2013-08-12,1.457532
2013-08-13,1.546941
2013-08-14,1.542772
2013-08-15,1.584715
2013-08-16,1.665094
2013-08-19,1.706425
2013-08-20,1.660692
2013-08-21,1.677409
2013-08-22,1.626694
2013-08-23,1.533394
2013-08-26,1.511404
2013-08-27,1.433285
2013-08-28,1.490805
2013-08-29,1.444446
2013-08-30,1.471139
2013-09-03,1.567741
2013-09-04,1.548811
2013-09-05,1.570205
2013-09-06,1.567594
2013-09-09,1.581207
2013-09-10,1.604668
2013-09-11,1.588156
2013-09-12,1.584399
2013-09-13,1.543511
2013-09-16,1.613230
2013-09-17,1.603534
2013-09-18,1.534245
2013-09-19,1.585520
2013-09-20,1.558978
2013-09-23,1.531102
2013-09-24,1.457397
2013-09-25,1.420933
2013-09-26,1.457591
2013-09-27,1.458023
2013-09-30,1.462681
2013-10-01,1.464551
2013-10-02,1.465872
2013-10-03,1.462695
2013-10-04,1.485572
2013-10-07,1.442429
2013-10-08,1.420032
2013-10-09,1.462616
2013-10-10,1.509754
2013-10-11,1.527324
2013-10-15,1.605000
2013-10-16,1.541022
2013-10-17,1.456253
2013-10-18,1.450966
2013-10-21,1.478331
2013-10-22,1.383995
2013-10-23,1.340678
2013-10-24,1.348294
2013-10-25,1.342215
2013-10-28,1.377005
2013-10-29,1.368521
2013-10-30,1.390835
2013-10-31,1.426007
2013-11-01,1.508975
2013-11-04,1.506119
2013-11-05,1.593635
2013-11-06,1.597796
2013-11-07,1.550301
2013-11-08,1.706234
2013-11-12,1.718774
2013-11-13,1.699812
2013-11-14,1.661496
2013-11-15,1.668085
2013-11-18,1.632559
2013-11-19,1.664129
2013-11-20,1.826111
2013-11-21,1.822619
2013-11-22,1.753855
2013-11-25,1.736806
2013-11-26,1.704826
2013-11-27,1.752165
2013-11-29,1.768530
2013-12-02,1.822378
2013-12-03,1.809418
2013-12-04,1.874777
2013-12-05,1.893852
2013-12-06,1.864877
2013-12-09,1.831964
2013-12-10,1.771247
2013-12-11,1.819294
2013-12-12,1.832796
2013-12-13,1.790737
2013-12-16,1.819808
2013-12-17,1.781621
2013-12-18,1.838268
2013-12-19,1.827350
2013-12-20,1.687766
2013-12-23,1.735209
2013-12-24,1.791042
2013-12-26,1.801942
2013-12-27,1.816229
2013-12-30,1.796878
2013-12-31,1.860579
2014-01-02,1.830308
2014-01-03,1.786212
2014-01-06,1.787316
2014-01-07,1.752098
2014-01-08,1.720136
2014-01-09,1.669000
2014-01-10,1.636706
2014-01-13,1.626431
2014-01-14,1.610749
2014-01-15,1.601591
2014-01-16,1.561034
2014-01-17,1.539558
2014-01-21,1.510190
2014-01-22,1.510094
2014-01-23,1.486875
2014-01-24,1.440550
2014-01-27,1.477772
2014-01-28,1.494785
2014-01-29,1.419627
2014-01-30,1.430734
2014-01-31,1.396691
2014-02-03,1.344789
2014-02-04,1.393983
2014-02-05,1.457436
2014-02-06,1.476715
2014-02-07,1.475817
2014-02-10,1.473977
2014-02-11,1.479925
2014-02-12,1.509469
2014-02-13,1.474178
2014-02-14,1.478404
2014-02-18,1.478489
2014-02-19,1.466043
2014-02-20,1.475793
2014-02-21,1.454942
2014-02-24,1.443861
2014-02-25,1.395048
2014-02-26,1.378402
2014-02-27,1.341981
2014-02-28,1.330347
2014-03-03,1.283222
2014-03-04,1.381295
2014-03-05,1.376202
2014-03-06,1.407995
2014-03-07,1.424764
2014-03-10,1.424414
2014-03-11,1.392963
2014-03-12,1.345556
2014-03-13,1.293921
2014-03-14,1.257911
2014-03-17,1.295360
2014-03-18,1.298106
2014-03-19,1.240844
2014-03-20,1.272250
2014-03-21,1.192031
2014-03-24,1.123746
2014-03-25,1.145498
2014-03-26,1.137197
2014-03-27,1.070108
2014-03-28,1.098404
2014-03-31,1.145116
2014-04-01,1.209315
2014-04-02,1.230562
2014-04-03,1.215913
2014-04-04,1.191341
2014-04-07,1.156871
2014-04-08,1.128145
2014-04-09,1.211635
2014-04-10,1.156758
2014-04-11,1.142911
2014-04-14,1.123781
2014-04-15,1.073520
2014-04-16,1.038619
2014-04-17,1.116168
2014-04-21,1.127808
2014-04-22,1.095108
2014-04-23,1.074934
2014-04-24,1.068149
2014-04-25,1.037122
2014-04-28,1.069295
2014-04-29,1.076326
2014-04-30,1.077238
2014-05-01,1.019405
2014-05-02,0.940923
2014-05-05,0.969104
2014-05-06,0.925641
2014-05-07,0.956978
2014-05-08,0.987485
2014-05-09,0.998044
2014-05-12,1.030855
2014-05-13,1.003191
2014-05-14,0.928841
2014-05-15,0.871303
2014-05-16,0.897547
2014-05-19,0.963451
2014-05-20,0.948960
2014-05-21,0.989902
2014-05-22,0.989809
2014-05-23,0.977912
2014-05-27,0.941712
2014-05-28,0.853865
2014-05-29,0.850875
2014-05-30,0.868798
2014-06-02,0.907308
2014-06-03,0.975403
2014-06-04,1.009767
2014-06-05,0.994510
2014-06-06,0.977106
2014-06-09,0.964987
2014-06-10,0.977075
2014-06-11,0.995128
2014-06-12,0.927573
2014-06-13,0.917273
2014-06-16,0.889833
2014-06-17,0.932206
2014-06-18,0.902400
2014-06-19,0.974083
2014-06-20,0.946820
2014-06-23,0.929098
2014-06-24,0.885534
2014-06-25,0.863589
2014-06-26,0.837049
2014-06-27,0.868119
2014-06-30,0.857843
2014-07-01,0.911303
2014-07-02,0.964509
2014-07-03,0.943455
2014-07-07,0.881959
2014-07-08,0.816875
2014-07-09,0.808094
2014-07-10,0.808883
2014-07-11,0.780402
2014-07-14,0.790883
2014-07-15,0.772302
2014-07-16,0.737320
2014-07-17,0.672528
2014-07-18,0.665710
2014-07-21,0.621639
2014-07-22,0.635766
2014-07-23,0.638946
2014-07-24,0.662110
2014-07-25,0.602641
2014-07-28,0.620304
2014-07-29,0.573673
2014-07-30,0.666353
2014-07-31,0.706317
2014-08-01,0.694335
2014-08-04,0.698459
2014-08-05,0.679866
2014-08-06,0.671447
2014-08-07,0.628125
2014-08-08,0.607459
2014-08-11,0.620177
2014-08-12,0.651116
2014-08-13,0.654942
2014-08-14,0.604039
2014-08-15,0.521464
2014-08-18,0.577786
2014-08-19,0.595825
2014-08-20,0.570371
2014-08-21,0.539608
2014-08-22,0.486921
2014-08-25,0.439302
2014-08-26,0.469614
2014-08-27,0.429825
2014-08-28,0.412417
2014-08-29,0.434392
2014-09-02,0.509935
2014-09-03,0.495437
2014-09-04,0.542561
2014-09-05,0.576100
2014-09-08,0.562863
2014-09-09,0.542528
2014-09-10,0.590899
2014-09-11,0.598348
2014-09-12,0.708382
2014-09-15,0.706073
2014-09-16,0.739120
2014-09-17,0.726302
2014-09-18,0.713258
2014-09-19,0.639114
2014-09-22,0.637252
2014-09-23,0.604027
2014-09-24,0.631047
2014-09-25,0.588022
2014-09-26,0.569137
2014-09-29,0.536847
2014-09-30,0.563076
2014-10-01,0.470272
2014-10-02,0.519712
2014-10-03,0.463590
2014-10-06,0.481904
2014-10-07,0.413935
2014-10-08,0.495064
2014-10-09,0.469158
2014-10-10,0.442916
2014-10-14,0.372276
2014-10-15,0.370071
2014-10-16,0.382551
2014-10-17,0.425499
2014-10-20,0.408334
2014-10-21,0.462556
2014-10-22,0.461772
2014-10-23,0.488589
2014-10-24,0.489150
2014-10-27,0.477319
2014-10-28,0.513376
2014-10-29,0.451146
2014-10-30,0.453356
2014-10-31,0.476195
2014-11-03,0.452947
2014-11-04,0.439490
2014-11-05,0.450364
2014-11-06,0.472536
2014-11-07,0.409655
2014-11-10,0.455939
2014-11-12,0.446412
2014-11-13,0.460872
2014-11-14,0.433708
2014-11-17,0.438446
2014-11-18,0.427799
2014-11-19,0.454179
2014-11-20,0.425141
2014-11-21,0.407960
2014-11-24,0.397058
2014-11-25,0.339030
2014-11-26,0.319726
2014-11-28,0.263662
2014-12-01,0.321307
2014-12-02,0.352469
2014-12-03,0.337459
2014-12-04,0.277732
2014-12-05,0.254468
2014-12-08,0.148922
2014-12-09,0.122652
2014-12-10,0.105893
2014-12-11,0.087273
2014-12-12,0.028560
2014-12-15,0.003993
2014-12-16,-0.056181
2014-12-17,-0.001647
2014-12-18,0.078997
2014-12-19,0.004540
2014-12-22,-0.010764
2014-12-23,0.072212
2014-12-24,0.051320
2014-12-26,0.024266
2014-12-29,0.018345
2014-12-30,0.017682
2014-12-31,0.031459
2015-01-02,-0.020895
2015-01-05,-0.146202
2015-01-06,-0.175292
2015-01-07,-0.167073
2015-01-08,-0.078000
2015-01-09,-0.086420
2015-01-12,-0.135288
2015-01-13,-0.133447
2015-01-14,-0.157478
2015-01-15,-0.167191
2015-01-16,-0.175565
2015-01-20,-0.220950
2015-01-21,-0.154092
2015-01-22,-0.163557
2015-01-23,-0.254392
2015-01-26,-0.231381
2015-01-27,-0.229978
2015-01-28,-0.296255
2015-01-29,-0.232122
2015-01-30,-0.278475
2015-02-02,-0.259797
2015-02-03,-0.195243
2015-02-04,-0.194775
2015-02-05,-0.163060
2015-02-06,-0.182405
2015-02-09,-0.184677
2015-02-10,-0.135198
2015-02-11,-0.126634
2015-02-12,-0.102435
2015-02-13,-0.046322
2015-02-17,0.059944
2015-02-18,0.053792
2015-02-19,0.078078
2015-02-20,0.065279
2015-02-23,0.026885
2015-02-24,-0.013088
2015-02-25,-0.067363
2015-02-26,-0.058560
2015-02-27,-0.067376
2015-03-02,0.010707
2015-03-03,0.032192
2015-03-04,0.044367
2015-03-05,0.048217
2015-03-06,0.146412
2015-03-09,0.104834
2015-03-10,0.050933
2015-03-11,0.008934
2015-03-12,0.031536
2015-03-13,0.037495
2015-03-16,0.021088
2015-03-17,-0.056461
2015-03-18,-0.087592
2015-03-19,-0.097781
2015-03-20,-0.110832
2015-03-23,-0.097550
2015-03-24,-0.138838
2015-03-25,-0.110770
2015-03-26,-0.016161
2015-03-27,-0.067497
2015-03-30,-0.027820
2015-03-31,-0.046038
2015-04-01,-0.109953
2015-04-02,-0.051467
2015-04-03,-0.078803
2015-04-06,-0.006656
2015-04-07,-0.057218
2015-04-08,-0.038216
2015-04-09,-0.000387
2015-04-10,-0.033785
2015-04-13,-0.013215
2015-04-14,-0.039871
2015-04-15,-0.015280
2015-04-16,-0.002475
2015-04-17,-0.063812
2015-04-20,-0.039104
2015-04-21,0.003414
2015-04-22,0.064171
2015-04-23,0.040701
2015-04-24,0.027220
2015-04-27,-0.001394
2015-04-28,0.063834
2015-04-29,0.151602
2015-04-30,0.136908
2015-05-01,0.195605
2015-05-04,0.263340
2015-05-05,0.261925
2015-05-06,0.328783
2015-05-07,0.238583
2015-05-08,0.265305
2015-05-11,0.368668
2015-05-12,0.396008
2015-05-13,0.457619
2015-05-14,0.431157
2015-05-15,0.323794
2015-05-18,0.401425
2015-05-19,0.398483
2015-05-20,0.417704
2015-05-21,0.329091
2015-05-22,0.321547
2015-05-26,0.221048
2015-05-27,0.206448
2015-05-28,0.235891
2015-05-29,0.238481
2015-06-01,0.289941
2015-06-02,0.377361
2015-06-03,0.486694
2015-06-04,0.405310
2015-06-05,0.455131
2015-06-08,0.464400
2015-06-09,0.497581
2015-06-10,0.561016
2015-06-11,0.435780
2015-06-12,0.413587
2015-06-15,0.406999
2015-06-16,0.376517
2015-06-17,0.422309
2015-06-18,0.469265
2015-06-19,0.375852
2015-06-22,0.481097
2015-06-23,0.525598
2015-06-24,0.493521
2015-06-25,0.499386
2015-06-26,0.603761
2015-06-29,0.459941
2015-06-30,0.479385
2015-07-01,0.562858
2015-07-02,0.569573
2015-07-06,0.460667
2015-07-07,0.407146
2015-07-08,0.365919
2015-07-09,0.480340
2015-07-10,0.554047
2015-07-13,0.581053
2015-07-14,0.558694
2015-07-15,0.488774
2015-07-16,0.443118
2015-07-17,0.414318
2015-07-20,0.404096
2015-07-21,0.384846
2015-07-22,0.332748
2015-07-23,0.264735
2015-07-24,0.281977
2015-07-27,0.269092
2015-07-28,0.299588
2015-07-29,0.327620
2015-07-30,0.273125
2015-07-31,0.239268
2015-08-03,0.174072
2015-08-04,0.176398
2015-08-05,0.206833
2015-08-06,0.180725
2015-08-07,0.084708
2015-08-10,0.164955
2015-08-11,0.108547
2015-08-12,0.136010
2015-08-13,0.159511
2015-08-14,0.151593
2015-08-17,0.122115
2015-08-18,0.183450
2015-08-19,0.139189
2015-08-20,0.079780
2015-08-21,0.100251
2015-08-24,0.107907
2015-08-25,0.216382
2015-08-26,0.333263
2015-08-27,0.308830
2015-08-28,0.261319
2015-08-31,0.253971
2015-09-01,0.231047
2015-09-02,0.254773
2015-09-03,0.231510
2015-09-04,0.170513
2015-09-08,0.221801
2015-09-09,0.213223
2015-09-10,0.264496
2015-09-11,0.243760
2015-09-14,0.236715
2015-09-15,0.319857
2015-09-16,0.346678
2015-09-17,0.323465
2015-09-18,0.252850
2015-09-21,0.324662
2015-09-22,0.267940
2015-09-23,0.277811
2015-09-24,0.246877
2015-09-25,0.281407
2015-09-28,0.190153
2015-09-29,0.163741
2015-09-30,0.191834
2015-10-01,0.168070
2015-10-02,0.162569
2015-10-05,0.228776
2015-10-06,0.200883
2015-10-07,0.215586
2015-10-08,0.260918
2015-10-09,0.228126
2015-10-13,0.193190
2015-10-14,0.158518
2015-10-15,0.177634
2015-10-16,0.166762
2015-10-19,0.187011
2015-10-20,0.215386
2015-10-21,0.167909
2015-10-22,0.160186
2015-10-23,0.202783
2015-10-26,0.165321
2015-10-27,0.163374
2015-10-28,0.148427
2015-10-29,0.226920
2015-10-30,0.171539
2015-11-02,0.187644
2015-11-03,0.219882
2015-11-04,0.174784
2015-11-05,0.199239
2015-11-06,0.238174
2015-11-09,0.255427
2015-11-10,0.256788
2015-11-12,0.261959
2015-11-13,0.255546
2015-11-16,0.258670
2015-11-17,0.218136
2015-11-18,0.218642
2015-11-19,0.189627
2015-11-20,0.199330
2015-11-23,0.174214
2015-11-24,0.165456
2015-11-25,0.146572
2015-11-27,0.149678
2015-11-30,0.119872
2015-12-01,0.066593
2015-12-02,0.067699
2015-12-03,0.224259
2015-12-04,0.153969
2015-12-07,0.083033
2015-12-08,0.100151
2015-12-09,0.104683
2015-12-10,0.108843
2015-12-11,0.045998
2015-12-14,0.112456
2015-12-15,0.142282
2015-12-16,0.136014
2015-12-17,0.040005
2015-12-18,0.020061
2015-12-21,0.034167
2015-12-22,0.071468
2015-12-23,0.109516
2015-12-24,0.067478
2015-12-28,0.046068
2015-12-29,0.110340
2015-12-30,0.125512
2015-12-31,0.100221
2016-01-04,0.066621
2016-01-05,0.087601
2016-01-06,0.039461
2016-01-07,0.043357
2016-01-08,0.032644
2016-01-11,0.096009
2016-01-12,0.028559
2016-01-13,-0.008083
2016-01-14,0.049231
2016-01-15,0.000755
2016-01-19,0.003540
2016-01-20,-0.024155
2016-01-21,0.000681
2016-01-22,0.018591
2016-01-25,-0.030501
2016-01-26,-0.026457
2016-01-27,-0.013745
2016-01-28,-0.014954
2016-01-29,-0.034322
2016-02-01,-0.034589
2016-02-02,-0.105653
2016-02-03,-0.059339
2016-02-04,-0.061235
2016-02-05,-0.101295
2016-02-08,-0.192937
2016-02-09,-0.213516
2016-02-10,-0.253264
2016-02-11,-0.320179
2016-02-12,-0.231129
2016-02-16,-0.202576
2016-02-17,-0.168189
2016-02-18,-0.213618
2016-02-19,-0.242864
2016-02-22,-0.236506
2016-02-23,-0.246221
2016-02-24,-0.238847
2016-02-25,-0.249267
2016-02-26,-0.244760
2016-02-29,-0.260568
2016-03-01,-0.196324
2016-03-02,-0.202091
2016-03-03,-0.221634
2016-03-04,-0.187772
2016-03-07,-0.192398
2016-03-08,-0.261006
2016-03-09,-0.203986
2016-03-10,-0.200918
2016-03-11,-0.169381
2016-03-14,-0.183133
2016-03-15,-0.203465
2016-03-16,-0.145181
2016-03-17,-0.171341
2016-03-18,-0.173269
2016-03-21,-0.140370
2016-03-22,-0.143416
2016-03-23,-0.197678
2016-03-24,-0.182702
2016-03-28,-0.207264
2016-03-29,-0.220840
2016-03-30,-0.153464
2016-03-31,-0.184640
2016-04-01,-0.206003
2016-04-04,-0.217644
2016-04-05,-0.266389
2016-04-06,-0.236345
2016-04-07,-0.279486
2016-04-08,-0.254148
2016-04-11,-0.244879
2016-04-12,-0.210928
2016-04-13,-0.251375
2016-04-14,-0.240959
2016-04-15,-0.257349
2016-04-18,-0.240265
2016-04-19,-0.239128
2016-04-20,-0.199364
2016-04-21,-0.185240
2016-04-22,-0.167449
2016-04-25,-0.153609
2016-04-26,-0.127508
2016-04-27,-0.204393
2016-04-28,-0.199810
2016-04-29,-0.200986
2016-05-02,-0.158005
2016-05-03,-0.210176
2016-05-04,-0.219279
2016-05-05,-0.244035
2016-05-06,-0.226880
2016-05-09,-0.228456
2016-05-10,-0.233746
2016-05-11,-0.270988
2016-05-12,-0.267164
2016-05-13,-0.324835
2016-05-16,-0.301422
2016-05-17,-0.328208
2016-05-18,-0.269162
2016-05-19,-0.276585
2016-05-20,-0.280453
2016-05-23,-0.298110
2016-05-24,-0.286261
2016-05-25,-0.278747
2016-05-26,-0.292800
2016-05-27,-0.306372
2016-05-31,-0.302063
2016-06-01,-0.317927
2016-06-02,-0.365907
2016-06-03,-0.395530
2016-06-06,-0.373448
2016-06-07,-0.380751
2016-06-08,-0.394821
2016-06-09,-0.422382
2016-06-10,-0.453849
2016-06-13,-0.445112
2016-06-14,-0.450983
2016-06-15,-0.434235
2016-06-16,-0.480751
2016-06-17,-0.429126
2016-06-20,-0.396936
2016-06-21,-0.368403
2016-06-22,-0.380271
2016-06-23,-0.341549
2016-06-24,-0.456249
2016-06-27,-0.564306
2016-06-28,-0.575177
2016-06-29,-0.549312
2016-06-30,-0.530414
2016-07-01,-0.577801
2016-07-05,-0.674893
2016-07-06,-0.681791
2016-07-07,-0.670809
2016-07-08,-0.723797
2016-07-11,-0.689602
2016-07-12,-0.596314
2016-07-13,-0.650597
2016-07-14,-0.583216
2016-07-15,-0.533148
2016-07-18,-0.526565
2016-07-19,-0.559544
2016-07-20,-0.540534
2016-07-21,-0.528862
2016-07-22,-0.541904
2016-07-25,-0.561470
2016-07-26,-0.580744
2016-07-27,-0.612440
2016-07-28,-0.609958
2016-07-29,-0.633426
2016-08-01,-0.580593
2016-08-02,-0.531384
2016-08-03,-0.525138
2016-08-04,-0.550010
2016-08-05,-0.526502
2016-08-08,-0.537483
2016-08-09,-0.580692
2016-08-10,-0.593297
2016-08-11,-0.568175
2016-08-12,-0.598962
2016-08-15,-0.558376
2016-08-16,-0.556237
2016-08-17,-0.570590
2016-08-18,-0.575648
2016-08-19,-0.558258
2016-08-22,-0.603492
2016-08-23,-0.601724
2016-08-24,-0.603449
2016-08-25,-0.595311
2016-08-26,-0.590282
2016-08-29,-0.636585
2016-08-30,-0.635057
2016-08-31,-0.634652
2016-09-01,-0.635381
2016-09-02,-0.583556
2016-09-06,-0.607062
2016-09-07,-0.628845
2016-09-08,-0.558277
2016-09-09,-0.506324
2016-09-12,-0.483893
2016-09-13,-0.424584
2016-09-14,-0.429687
2016-09-15,-0.376311
2016-09-16,-0.428235
2016-09-19,-0.422712
2016-09-20,-0.436605
2016-09-21,-0.476372
2016-09-22,-0.519080
2016-09-23,-0.508076
2016-09-26,-0.526840
2016-09-27,-0.567552
2016-09-28,-0.564637
2016-09-29,-0.568074
2016-09-30,-0.540252
2016-10-03,-0.538778
2016-10-04,-0.474613
2016-10-05,-0.449048
2016-10-06,-0.429945
2016-10-07,-0.439250
2016-10-11,-0.419723
2016-10-12,-0.400611
2016-10-13,-0.425274
2016-10-14,-0.348207
2016-10-17,-0.366373
2016-10-18,-0.373169
2016-10-19,-0.370386
2016-10-20,-0.385227
2016-10-21,-0.414268
2016-10-24,-0.385111
2016-10-25,-0.403760
2016-10-26,-0.369732
2016-10-27,-0.308009
2016-10-28,-0.275172
2016-10-31,-0.292252
2016-11-01,-0.278075
2016-11-02,-0.296497
2016-11-03,-0.264206
2016-11-04,-0.296412
2016-11-07,-0.264527
2016-11-08,-0.260831
2016-11-09,-0.039281
2016-11-10,0.021190
2016-11-14,0.044505
2016-11-15,0.029150
2016-11-16,0.014058
2016-11-17,0.090451
2016-11-18,0.119458
2016-11-21,0.102205
2016-11-22,0.106546
2016-11-23,0.097818
2016-11-25,0.100890
2016-11-28,0.063344
2016-11-29,0.049722
2016-11-30,0.124340
2016-12-01,0.211168
2016-12-02,0.190445
2016-12-05,0.156741
2016-12-06,0.173993
2016-12-07,0.142173
2016-12-08,0.224721
2016-12-09,0.283981
2016-12-12,0.291283
2016-12-13,0.262395
2016-12-14,0.234575
2016-12-15,0.261633
2016-12-16,0.290011
2016-12-19,0.236810
2016-12-20,0.274706
2016-12-21,0.248650
2016-12-22,0.252061
2016-12-23,0.242159
2016-12-27,0.247656
2016-12-28,0.210256
2016-12-29,0.220326
2016-12-30,0.175844
2017-01-03,0.151382
2017-01-04,0.164177
2017-01-05,0.096458
2017-01-06,0.097789
2017-01-09,0.064365
2017-01-10,0.075727
2017-01-11,0.054385
2017-01-12,0.056657
2017-01-13,0.068754
2017-01-17,0.035928
2017-01-18,0.082632
2017-01-19,0.139029
2017-01-20,0.169158
2017-01-23,0.134758
2017-01-24,0.172511
2017-01-25,0.222386
2017-01-26,0.233685
2017-01-27,0.198277
2017-01-30,0.207512
2017-01-31,0.168339
2017-02-01,0.181592
2017-02-02,0.189934
2017-02-03,0.207673
2017-02-06,0.160746
2017-02-07,0.120217
2017-02-08,0.067796
2017-02-09,0.126914
2017-02-10,0.131182
2017-02-13,0.140804
2017-02-14,0.146160
2017-02-15,0.162612
2017-02-16,0.143278
2017-02-17,0.120306
2017-02-21,0.119563
2017-02-22,0.110692
2017-02-23,0.085087
2017-02-24,0.037803
2017-02-27,0.053319
2017-02-28,0.006275
2017-03-01,0.056932
2017-03-02,0.055561
2017-03-03,0.063873
2017-03-06,0.069393
2017-03-07,0.054761
2017-03-08,0.085726
2017-03-09,0.131991
2017-03-10,0.121141
2017-03-13,0.132743
2017-03-14,0.104171
2017-03-15,0.059791
2017-03-16,0.088061
2017-03-17,0.068667
2017-03-20,0.043310
2017-03-21,0.013481
2017-03-22,-0.002999
2017-03-23,0.007192
2017-03-24,-0.015365
2017-03-27,-0.042251
2017-03-28,-0.029590
2017-03-29,-0.050210
2017-03-30,-0.006112
2017-03-31,-0.013029
2017-04-03,-0.043704
2017-04-04,-0.025643
2017-04-05,-0.027015
2017-04-06,-0.028298
2017-04-07,-0.044039
2017-04-10,-0.056009
2017-04-11,-0.081546
2017-04-12,-0.102919
2017-04-13,-0.129383
2017-04-17,-0.102887
2017-04-18,-0.166566
2017-04-19,-0.138095
2017-04-20,-0.121559
2017-04-21,-0.120346
2017-04-24,-0.094725
2017-04-25,-0.046794
2017-04-26,-0.064656
2017-04-27,-0.068453
2017-04-28,-0.098946
2017-05-01,-0.052526
2017-05-02,-0.076697
2017-05-03,-0.071035
2017-05-04,-0.044861
2017-05-05,-0.055600
2017-05-08,-0.014984
2017-05-09,-0.014819
2017-05-10,-0.003913
2017-05-11,-0.019357
2017-05-12,-0.042535
2017-05-15,-0.032026
2017-05-16,-0.047459
2017-05-17,-0.127390
2017-05-18,-0.138915
2017-05-19,-0.145578
2017-05-22,-0.143977
2017-05-23,-0.129269
2017-05-24,-0.133992
2017-05-25,-0.153797
2017-05-26,-0.166000
2017-05-30,-0.195140
2017-05-31,-0.216917
2017-06-01,-0.212810
2017-06-02,-0.266973
2017-06-05,-0.238284
2017-06-06,-0.275754
2017-06-07,-0.268917
2017-06-08,-0.263092
2017-06-09,-0.258456
2017-06-12,-0.244243
2017-06-13,-0.264962
2017-06-14,-0.334079
2017-06-15,-0.329542
2017-06-16,-0.334611
2017-06-19,-0.330652
2017-06-20,-0.364376
2017-06-21,-0.361128
2017-06-22,-0.363288
2017-06-23,-0.355996
2017-06-26,-0.365152
2017-06-27,-0.305655
2017-06-28,-0.254380
2017-06-29,-0.198853
2017-06-30,-0.180623
2017-07-03,-0.151709
2017-07-05,-0.180542
2017-07-06,-0.120184
2017-07-07,-0.096671
2017-07-10,-0.098537
2017-07-11,-0.105532
2017-07-12,-0.126135
2017-07-13,-0.109140
2017-07-14,-0.113454
2017-07-17,-0.128865
2017-07-18,-0.176385
2017-07-19,-0.167431
2017-07-20,-0.172576
2017-07-21,-0.199861
2017-07-24,-0.197244
2017-07-25,-0.136383
2017-07-26,-0.134679
2017-07-27,-0.105902
2017-07-28,-0.128266
2017-07-31,-0.137358
2017-08-01,-0.174350
2017-08-02,-0.181923
2017-08-03,-0.205814
2017-08-04,-0.175586
2017-08-07,-0.188106
2017-08-08,-0.161591
2017-08-09,-0.201720
2017-08-10,-0.240249
2017-08-11,-0.226889
2017-08-14,-0.201142
2017-08-15,-0.172644
2017-08-16,-0.199410
2017-08-17,-0.241682
2017-08-18,-0.239707
2017-08-21,-0.254635
2017-08-22,-0.227086
2017-08-23,-0.265674
2017-08-24,-0.255197
2017-08-25,-0.285530
2017-08-28,-0.279869
2017-08-29,-0.308938
2017-08-30,-0.308553
2017-08-31,-0.339302
2017-09-01,-0.297032
2017-09-05,-0.365621
2017-09-06,-0.344271
2017-09-07,-0.391451
2017-09-08,-0.382639
2017-09-11,-0.324712
2017-09-12,-0.300500
2017-09-13,-0.276491
2017-09-14,-0.304374
2017-09-15,-0.311894
2017-09-18,-0.283037
2017-09-19,-0.276583
2017-09-20,-0.267258
2017-09-21,-0.283080
2017-09-22,-0.287007
2017-09-25,-0.330161
2017-09-26,-0.318070
2017-09-27,-0.240030
2017-09-28,-0.214480
2017-09-29,-0.223452
2017-10-02,-0.224977
2017-10-03,-0.226918
2017-10-04,-0.226418
2017-10-05,-0.216317
2017-10-06,-0.214907
2017-10-10,-0.232121
2017-10-11,-0.244006
2017-10-12,-0.269691
2017-10-13,-0.318375
2017-10-16,-0.335195
2017-10-17,-0.346816
2017-10-18,-0.303819
2017-10-19,-0.316721
2017-10-20,-0.261818
2017-10-23,-0.257940
2017-10-24,-0.222223
2017-10-25,-0.190237
2017-10-26,-0.184491
2017-10-27,-0.215233
2017-10-30,-0.259289
2017-10-31,-0.273852
2017-11-01,-0.299773
2017-11-02,-0.316998
2017-11-03,-0.347906
2017-11-06,-0.370239
2017-11-07,-0.392775
2017-11-08,-0.381873
2017-11-09,-0.348165
2017-11-10,-0.277683
2017-11-13,-0.308211
2017-11-14,-0.332014
2017-11-15,-0.398070
2017-11-16,-0.370675
2017-11-17,-0.399737
2017-11-20,-0.401224
2017-11-21,-0.433174
2017-11-22,-0.432708
2017-11-24,-0.423316
2017-11-27,-0.434353
2017-11-28,-0.430893
2017-11-29,-0.386625
2017-11-30,-0.366240
2017-12-01,-0.447962
2017-12-04,-0.464038
2017-12-05,-0.508793
2017-12-06,-0.524738
2017-12-07,-0.466579
2017-12-08,-0.450591
2017-12-11,-0.471227
2017-12-12,-0.453074
2017-12-13,-0.461208
2017-12-14,-0.506261
2017-12-15,-0.538671
2017-12-18,-0.469813
2017-12-19,-0.390962
2017-12-20,-0.349191
2017-12-21,-0.382967
2017-12-22,-0.397847
2017-12-26,-0.431365
2017-12-27,-0.486498
2017-12-28,-0.467506
2017-12-29,-0.484719
2018-01-02,-0.440068
2018-01-03,-0.471341
2018-01-04,-0.491820
2018-01-05,-0.473679
2018-01-08,-0.462488
2018-01-09,-0.381421
2018-01-10,-0.372570
2018-01-11,-0.393852
2018-01-12,-0.407552
2018-01-16,-0.440768
2018-01-17,-0.434692
2018-01-18,-0.368311
2018-01-19,-0.368688
2018-01-22,-0.355766
2018-01-23,-0.377313
2018-01-24,-0.361279
2018-01-25,-0.404905
2018-01-26,-0.401942
2018-01-29,-0.358637
2018-01-30,-0.316362
2018-01-31,-0.354414
2018-02-01,-0.283585
2018-02-02,-0.187618
2018-02-05,-0.208732
2018-02-06,-0.224175
2018-02-07,-0.163598
2018-02-08,-0.127954
2018-02-09,-0.081131
2018-02-12,-0.101504
2018-02-13,-0.142908
2018-02-14,-0.111307
2018-02-15,-0.141079
2018-02-16,-0.168023
2018-02-20,-0.179339
2018-02-21,-0.122510
2018-02-22,-0.132225
2018-02-23,-0.181713
2018-02-26,-0.181491
2018-02-27,-0.180097
2018-02-28,-0.215484
2018-03-01,-0.249883
2018-03-02,-0.206698
2018-03-05,-0.180915
2018-03-06,-0.195743
2018-03-07,-0.196059
2018-03-08,-0.226328
2018-03-09,-0.203219
2018-03-12,-0.234855
2018-03-13,-0.260332
2018-03-14,-0.298224
2018-03-15,-0.314637
2018-03-16,-0.298213
2018-03-19,-0.298274
2018-03-20,-0.286758
2018-03-21,-0.253707
2018-03-22,-0.327654
2018-03-23,-0.308421
2018-03-26,-0.308911
2018-03-27,-0.355996
2018-03-28,-0.379687
2018-03-29,-0.419762
2018-04-02,-0.397874
2018-04-03,-0.378650
2018-04-04,-0.379798
2018-04-05,-0.347237
2018-04-06,-0.397012
2018-04-09,-0.402611
2018-04-10,-0.404296
2018-04-11,-0.429123
2018-04-12,-0.394894
2018-04-13,-0.422229
2018-04-16,-0.426529
2018-04-17,-0.456771
2018-04-18,-0.396207
2018-04-19,-0.355861
2018-04-20,-0.326287
2018-04-23,-0.325912
2018-04-24,-0.287286
2018-04-25,-0.241602
2018-04-26,-0.282822
2018-04-27,-0.330768
2018-04-30,-0.353277
2018-05-01,-0.336112
2018-05-02,-0.327201
2018-05-03,-0.342047
2018-05-04,-0.281651
2018-05-07,-0.269300
2018-05-08,-0.258220
2018-05-09,-0.237689
2018-05-10,-0.278101
2018-05-11,-0.301724
2018-05-14,-0.282629
2018-05-15,-0.224246
2018-05-16,-0.234043
2018-05-17,-0.201783
2018-05-18,-0.221164
2018-05-21,-0.222469
2018-05-22,-0.220411
2018-05-23,-0.235766
2018-05-24,-0.305372
2018-05-25,-0.342270
2018-05-29,-0.392962
2018-05-30,-0.405871
2018-05-31,-0.426542
2018-06-01,-0.400734
2018-06-04,-0.377706
2018-06-05,-0.385436
2018-06-06,-0.336641
2018-06-07,-0.376728
2018-06-08,-0.371331
2018-06-11,-0.363477
2018-06-12,-0.297163
2018-06-13,-0.305320
2018-06-14,-0.346653
2018-06-15,-0.351461
2018-06-18,-0.340838
2018-06-19,-0.358039
2018-06-20,-0.326611
2018-06-21,-0.349730
2018-06-22,-0.347835
2018-06-25,-0.362057
2018-06-26,-0.345708
2018-06-27,-0.395501
2018-06-28,-0.397386
2018-06-29,-0.392989
2018-07-02,-0.406061
2018-07-03,-0.435420
2018-07-05,-0.454101
2018-07-06,-0.445514
2018-07-09,-0.437062
2018-07-10,-0.441094
2018-07-11,-0.445874
2018-07-12,-0.445600
2018-07-13,-0.461656
2018-07-16,-0.441280
2018-07-17,-0.440659
2018-07-18,-0.441164
2018-07-19,-0.454344
2018-07-20,-0.382227
2018-07-23,-0.324923
2018-07-24,-0.354056
2018-07-25,-0.363207
2018-07-26,-0.346281
2018-07-27,-0.375846
2018-07-30,-0.347490
2018-07-31,-0.382204
2018-08-01,-0.333140
2018-08-02,-0.330893
2018-08-03,-0.342371
2018-08-06,-0.358580
2018-08-07,-0.341981
2018-08-08,-0.346013
2018-08-09,-0.373730
2018-08-10,-0.414500
2018-08-13,-0.411286
2018-08-14,-0.400687
2018-08-15,-0.421486
2018-08-16,-0.425024
2018-08-17,-0.438972
2018-08-20,-0.462089
2018-08-21,-0.457164
2018-08-22,-0.472834
2018-08-23,-0.496637
2018-08-24,-0.502330
2018-08-27,-0.480166
2018-08-28,-0.448160
2018-08-29,-0.479518
2018-08-30,-0.491174
2018-08-31,-0.465862
2018-09-04,-0.425216
2018-09-05,-0.420600
2018-09-06,-0.431323
2018-09-07,-0.413549
2018-09-10,-0.432756
2018-09-11,-0.399870
2018-09-12,-0.425933
2018-09-13,-0.427436
2018-09-14,-0.417371
2018-09-17,-0.411063
2018-09-18,-0.350096
2018-09-19,-0.329303
2018-09-20,-0.349767
2018-09-21,-0.356311
2018-09-24,-0.345307
2018-09-25,-0.339205
2018-09-26,-0.366878
2018-09-27,-0.373800
2018-09-28,-0.357997
2018-10-01,-0.313182
2018-10-02,-0.352704
2018-10-03,-0.265495
2018-10-04,-0.216554
2018-10-05,-0.169298
2018-10-09,-0.210848
2018-10-10,-0.175879
2018-10-11,-0.261500
2018-10-12,-0.249122
2018-10-15,-0.242690
2018-10-16,-0.265142
2018-10-17,-0.236322
2018-10-18,-0.235691
2018-10-19,-0.223353
2018-10-22,-0.227586
2018-10-23,-0.236668
2018-10-24,-0.271931
2018-10-25,-0.260669
2018-10-26,-0.278917
2018-10-29,-0.284639
2018-10-30,-0.254247
2018-10-31,-0.231104
2018-11-01,-0.226030
2018-11-02,-0.181858
2018-11-05,-0.208917
2018-11-06,-0.199298
2018-11-07,-0.212322
2018-11-08,-0.215764
2018-11-09,-0.230900
2018-11-13,-0.258269
2018-11-14,-0.261042
2018-11-15,-0.254701
2018-11-16,-0.261096
2018-11-19,-0.248358
2018-11-20,-0.265744
2018-11-21,-0.268924
2018-11-23,-0.261613
2018-11-26,-0.290297
2018-11-27,-0.295232
2018-11-28,-0.367097
2018-11-29,-0.331975
2018-11-30,-0.387874
2018-12-03,-0.397553
2018-12-04,-0.489035
2018-12-06,-0.505123
2018-12-07,-0.518432
2018-12-10,-0.537292
2018-12-11,-0.514578
2018-12-12,-0.507593
2018-12-13,-0.537967
2018-12-14,-0.548256
2018-12-17,-0.552781
2018-12-18,-0.548965
2018-12-19,-0.615779
2018-12-20,-0.619751
2018-12-21,-0.575192
2018-12-24,-0.571711
2018-12-26,-0.531969
2018-12-27,-0.521811
2018-12-28,-0.539283
2018-12-31,-0.544256
2019-01-02,-0.606114
2019-01-03,-0.620356
2019-01-04,-0.602597
2019-01-07,-0.602768
2019-01-08,-0.621976
2019-01-09,-0.577429
2019-01-10,-0.574447
2019-01-11,-0.586187
2019-01-14,-0.573945
2019-01-15,-0.558098
2019-01-16,-0.567520
2019-01-17,-0.565308
2019-01-18,-0.571280
2019-01-22,-0.592071
2019-01-23,-0.583619
2019-01-24,-0.602986
2019-01-25,-0.590710
2019-01-28,-0.594197
2019-01-29,-0.614135
2019-01-30,-0.557659
2019-01-31,-0.603766
2019-02-01,-0.588047
2019-02-04,-0.561485
2019-02-05,-0.577839
2019-02-06,-0.581298
2019-02-07,-0.602973
2019-02-08,-0.605541
2019-02-11,-0.600092
2019-02-12,-0.584441
2019-02-13,-0.593887
2019-02-14,-0.614534
2019-02-15,-0.636162
2019-02-19,-0.627260
2019-02-20,-0.630071
2019-02-21,-0.606987
2019-02-22,-0.598075
2019-02-25,-0.594576
2019-02-26,-0.611440
2019-02-27,-0.555200
2019-02-28,-0.531531
2019-03-01,-0.528909
2019-03-04,-0.563216
2019-03-05,-0.577252
2019-03-06,-0.587102
2019-03-07,-0.601002
2019-03-08,-0.616981
2019-03-11,-0.612077
2019-03-12,-0.628423
2019-03-13,-0.622204
2019-03-14,-0.600184
2019-03-15,-0.628291
2019-03-18,-0.628994
2019-03-19,-0.624434
2019-03-20,-0.638343
2019-03-21,-0.651979
2019-03-22,-0.684080
2019-03-25,-0.656641
2019-03-26,-0.660965
2019-03-27,-0.688476
2019-03-28,-0.705858
2019-03-29,-0.723329
2019-04-01,-0.659195
2019-04-02,-0.659100
2019-04-03,-0.623223
2019-04-04,-0.637678
2019-04-05,-0.657390
2019-04-08,-0.643456
2019-04-09,-0.653275
2019-04-10,-0.664060
2019-04-11,-0.656551
2019-04-12,-0.628810
2019-04-15,-0.641282
2019-04-16,-0.603707
2019-04-17,-0.585511
2019-04-18,-0.605740
2019-04-22,-0.569064
2019-04-23,-0.566201
2019-04-24,-0.593339
2019-04-25,-0.592560
2019-04-26,-0.593707
2019-04-29,-0.561082
2019-04-30,-0.571178
2019-05-01,-0.603763
2019-05-02,-0.587349
2019-05-03,-0.604669
2019-05-06,-0.615120
2019-05-07,-0.658799
2019-05-08,-0.628079
2019-05-09,-0.648470
2019-05-10,-0.630182
2019-05-13,-0.650726
2019-05-14,-0.634325
2019-05-15,-0.659486
2019-05-16,-0.644639
2019-05-17,-0.658243
2019-05-20,-0.647587
2019-05-21,-0.652853
2019-05-22,-0.674907
2019-05-23,-0.717967
2019-05-24,-0.720977
2019-05-28,-0.767008
2019-05-29,-0.774812
2019-05-30,-0.803046
2019-05-31,-0.829675
2019-06-03,-0.840816
2019-06-04,-0.782931
2019-06-05,-0.752314
2019-06-06,-0.765948
2019-06-07,-0.799822
2019-06-10,-0.756095
2019-06-11,-0.764698
2019-06-12,-0.764242
2019-06-13,-0.765755
2019-06-14,-0.787666
2019-06-17,-0.804099
2019-06-18,-0.838319
2019-06-19,-0.808863
2019-06-20,-0.812215
2019-06-21,-0.771146
2019-06-24,-0.797639
2019-06-25,-0.817844
2019-06-26,-0.793055
2019-06-27,-0.821807
2019-06-28,-0.826542
2019-07-01,-0.807615
2019-07-02,-0.852783
2019-07-03,-0.892736
2019-07-05,-0.865229
2019-07-08,-0.882855
2019-07-09,-0.878700
2019-07-10,-0.804268
2019-07-11,-0.755737
2019-07-12,-0.754264
2019-07-15,-0.775193
2019-07-16,-0.765877
2019-07-17,-0.820799
2019-07-18,-0.804362
2019-07-19,-0.813280
2019-07-22,-0.807756
2019-07-23,-0.793454
2019-07-24,-0.830101
2019-07-25,-0.827338
2019-07-26,-0.843435
2019-07-29,-0.852413
2019-07-30,-0.857605
2019-07-31,-0.935760
2019-08-01,-0.974381
2019-08-02,-1.017775
2019-08-05,-1.072154
2019-08-06,-1.089990
2019-08-07,-1.099639
2019-08-08,-1.107732
2019-08-09,-1.097263
2019-08-12,-1.185287
2019-08-13,-1.219540
2019-08-14,-1.302387
2019-08-15,-1.310057
2019-08-16,-1.264438
2019-08-19,-1.220656
2019-08-20,-1.248888
2019-08-21,-1.239266
2019-08-22,-1.217230
2019-08-23,-1.271672
2019-08-26,-1.263848
2019-08-27,-1.320815
2019-08-28,-1.331128
2019-08-29,-1.306907
2019-08-30,-1.296345
2019-09-03,-1.288729
2019-09-04,-1.261749
2019-09-05,-1.214476
2019-09-06,-1.233599
2019-09-09,-1.168347
2019-09-10,-1.138897
2019-09-11,-1.111561
2019-09-12,-1.094831
2019-09-13,-1.029154
2019-09-16,-1.063795
2019-09-17,-1.077669
2019-09-18,-1.115156
2019-09-19,-1.120620
2019-09-20,-1.149475
2019-09-23,-1.156287
2019-09-24,-1.205980
2019-09-25,-1.147269
2019-09-26,-1.175935
2019-09-27,-1.168684
2019-09-30,-1.163362
2019-10-01,-1.143620
2019-10-02,-1.139669
2019-10-03,-1.138568
2019-10-04,-1.176491
2019-10-07,-1.172497
2019-10-08,-1.163350
2019-10-09,-1.139121
2019-10-10,-1.099278
2019-10-11,-1.063576
2019-10-15,-1.059491
2019-10-16,-1.038981
2019-10-17,-1.040904
2019-10-18,-1.019182
2019-10-21,-1.004235
2019-10-22,-1.028600
2019-10-23,-1.030862
2019-10-24,-1.023646
2019-10-25,-1.028240
2019-10-28,-0.979547
2019-10-29,-0.990782
2019-10-30,-1.036636
2019-10-31,-1.055850
2019-11-01,-1.061349
2019-11-04,-1.011409
2019-11-05,-0.943115
2019-11-06,-0.980182
2019-11-07,-0.888935
2019-11-08,-0.857817
2019-11-12,-0.879247
2019-11-13,-0.904184
2019-11-14,-0.926247
2019-11-15,-0.941041
2019-11-18,-0.952132
2019-11-19,-0.992397
2019-11-20,-1.029418
2019-11-21,-1.013743
2019-11-22,-1.033047
2019-11-25,-1.039497
2019-11-26,-1.050082
2019-11-27,-1.047428
2019-11-29,-1.013533
2019-12-02,-0.923668
2019-12-03,-1.015400
2019-12-04,-1.002568
2019-12-05,-0.974962
2019-12-06,-0.956263
2019-12-09,-0.973805
2019-12-10,-0.986409
2019-12-11,-1.018692
2019-12-12,-0.923186
2019-12-13,-0.974392
2019-12-16,-0.919387
2019-12-17,-0.911133
2019-12-18,-0.861730
2019-12-19,-0.847661
2019-12-20,-0.847311
2019-12-23,-0.867283
2019-12-24,-0.855392
2019-12-26,-0.864787
2019-12-27,-0.854879
2019-12-30,-0.821390
2019-12-31,-0.790856
2020-01-02,-0.839393
2020-01-03,-0.906569
2020-01-06,-0.903384
2020-01-07,-0.882066
2020-01-08,-0.851400
2020-01-09,-0.868844
2020-01-10,-0.904816
2020-01-13,-0.890615
2020-01-14,-0.922396
2020-01-15,-0.949483
2020-01-16,-0.927242
2020-01-17,-0.884493
2020-01-21,-0.924463
2020-01-22,-0.941715
2020-01-23,-0.978039
2020-01-24,-1.010362
2020-01-27,-1.082205
2020-01-28,-1.053199
2020-01-29,-1.092377
2020-01-30,-1.106372
2020-01-31,-1.125929
2020-02-03,-1.131628
2020-02-04,-1.076188
2020-02-05,-1.030800
2020-02-06,-1.058727
2020-02-07,-1.093744
2020-02-10,-1.101674
2020-02-11,-1.090763
2020-02-12,-1.055901
2020-02-13,-1.073738
2020-02-14,-1.089783
2020-02-18,-1.121149
2020-02-19,-1.122531
2020-02-20,-1.160933
2020-02-21,-1.201910
2020-02-24,-1.236311
2020-02-25,-1.262529
2020-02-26,-1.254487
2020-02-27,-1.246580
2020-02-28,-1.289770
2020-03-02,-1.287375
2020-03-03,-1.262163
2020-03-04,-1.208072
2020-03-05,-1.278165
2020-03-06,-1.457154
2020-03-09,-1.664576
2020-03-10,-1.430144
2020-03-11,-1.513654
2020-03-12,-1.320935
2020-03-13,-1.269882
2020-03-16,-1.448272
2020-03-17,-1.034069
2020-03-18,-0.915152
2020-03-19,-0.871508
2020-03-20,-1.041079
2020-03-23,-1.210834
2020-03-24,-1.220228
2020-03-25,-1.149601
2020-03-26,-1.147379
2020-03-27,-1.235562
2020-03-30,-1.249337
2020-03-31,-1.205177
2020-04-01,-1.341151
2020-04-02,-1.339584
2020-04-03,-1.330108
2020-04-06,-1.298874
2020-04-07,-1.236776
2020-04-08,-1.163499
2020-04-09,-1.184788
2020-04-13,-1.147532
2020-04-14,-1.132363
2020-04-15,-1.270402
2020-04-16,-1.318298
2020-04-17,-1.260422
2020-04-20,-1.303199
2020-04-21,-1.376608
2020-04-22,-1.320063
2020-04-23,-1.359088
2020-04-24,-1.358174
2020-04-27,-1.290976
2020-04-28,-1.347086
2020-04-29,-1.333439
2020-04-30,-1.298808
2020-05-01,-1.323239
2020-05-04,-1.310038
2020-05-05,-1.292764
2020-05-06,-1.191680
2020-05-07,-1.285728
2020-05-08,-1.216032
2020-05-11,-1.185726
2020-05-12,-1.229811
2020-05-13,-1.276595
2020-05-14,-1.299603
2020-05-15,-1.259945
2020-05-18,-1.175268
2020-05-19,-1.185347
2020-05-20,-1.218429
2020-05-21,-1.235320
2020-05-22,-1.273855
2020-05-26,-1.211027
2020-05-27,-1.242330
2020-05-28,-1.207949
2020-05-29,-1.255131
2020-06-01,-1.237174
2020-06-02,-1.222856
2020-06-03,-1.137410
2020-06-04,-1.060178
2020-06-05,-0.973335
2020-06-08,-1.001793
2020-06-09,-1.046602
2020-06-10,-1.119291
2020-06-11,-1.263370
2020-06-12,-1.200236
2020-06-15,-1.197123
2020-06-16,-1.134368
2020-06-17,-1.159343
2020-06-18,-1.214159
2020-06-19,-1.216365
2020-06-22,-1.206663
2020-06-23,-1.190641
2020-06-24,-1.232931
2020-06-25,-1.237917
2020-06-26,-1.274831
2020-06-29,-1.268420
2020-06-30,-1.232609
2020-07-01,-1.215276
2020-07-02,-1.219743
2020-07-06,-1.204097
2020-07-07,-1.266199
2020-07-08,-1.247202
2020-07-09,-1.316754
2020-07-10,-1.277949
2020-07-13,-1.287879
2020-07-14,-1.308946
2020-07-15,-1.282695
2020-07-16,-1.300638
2020-07-17,-1.281353
2020-07-20,-1.304189
2020-07-21,-1.316549
2020-07-22,-1.331250
2020-07-23,-1.359878
2020-07-24,-1.349262
2020-07-27,-1.325715
2020-07-28,-1.360021
2020-07-29,-1.343051
2020-07-30,-1.385201
2020-07-31,-1.376835
2020-08-03,-1.352333
2020-08-04,-1.411347
2020-08-05,-1.374410
2020-08-06,-1.387795
2020-08-07,-1.356966
2020-08-10,-1.337639
2020-08-11,-1.278679
2020-08-12,-1.227398
2020-08-13,-1.196266
2020-08-14,-1.180056
2020-08-17,-1.211290
2020-08-18,-1.228778
2020-08-19,-1.207013
2020-08-20,-1.255261
2020-08-21,-1.276416
2020-08-24,-1.265650
2020-08-25,-1.213447
2020-08-26,-1.199307
2020-08-27,-1.119394
2020-08-28,-1.086789
2020-08-31,-1.115399
2020-09-01,-1.176882
2020-09-02,-1.219423
2020-09-03,-1.259473
2020-09-04,-1.158362
2020-09-08,-1.186839
2020-09-09,-1.167396
2020-09-10,-1.193045
2020-09-11,-1.197492
2020-09-14,-1.200853
2020-09-15,-1.202965
2020-09-16,-1.185439
2020-09-17,-1.186224
2020-09-18,-1.169563
2020-09-21,-1.198491
2020-09-22,-1.197195
2020-09-23,-1.201407
2020-09-24,-1.218745
2020-09-25,-1.222058
2020-09-28,-1.214095
2020-09-29,-1.220875
2020-09-30,-1.181909
2020-10-01,-1.195233
2020-10-02,-1.169347
2020-10-05,-1.074043
2020-10-06,-1.096620
2020-10-07,-1.051156
2020-10-08,-1.070004
2020-10-09,-1.071292
2020-10-13,-1.118140
2020-10-14,-1.133025
2020-10-15,-1.118479
2020-10-16,-1.108301
2020-10-19,-1.081305
2020-10-20,-1.029701
2020-10-21,-1.002995
2020-10-22,-0.953090
2020-10-23,-0.979704
2020-10-26,-1.024436
2020-10-27,-1.052489
2020-10-28,-1.051995
2020-10-29,-0.974597
2020-10-30,-0.919932
2020-11-02,-0.944558
2020-11-03,-0.910291
2020-11-04,-1.054452
2020-11-05,-1.061354
2020-11-06,-1.003310
2020-11-09,-0.856390
2020-11-10,-0.829538
2020-11-12,-0.961369
2020-11-13,-0.943340
2020-11-16,-0.922171
2020-11-17,-0.973301
2020-11-18,-0.958083
2020-11-19,-0.990790
2020-11-20,-1.021333
2020-11-23,-0.986381
2020-11-24,-0.945188
2020-11-25,-0.935552
2020-11-27,-0.989903
2020-11-30,-0.972555
2020-12-01,-0.881323
2020-12-02,-0.833390
2020-12-03,-0.868532
2020-12-04,-0.794158
2020-12-07,-0.835103
2020-12-08,-0.867432
2020-12-09,-0.843340
2020-12-10,-0.871724
2020-12-11,-0.873232
2020-12-14,-0.865223
2020-12-15,-0.839232
2020-12-16,-0.833924
2020-12-17,-0.820017
2020-12-18,-0.796787
2020-12-21,-0.799008
2020-12-22,-0.826919
2020-12-23,-0.770643
2020-12-24,-0.808784
2020-12-28,-0.806590
2020-12-29,-0.798946
2020-12-30,-0.808202
2020-12-31,-0.817374
2021-01-04,-0.810557
2021-01-05,-0.772818
2021-01-06,-0.668129
2021-01-07,-0.612897
2021-01-08,-0.562992
2021-01-11,-0.534210
2021-01-12,-0.533258
2021-01-13,-0.601224
2021-01-14,-0.521731
2021-01-15,-0.565234
2021-01-19,-0.562020
2021-01-20,-0.567738
2021-01-21,-0.525602
2021-01-22,-0.555951
2021-01-25,-0.624760
2021-01-26,-0.624976
2021-01-27,-0.648699
2021-01-28,-0.610272
2021-01-29,-0.536631
2021-02-01,-0.555125
2021-02-02,-0.521419
2021-02-03,-0.482107
2021-02-04,-0.468930
2021-02-05,-0.410311
2021-02-08,-0.429603
2021-02-09,-0.440469
2021-02-10,-0.475263
2021-02-11,-0.456924
2021-02-12,-0.383290
2021-02-16,-0.273943
2021-02-17,-0.262625
2021-02-18,-0.259887
2021-02-19,-0.178293
2021-02-22,-0.146132
2021-02-23,-0.135692
2021-02-24,-0.125806
2021-02-25,-0.002961
2021-02-26,-0.115409
2021-03-01,-0.059718
2021-03-02,-0.090093
2021-03-03,-0.036674
2021-03-04,0.064011
2021-03-05,0.064036
2021-03-08,0.071570
2021-03-09,0.005284
2021-03-10,-0.011481
2021-03-11,0.023986
2021-03-12,0.165370
2021-03-15,0.135871
2021-03-16,0.150196
2021-03-17,0.211989
2021-03-18,0.298608
2021-03-19,0.322600
2021-03-22,0.249722
2021-03-23,0.183196
2021-03-24,0.159530
2021-03-25,0.191967
2021-03-26,0.237173
2021-03-29,0.296743
2021-03-30,0.283413
2021-03-31,0.289384
2021-04-01,0.199441
2021-04-02,0.186732
2021-04-05,0.230370
2021-04-06,0.189800
2021-04-07,0.215656
2021-04-08,0.160419
2021-04-09,0.176722
2021-04-12,0.174101
2021-04-13,0.135724
2021-04-14,0.142032
2021-04-15,0.038584
2021-04-16,0.068561
2021-04-19,0.114495
2021-04-20,0.079083
2021-04-21,0.069836
2021-04-22,0.055742
2021-04-23,0.061500
2021-04-26,0.042181
2021-04-27,0.105732
2021-04-28,0.120638
2021-04-29,0.155874
2021-04-30,0.156482
2021-05-03,0.140165
2021-05-04,0.113683
2021-05-05,0.096655
2021-05-06,0.083472
2021-05-07,0.144616
2021-05-10,0.173615
2021-05-11,0.188517
2021-05-12,0.255632
2021-05-13,0.228175
2021-05-14,0.190559
2021-05-17,0.192229
2021-05-18,0.199871
2021-05-19,0.230634
2021-05-20,0.185098
2021-05-21,0.168141
2021-05-24,0.150053
2021-05-25,0.093695
2021-05-26,0.115788
2021-05-27,0.159435
2021-05-28,0.127202
2021-06-01,0.173592
2021-06-02,0.144665
2021-06-03,0.155990
2021-06-04,0.075844
2021-06-07,0.076489
2021-06-08,0.033501
2021-06-09,-0.014240
2021-06-10,-0.064335
2021-06-11,-0.068982
2021-06-14,-0.033668
2021-06-15,-0.029301
2021-06-16,-0.018751
2021-06-17,-0.149111
2021-06-18,-0.302920
2021-06-21,-0.215624
2021-06-22,-0.205204
2021-06-23,-0.204858
2021-06-24,-0.218893
2021-06-25,-0.156490
2021-06-28,-0.230945
2021-06-29,-0.229600
2021-06-30,-0.276131
2021-07-01,-0.264614
2021-07-02,-0.295923
2021-07-06,-0.362299
2021-07-07,-0.429279
2021-07-08,-0.424910
2021-07-09,-0.358789
2021-07-12,-0.358503
2021-07-13,-0.336871
2021-07-14,-0.394412
2021-07-15,-0.485649
2021-07-16,-0.476093
2021-07-19,-0.600720
2021-07-20,-0.526003
2021-07-21,-0.448447
2021-07-22,-0.479630
2021-07-23,-0.438681
2021-07-26,-0.452007
2021-07-27,-0.502124
2021-07-28,-0.506186
2021-07-29,-0.465195
2021-07-30,-0.497226
2021-08-02,-0.543201
2021-08-03,-0.554582
2021-08-04,-0.589491
2021-08-05,-0.572401
2021-08-06,-0.485366
2021-08-09,-0.471597
2021-08-10,-0.469564
2021-08-11,-0.453051
2021-08-12,-0.447087
2021-08-13,-0.543153
2021-08-16,-0.555637
2021-08-17,-0.563134
2021-08-18,-0.572222
2021-08-19,-0.619835
2021-08-20,-0.609566
2021-08-23,-0.607845
2021-08-24,-0.566818
2021-08-25,-0.492401
2021-08-26,-0.505466
2021-08-27,-0.513261
2021-08-30,-0.521832
2021-08-31,-0.492136
2021-09-01,-0.502923
2021-09-02,-0.525595
2021-09-03,-0.480903
2021-09-07,-0.431910
2021-09-08,-0.487033
2021-09-09,-0.532653
2021-09-10,-0.485133
2021-09-13,-0.513695
2021-09-14,-0.580643
2021-09-15,-0.559219
2021-09-16,-0.526221
2021-09-17,-0.497809
2021-09-20,-0.566113
2021-09-21,-0.542584
2021-09-22,-0.601352
2021-09-23,-0.501249
2021-09-24,-0.430039
2021-09-27,-0.415060
2021-09-28,-0.326397
2021-09-29,-0.288993
2021-09-30,-0.315446
2021-10-01,-0.336820
2021-10-04,-0.335558
2021-10-05,-0.285371
2021-10-06,-0.315392
2021-10-07,-0.267276
2021-10-08,-0.235001
2021-10-12,-0.324672
2021-10-13,-0.400405
2021-10-14,-0.413364
2021-10-15,-0.401602
2021-10-18,-0.438834
2021-10-19,-0.328348
2021-10-20,-0.322672
2021-10-21,-0.333494
2021-10-22,-0.393093
2021-10-25,-0.376730
2021-10-26,-0.417230
2021-10-27,-0.545550
2021-10-28,-0.495264
2021-10-29,-0.483021
2021-11-01,-0.471143
2021-11-02,-0.479115
2021-11-03,-0.461967
2021-11-04,-0.486951
2021-11-05,-0.579528
2021-11-08,-0.565061
2021-11-09,-0.618576
2021-11-10,-0.589082
2021-11-12,-0.574471
2021-11-15,-0.511899
2021-11-16,-0.499866
2021-11-17,-0.522577
2021-11-18,-0.539805
2021-11-19,-0.621822
2021-11-22,-0.560035
2021-11-23,-0.503335
2021-11-24,-0.566002
2021-11-26,-0.678140
2021-11-29,-0.625810
2021-11-30,-0.724914
2021-12-01,-0.662869
2021-12-02,-0.771643
2021-12-03,-0.855080
2021-12-06,-0.793646
2021-12-07,-0.776903
2021-12-08,-0.749601
2021-12-09,-0.794413
2021-12-10,-0.800563
2021-12-13,-0.863252
2021-12-14,-0.849068
2021-12-15,-0.822158
2021-12-16,-0.740291
2021-12-17,-0.789817
2021-12-20,-0.748798
2021-12-21,-0.729868
2021-12-22,-0.757129
2021-12-23,-0.722301
2021-12-27,-0.761468
2021-12-28,-0.745484
2021-12-29,-0.649594
2021-12-30,-0.680201
2021-12-31,-0.682563
2022-01-03,-0.575086
2022-01-04,-0.501063
2022-01-05,-0.521441
2022-01-06,-0.547124
2022-01-07,-0.480747
2022-01-10,-0.519553
2022-01-11,-0.537902
2022-01-12,-0.556070
2022-01-13,-0.576515
2022-01-14,-0.543392
2022-01-18,-0.498574
2022-01-19,-0.533721
2022-01-20,-0.552694
2022-01-21,-0.603984
2022-01-24,-0.553225
2022-01-25,-0.556249
2022-01-26,-0.573657
2022-01-27,-0.675288
2022-01-28,-0.689412
2022-01-31,-0.661147
2022-02-01,-0.655592
2022-02-02,-0.679385
2022-02-03,-0.657562
2022-02-04,-0.638964
2022-02-07,-0.636283
2022-02-08,-0.622961
2022-02-09,-0.653553
2022-02-10,-0.720215
2022-02-11,-0.755855
2022-02-14,-0.728528
2022-02-15,-0.638801
2022-02-16,-0.625649
2022-02-17,-0.665606
2022-02-18,-0.709073
2022-02-22,-0.752498
2022-02-23,-0.710055
2022-02-24,-0.675731
2022-02-25,-0.699693
2022-02-28,-0.796748
2022-03-01,-0.828100
2022-03-02,-0.764725
2022-03-03,-0.788427
2022-03-04,-0.923824
2022-03-07,-0.916352
2022-03-08,-0.882465
2022-03-09,-0.847388
2022-03-10,-0.826583
2022-03-11,-0.855134
2022-03-14,-0.736378
2022-03-15,-0.747016
2022-03-16,-0.757179
2022-03-17,-0.706788
2022-03-18,-0.803634
2022-03-21,-0.712092
2022-03-22,-0.670347
2022-03-23,-0.683633
2022-03-24,-0.683606
2022-03-25,-0.607987
2022-03-28,-0.723689
2022-03-29,-0.792741
2022-03-30,-0.833508
2022-03-31,-0.863046
2022-04-01,-0.936682
2022-04-04,-0.870762
2022-04-05,-0.781830
2022-04-06,-0.655071
2022-04-07,-0.534283
2022-04-08,-0.498303
2022-04-11,-0.436586
2022-04-12,-0.384619
2022-04-13,-0.416916
2022-04-14,-0.322073
2022-04-18,-0.266343
2022-04-19,-0.269220
2022-04-20,-0.374608
2022-04-21,-0.369556
2022-04-22,-0.374771
2022-04-25,-0.457559
2022-04-26,-0.472782
2022-04-27,-0.415239
2022-04-28,-0.415838
2022-04-29,-0.395266
2022-05-02,-0.315528
2022-05-03,-0.364513
2022-05-04,-0.301306
2022-05-05,-0.150823
2022-05-06,-0.055886
2022-05-09,-0.082149
2022-05-10,-0.175374
2022-05-11,-0.244002
2022-05-12,-0.301107
2022-05-13,-0.220262
2022-05-16,-0.263046
2022-05-17,-0.258634
2022-05-18,-0.365723
2022-05-19,-0.368255
2022-05-20,-0.403226
2022-05-23,-0.373433
2022-05-24,-0.461989
2022-05-25,-0.419123
2022-05-26,-0.421591
2022-05-27,-0.471289
2022-05-31,-0.386313
2022-06-01,-0.393975
2022-06-02,-0.418352
2022-06-03,-0.396542
2022-06-06,-0.326278
2022-06-07,-0.367764
2022-06-08,-0.342736
2022-06-09,-0.383020
2022-06-10,-0.364147
2022-06-13,-0.251958
2022-06-14,-0.192378
2022-06-15,-0.164897
2022-06-16,-0.431621
2022-06-17,-0.343863
2022-06-21,-0.245701
2022-06-22,-0.352393
2022-06-23,-0.377885
2022-06-24,-0.348790
2022-06-27,-0.329729
2022-06-28,-0.305601
2022-06-29,-0.358166
2022-06-30,-0.348028
2022-07-01,-0.549675
2022-07-05,-0.430167
2022-07-06,-0.427984
2022-07-07,-0.393223
2022-07-08,-0.352456
2022-07-11,-0.463514
2022-07-12,-0.514293
2022-07-13,-0.655815
2022-07-14,-0.609696
2022-07-15,-0.638490
2022-07-18,-0.611615
2022-07-19,-0.622211
2022-07-20,-0.632803
2022-07-21,-0.767828
2022-07-22,-0.822226
2022-07-25,-0.797109
2022-07-26,-0.839371
2022-07-27,-0.817303
2022-07-28,-0.838405
2022-07-29,-0.878366
2022-08-01,-0.959429
2022-08-02,-0.941831
2022-08-03,-0.991968
2022-08-04,-0.989694
2022-08-05,-0.973882
2022-08-08,-1.020670
2022-08-09,-1.052385
2022-08-10,-0.988205
2022-08-11,-0.872496
2022-08-12,-0.932441
2022-08-15,-0.962549
2022-08-16,-0.974587
2022-08-17,-0.961570
2022-08-18,-0.954883
2022-08-19,-0.833412
2022-08-22,-0.830510
2022-08-23,-0.782139
2022-08-24,-0.739535
2022-08-25,-0.835253
2022-08-26,-0.848048
2022-08-29,-0.786061
2022-08-30,-0.811300
2022-08-31,-0.758270
2022-09-01,-0.653153
2022-09-02,-0.637225
2022-09-06,-0.561140
2022-09-07,-0.603099
2022-09-08,-0.621110
2022-09-09,-0.640239
2022-09-12,-0.590714
2022-09-13,-0.688571
2022-09-14,-0.736670
2022-09-15,-0.719618
2022-09-16,-0.670561
2022-09-19,-0.708095
2022-09-20,-0.599086
2022-09-21,-0.681725
2022-09-22,-0.529736
2022-09-23,-0.743462
2022-09-26,-0.609168
2022-09-27,-0.483881
2022-09-28,-0.561403
2022-09-29,-0.549445
2022-09-30,-0.514059
2022-10-03,-0.638018
2022-10-04,-0.663951
2022-10-05,-0.451755
2022-10-06,-0.414296
2022-10-07,-0.541210
2022-10-11,-0.350445
2022-10-12,-0.365237
2022-10-13,-0.397298
2022-10-14,-0.384857
2022-10-17,-0.349177
2022-10-18,-0.369924
2022-10-19,-0.357997
2022-10-20,-0.344403
2022-10-21,-0.181708
2022-10-24,-0.108936
2022-10-25,-0.350396
2022-10-26,-0.315593
2022-10-27,-0.323191
2022-10-28,-0.213906
2022-10-31,-0.203806
2022-11-01,-0.353018
2022-11-02,-0.303002
2022-11-03,-0.257749
2022-11-04,-0.131758
2022-11-07,-0.074541
2022-11-08,-0.128349
2022-11-09,-0.079335
2022-11-10,-0.476186
2022-11-14,-0.481847
2022-11-15,-0.529341
2022-11-16,-0.686538
2022-11-17,-0.663127
2022-11-18,-0.668051
2022-11-21,-0.385766
2022-11-22,-0.765513
2022-11-23,-0.827213
2022-11-25,-0.831742
2022-11-28,-0.825656
2022-11-29,-0.765743
2022-11-30,-0.751661
2022-12-01,-0.820093
2022-12-02,-0.859353
2022-12-05,-0.879548
2022-12-06,-0.949269
2022-12-07,-0.991235
2022-12-08,-0.952557
2022-12-09,-0.863528
2022-12-12,-0.881360
2022-12-13,-0.907793
2022-12-14,-0.915033
2022-12-15,-0.989857
2022-12-16,-0.876498
2022-12-19,-0.822529
2022-12-20,-0.683571
2022-12-21,-0.642945
2022-12-22,-0.710277
2022-12-23,-0.657040
2022-12-27,-0.583202
2022-12-28,-0.531670
2022-12-29,-0.592254
2022-12-30,-0.581038
2023-01-03,-0.674024
2023-01-04,-0.762114
2023-01-05,-0.812022
2023-01-06,-0.784701
2023-01-09,-0.773230
2023-01-10,-0.691123
2023-01-11,-0.738206
2023-01-12,-0.805076
2023-01-13,-0.843068
2023-01-17,-0.739565
2023-01-18,-0.848066
2023-01-19,-0.842972
2023-01-20,-0.793968
2023-01-23,-0.799470
2023-01-24,-0.861044
2023-01-25,-0.841676
2023-01-26,-0.843691
2023-01-27,-0.823159
2023-01-30,-0.840158
2023-01-31,-0.802921
2023-02-01,-0.840494
2023-02-02,-0.850930
2023-02-03,-0.883468
2023-02-06,-0.920185
2023-02-07,-0.890577
2023-02-08,-0.867543
2023-02-09,-0.889096
2023-02-10,-0.786008
2023-02-13,-0.867575
2023-02-14,-0.912679
2023-02-15,-0.553354
2023-02-16,-0.791633
2023-02-17,-0.794516
2023-02-21,-0.728694
2023-02-22,-0.463051
2023-02-23,-0.499119
2023-02-24,-0.486580
2023-02-27,-0.486054
2023-02-28,-0.497456
2023-03-01,-0.442648
2023-03-02,-0.379685
2023-03-03,-0.509448
2023-03-06,-0.821366
2023-03-07,-0.642776
2023-03-08,-0.678893
2023-03-09,-0.650376
2023-03-10,-0.811521
2023-03-13,-0.698076
2023-03-14,-0.731501
2023-03-15,-0.711080
2023-03-16,-0.755190
2023-03-17,-0.707041
2023-03-20,-0.686818
2023-03-21,-0.704972
2023-03-22,-0.667090
2023-03-23,-0.660335
2023-03-24,-0.672364
2023-03-27,-0.630026
2023-03-28,-0.651791
2023-03-29,-0.649706
2023-03-30,-0.684520
2023-03-31,-0.732599
2023-04-03,-0.735940
2023-04-04,-0.724212
2023-04-05,-0.770019
2023-04-06,-0.801019
2023-04-07,-0.790538
2023-04-10,-0.799962
2023-04-11,-0.788916
2023-04-12,-0.740486
2023-04-13,-0.701540
2023-04-14,-0.703879
2023-04-17,-0.671724
2023-04-18,-0.700195
2023-04-19,-0.712141
2023-04-20,-0.697656
2023-04-21,-0.675737
2023-04-24,-0.704659
2023-04-25,-0.706160
2023-04-26,-0.684057
2023-04-27,-0.676282
2023-04-28,-0.744274
2023-05-01,-0.625322
2023-05-02,-0.683010
2023-05-03,-0.667105
2023-05-04,-0.597257
2023-05-05,-0.614341
2023-05-08,-0.579677
2023-05-09,-0.564285
2023-05-10,-0.565358
2023-05-11,-0.653909
2023-05-12,-0.639050
2023-05-15,-0.564227
2023-05-16,-0.552190
2023-05-17,-0.581560
2023-05-18,-0.577263
2023-05-19,-0.543508
2023-05-22,-0.524500
2023-05-23,-0.549769
2023-05-24,-0.559158
2023-05-25,-0.583730
2023-05-26,-0.648463
2023-05-30,-0.678490
2023-05-31,-0.691797
2023-06-01,-0.688517
2023-06-02,-0.717001
2023-06-05,-0.699504
2023-06-06,-0.729582
2023-06-07,-0.638067
2023-06-08,-0.708875
2023-06-09,-0.747824
2023-06-12,-0.733037
2023-06-13,-0.726829
2023-06-14,-0.839279
2023-06-15,-0.827169
2023-06-16,-0.878716
2023-06-20,-0.896179
2023-06-21,-0.915899
2023-06-22,-0.899741
2023-06-23,-0.899608
2023-06-26,-0.889294
2023-06-27,-0.937626
2023-06-28,-0.966928
2023-06-29,-0.703689
2023-06-30,-0.771531
2023-07-03,-0.772595
2023-07-05,-0.665392
2023-07-06,-0.606788
2023-07-07,-0.574474
2023-07-10,-0.675231
2023-07-11,-0.751127
2023-07-12,-0.751269
2023-07-13,-0.738266
2023-07-14,-0.834939
2023-07-17,-0.831271
2023-07-18,-0.873840
2023-07-19,-0.949647
2023-07-20,-0.889000
2023-07-21,-0.909593
2023-07-24,-0.880631
2023-07-25,-0.861274
2023-07-26,-0.693893
2023-07-27,-0.768243
2023-07-28,-0.791467
2023-07-31,-0.635737
2023-08-01,-0.483304
2023-08-02,-0.602116
2023-08-03,-0.480735
2023-08-04,-0.539848
2023-08-07,-0.465376
2023-08-08,-0.537772
2023-08-09,-0.597305
2023-08-10,-0.502016
2023-08-11,-0.489395
2023-08-14,-0.565021
2023-08-15,-0.482834
2023-08-16,-0.452522
2023-08-17,-0.370544
2023-08-18,-0.408101
2023-08-21,-0.348779
2023-08-22,-0.202453
2023-08-23,-0.518900
2023-08-24,-0.509246
2023-08-25,-0.534510
2023-08-28,-0.549190
2023-08-29,-0.533021
2023-08-30,-0.512847
2023-08-31,-0.519973
2023-09-01,-0.404937
2023-09-05,-0.395439
2023-09-06,-0.241129
2023-09-07,-0.410837
2023-09-08,-0.456146
2023-09-11,-0.413673
2023-09-12,-0.472198
2023-09-13,-0.465725
2023-09-14,-0.456134
2023-09-15,-0.212266
2023-09-18,-0.242181
2023-09-19,-0.281733
2023-09-20,-0.335377
2023-09-21,-0.093718
2023-09-22,-0.130229
2023-09-25,0.023947
2023-09-26,0.049681
2023-09-27,0.091197
2023-09-28,0.107223
2023-09-29,0.143249
2023-10-02,0.205475
2023-10-03,0.318009
2023-10-04,0.277720
2023-10-05,0.300374
2023-10-06,0.249841
2023-10-10,0.211932
2023-10-11,0.056597
2023-10-12,0.256522
2023-10-13,0.177019
2023-10-16,0.256935
2023-10-17,0.282113
2023-10-18,0.267563
2023-10-19,0.449029
2023-10-20,0.460142
2023-10-23,0.369452
2023-10-24,0.320105
2023-10-25,0.431222
2023-10-26,0.381750
2023-10-27,0.406866
2023-10-30,0.423866
2023-10-31,0.399794
2023-11-01,0.353746
2023-11-02,0.175907
2023-11-03,0.189393
2023-11-06,0.215104
2023-11-07,0.114509
2023-11-08,0.078112
2023-11-09,0.204138
2023-11-10,0.156014
2023-11-13,0.174892
2023-11-14,0.049509
2023-11-15,0.070333
2023-11-16,0.055335
2023-11-17,-0.027344
2023-11-20,-0.059678
2023-11-21,-0.029922
2023-11-22,-0.043709
2023-11-24,0.098484
2023-11-27,-0.050209
2023-11-28,0.013106
2023-11-29,-0.019031
2023-11-30,0.048370
2023-12-01,-0.022616
2023-12-04,-0.019467
2023-12-05,-0.115847
2023-12-06,-0.219372
2023-12-07,-0.178485
2023-12-08,-0.181285
2023-12-11,-0.170633
2023-12-12,-0.223475
2023-12-13,-0.209429
2023-12-14,-0.326506
2023-12-15,-0.379347
2023-12-18,-0.340777
2023-12-19,-0.346356
2023-12-20,-0.387997
2023-12-21,-0.346184
2023-12-22,-0.328524
2023-12-26,-0.349715
2023-12-27,-0.483216
2023-12-28,-0.460173
2023-12-29,-0.344471
2024-01-02,-0.329136
2024-01-03,-0.353097
2024-01-04,-0.280094
2024-01-05,-0.216300
2024-01-08,-0.236040
2024-01-09,-0.245839
2024-01-10,-0.218390
2024-01-11,-0.228047
2024-01-12,-0.196635
2024-01-16,-0.096228
2024-01-17,-0.130151
2024-01-18,-0.073917
2024-01-19,-0.087228
2024-01-22,-0.125576
2024-01-23,-0.075553
2024-01-24,-0.037446
2024-01-25,-0.051292
2024-01-26,-0.057012
2024-01-29,-0.124383
2024-01-30,-0.173432
2024-01-31,-0.213142
2024-02-01,-0.362377
2024-02-02,-0.252175
2024-02-05,-0.154736
2024-02-06,-0.199427
2024-02-07,-0.185440
2024-02-08,-0.128782
2024-02-09,-0.132395
2024-02-12,-0.128294
2024-02-13,-0.090013
2024-02-14,-0.088198
2024-02-15,-0.101734
2024-02-16,-0.089803
2024-02-20,-0.074612
2024-02-21,-0.051063
2024-02-22,-0.096145
2024-02-23,-0.170561
2024-02-26,-0.174332
2024-02-27,-0.138396
2024-02-28,-0.140741
2024-02-29,-0.166225
2024-03-01,-0.163701
2024-03-04,-0.170126
2024-03-05,-0.246274
2024-03-06,-0.308293
2024-03-07,-0.291023
2024-03-08,-0.264874
2024-03-11,-0.294393
2024-03-12,-0.268803
2024-03-13,-0.250575
2024-03-14,-0.171557
2024-03-15,-0.188632
2024-03-18,-0.165345
2024-03-19,-0.173605
2024-03-20,-0.148691
2024-03-21,-0.157658
2024-03-22,-0.205495
2024-03-25,-0.178392
2024-03-26,-0.200633
2024-03-27,-0.230687
2024-03-28,-0.272704
2024-04-01,-0.182839
2024-04-02,-0.113237
2024-04-03,-0.099533
2024-04-04,-0.132868
2024-04-05,-0.110600
2024-04-08,-0.126121
2024-04-09,-0.165260
2024-04-10,-0.152690
2024-04-11,-0.127952
2024-04-12,-0.135082
2024-04-15,-0.021282
2024-04-16,-0.001874
2024-04-17,-0.076625
2024-04-18,-0.041232
2024-04-19,-0.060031
2024-04-22,-0.049204
2024-04-23,-0.021359
2024-04-24,0.026535
2024-04-25,0.033103
2024-04-26,-0.012433
2024-04-29,-0.049631
2024-04-30,-0.042446
2024-05-01,-0.044910
2024-05-02,-0.016066
2024-05-03,-0.033191
2024-05-06,-0.081466
2024-05-07,-0.121214
2024-05-08,-0.086945
2024-05-09,-0.096701
2024-05-10,-0.085500
2024-05-13,-0.099224
2024-05-14,-0.097458
2024-05-15,-0.139224
2024-05-16,-0.123685
2024-05-17,-0.146176
2024-05-20,-0.136862
2024-05-21,-0.160286
2024-05-22,-0.200891
2024-05-23,-0.100499
2024-05-24,-0.089145
2024-05-28,-0.139895
2024-05-29,0.065043
2024-05-30,0.018904
2024-05-31,-0.002427
2024-06-03,-0.172330
2024-06-04,-0.219270
2024-06-05,-0.227607
2024-06-06,-0.235895
2024-06-07,-0.192143
2024-06-10,-0.035564
2024-06-11,-0.167762
2024-06-12,-0.202530
2024-06-13,-0.230787
2024-06-14,-0.271650
2024-06-17,-0.264677
2024-06-18,-0.272322
2024-06-20,-0.241463
2024-06-21,-0.244003
2024-06-24,-0.259048
2024-06-25,-0.273381
2024-06-26,-0.205695
2024-06-27,-0.216657
2024-06-28,-0.131953
2024-07-01,0.014568
2024-07-02,-0.027469
2024-07-03,-0.092032
2024-07-05,-0.098449
2024-07-08,-0.121992
2024-07-09,-0.082753
2024-07-10,-0.105568
2024-07-11,-0.120071
2024-07-12,-0.100824
2024-07-15,-0.032127
2024-07-16,-0.105799
2024-07-17,-0.118915
2024-07-18,-0.076912
2024-07-19,-0.052555
2024-07-22,-0.038356
2024-07-23,-0.034847
2024-07-24,0.043153
2024-07-25,-0.005514
2024-07-26,-0.039514
2024-07-29,-0.064389
2024-07-30,-0.075746
2024-07-31,-0.122358
2024-08-01,-0.161959
2024-08-02,-0.240256
2024-08-05,-0.290543
2024-08-06,-0.195523
2024-08-07,-0.123261
2024-08-08,-0.110783
2024-08-09,-0.136894
2024-08-12,-0.146779
2024-08-13,-0.204568
2024-08-14,-0.247733
2024-08-15,-0.181895
2024-08-16,-0.227395
2024-08-19,-0.261696
2024-08-20,-0.284354
2024-08-21,-0.275693
2024-08-22,-0.232911
2024-08-23,-0.239013
2024-08-26,-0.242513
2024-08-27,-0.191691
2024-08-28,-0.183922
2024-08-29,-0.165374
2024-08-30,-0.134784
2024-09-03,-0.200222
2024-09-04,-0.226867
2024-09-05,-0.254220
2024-09-06,-0.232781
2024-09-09,-0.262393
2024-09-10,-0.274985
2024-09-11,-0.297661
2024-09-12,-0.259996
2024-09-13,-0.256356
2024-09-16,-0.284187
2024-09-17,-0.278398
2024-09-18,-0.200845
2024-09-19,-0.166622
2024-09-20,-0.162568
2024-09-23,-0.147032
2024-09-24,-0.121564
2024-09-25,-0.077347
2024-09-26,-0.115286
2024-09-27,-0.126333
2024-09-30,-0.119306
2024-10-01,-0.162119
2024-10-02,-0.114698
2024-10-03,-0.078826
2024-10-04,-0.076404
2024-10-07,0.005147
2024-10-08,-0.027663
2024-10-09,0.036263
2024-10-10,0.043558
2024-10-11,0.105998
2024-10-15,-0.016841
2024-10-16,-0.007556
2024-10-17,0.100187
2024-10-18,0.102270
2024-10-21,0.187247
2024-10-22,0.193552
2024-10-23,0.205288
2024-10-24,0.164805
2024-10-25,0.195916
2024-10-28,0.208160
2024-10-29,0.222173
2024-10-30,0.193723
2024-10-31,0.156426
2024-11-01,0.274058
2024-11-04,0.214381
2024-11-05,0.156624
2024-11-06,0.299922
2024-11-07,0.226911
2024-11-08,0.134904
2024-11-12,0.215471
2024-11-13,0.314673
2024-11-14,0.205475
2024-11-15,0.270635
2024-11-18,0.278505
2024-11-19,0.239823
2024-11-20,0.208904
2024-11-21,0.200819
2024-11-22,0.174644
2024-11-25,0.064824
2024-11-26,0.120495
2024-11-27,0.084391
2024-11-29,0.075197
2024-12-02,0.044101
2024-12-03,0.093154
2024-12-04,0.098604
2024-12-05,0.034615
2024-12-06,0.055455
2024-12-09,0.079525
2024-12-10,0.092638
2024-12-11,0.152578
2024-12-12,0.212860
2024-12-13,0.270713
2024-12-16,0.256266
2024-12-17,0.267911
2024-12-18,0.310143
2024-12-19,0.426221
2024-12-20,0.374559
2024-12-23,0.433614
2024-12-24,0.420787
2024-12-26,0.421947
2024-12-27,0.486040
2024-12-30,0.452143
2024-12-31,0.474475
2025-01-02,0.473300
2025-01-03,0.489609
2025-01-06,0.523243
2025-01-07,0.588688
2025-01-08,0.598241
2025-01-09,0.616774
2025-01-10,0.635291
2025-01-13,0.645615
2025-01-14,0.666126
2025-01-15,0.573670
2025-01-16,0.567654
2025-01-17,0.514710
2025-01-21,0.454259
2025-01-22,0.473547
2025-01-23,0.531992
2025-01-24,0.522441
2025-01-27,0.423045
2025-01-28,0.474573
2025-01-29,0.455729
2025-01-30,0.443106
2025-01-31,0.484393
2025-02-03,0.406236
2025-02-04,0.417743
2025-02-05,0.324441
2025-02-06,0.310213
2025-02-07,0.301872
2025-02-10,0.318009
2025-02-11,0.360240
2025-02-12,0.437490
2025-02-13,0.337031
2025-02-14,0.316646
2025-02-18,0.381333
2025-02-19,0.386183
2025-02-20,0.361697
2025-02-21,0.327427
2025-02-24,0.328183
2025-02-25,0.265746
2025-02-26,0.228170
2025-02-27,0.269431
2025-02-28,0.254051
2025-03-03,0.197381
2025-03-04,0.270344
2025-03-05,0.304034
2025-03-06,0.350709
2025-03-07,0.364519
2025-03-10,0.310206
2025-03-11,0.368019
2025-03-12,0.384610
2025-03-13,0.358863
2025-03-14,0.364630
2025-03-17,0.336766
2025-03-18,0.323471
2025-03-19,0.300769
2025-03-20,0.302713
2025-03-21,0.345034
2025-03-24,0.393880
2025-03-25,0.386547
2025-03-26,0.421333
2025-03-27,0.466118
2025-03-28,0.394657
2025-03-31,0.363742
2025-04-01,0.310891
2025-04-02,0.316058
2025-04-03,0.297840
2025-04-04,0.231220
2025-04-07,0.410415
2025-04-08,0.581058
2025-04-09,0.520208
2025-04-10,0.687098
2025-04-11,0.671643
2025-04-14,0.631354
2025-04-15,0.623923
2025-04-16,0.600783
2025-04-17,0.648726
2025-04-21,0.819153
2025-04-22,0.754252
2025-04-23,0.669772
2025-04-24,0.628797
2025-04-25,0.594617
2025-04-28,0.580666
2025-04-29,0.540162
2025-04-30,0.587248
2025-05-01,0.629218
2025-05-02,0.636275
2025-05-05,0.674130
2025-05-06,0.676696
2025-05-07,0.619652
2025-05-08,0.660101
2025-05-09,0.662242
2025-05-12,0.670488
2025-05-13,0.722493
2025-05-14,0.733540
2025-05-15,0.710449
2025-05-16,0.680899
2025-05-19,0.731684
2025-05-20,0.773246
2025-05-21,0.891319
2025-05-22,0.852433
2025-05-23,0.812815
2025-05-27,0.735434
2025-05-28,0.759777
2025-05-29,0.724897
2025-05-30,0.733454
2025-06-02,0.783997
2025-06-03,0.767852
2025-06-04,0.694757
2025-06-05,0.674643
2025-06-06,0.729886
2025-06-09,0.722513
2025-06-10,0.698663
2025-06-11,0.680737
2025-06-12,0.619998
2025-06-13,0.681645
2025-06-16,0.729044
2025-06-17,0.652001
2025-06-18,0.662227
2025-06-20,0.681563
2025-06-23,0.675206
2025-06-24,0.653873
2025-06-25,0.662470
2025-06-26,0.663576
2025-06-27,0.688528
2025-06-30,0.617602
2025-07-01,0.595471
2025-07-02,0.651877
2025-07-03,0.640005
2025-07-07,0.714027
2025-07-08,0.725354
2025-07-09,0.663094
2025-07-10,0.654876
2025-07-11,0.750735
2025-07-14,0.758530
2025-07-15,0.799205
2025-07-16,0.816863
2025-07-17,0.809535
2025-07-18,0.800492
2025-07-21,0.740038
2025-07-22,0.719046
2025-07-23,0.729522
2025-07-24,0.728516
2025-07-25,0.697869
2025-07-28,0.726530
2025-07-29,0.635291
2025-07-30,0.640563
2025-07-31,0.626806
2025-08-01,0.620106
2025-08-04,0.618474
2025-08-05,0.604341
2025-08-06,0.647853
2025-08-07,0.636042
2025-08-08,0.660058
2025-08-11,0.644314
2025-08-12,0.699691
2025-08-13,0.665593
2025-08-14,0.706909
2025-08-15,0.756128
2025-08-18,0.768655
2025-08-19,0.741399
2025-08-20,0.729150
2025-08-21,0.740742
2025-08-22,0.727706
2025-08-25,0.732367
2025-08-26,0.758405
2025-08-27,0.771039
2025-08-28,0.726388
2025-08-29,0.768799
2025-09-02,0.814755
2025-09-03,0.756047
2025-09-04,0.724798
2025-09-05,0.669459
2025-09-08,0.608895
2025-09-09,0.609446
2025-09-10,0.566541
2025-09-11,0.529592
2025-09-12,0.565277
2025-09-15,0.553772
2025-09-16,0.559005
2025-09-17,0.558221
2025-09-18,0.609186
2025-09-19,0.636878
2025-09-22,0.638259
2025-09-23,0.610575
2025-09-24,0.621346
2025-09-25,0.590717
2025-09-26,0.624024
2025-09-29,0.578165
2025-09-30,0.607074
2025-10-01,0.611553
2025-10-02,0.583404
2025-10-03,0.598014
2025-10-06,0.644009
2025-10-07,0.618439
2025-10-08,0.605232
2025-10-09,0.609463
2025-10-10,0.539814
2025-10-14,0.545532
2025-10-15,0.562463
2025-10-16,0.528325
2025-10-17,0.538820
2025-10-20,0.519824
2025-10-21,0.490039
2025-10-22,0.482511
2025-10-23,0.508569
2025-10-24,0.527160
2025-10-27,0.498964
2025-10-28,0.483765
2025-10-29,0.501205
2025-10-30,0.541024
2025-10-31,0.558815
2025-11-03,0.575272
2025-11-04,0.563707
2025-11-05,0.612968
2025-11-06,0.588031
2025-11-07,0.604123
2025-11-10,0.601038
2025-11-12,0.563180
2025-11-13,0.589600
2025-11-14,0.620604
2025-11-17,0.599822
2025-11-18,0.627875
2025-11-19,0.628855
2025-11-20,0.620656
2025-11-21,0.623732
2025-11-24,0.592364
2025-11-25,0.583932
2025-11-26,0.555885
2025-11-28,0.578189
2025-12-01,0.638784
2025-12-02,0.653040
2025-12-03,0.641208
2025-12-04,0.662635
2025-12-05,0.668475
2025-12-08,0.690749
2025-12-09,0.661793
2025-12-10,0.688554
2025-12-11,0.698173
2025-12-12,0.770394
2025-12-15,0.770218
2025-12-16,0.750027
2025-12-17,0.757689
2025-12-18,0.734946
2025-12-19,0.754102
2025-12-22,0.748326
2025-12-23,0.705514
2025-12-24,0.672787
2025-12-26,0.723291
2025-12-29,0.714700
2025-12-30,0.730054
2025-12-31,0.747786
2026-01-02,0.790089
2026-01-05,0.775839
2026-01-06,0.783623
2026-01-07,0.731015
2026-01-08,0.753139
2026-01-09,0.698349
2026-01-12,0.713448
2026-01-13,0.711631
2026-01-14,0.679087
2026-01-15,0.660182
2026-01-16,0.702731
2026-01-20,0.804003
2026-01-21,0.762798
2026-01-22,0.725711
2026-01-23,0.709764
2026-01-26,0.680052
2026-01-27,0.714697
2026-01-28,0.737235
2026-01-29,0.751164
2026-01-30,0.762204
2026-02-02,0.793125
2026-02-03,0.786180
2026-02-04,0.781592
2026-02-05,0.775080
2026-02-06,0.770765
2026-02-09,0.775612
2026-02-10,0.722067
2026-02-11,0.729205
2026-02-12,0.664056
2026-02-13,0.650640
2026-02-17,0.628483
2026-02-18,0.651234
2026-02-19,0.639052
2026-02-20,0.648092
2026-02-23,0.630774
2026-02-24,0.622226
2026-02-25,0.613086
2026-02-26,0.595374
2026-02-27,0.591515
2026-03-02,0.611739
2026-03-03,0.608160
2026-03-04,0.596060
2026-03-05,0.612346
2026-03-06,0.643385
2026-03-09,0.610773
2026-03-10,0.622657
2026-03-11,0.672292
2026-03-12,0.655691
2026-03-13,0.699614
2026-03-16,0.660881
2026-03-17,0.641106
2026-03-18,0.645248
2026-03-19,0.589999
2026-03-20,0.713177
2026-03-23,0.690631
2026-03-24,0.672784
2026-03-25,0.625711
2026-03-26,0.651413
2026-03-27,0.736751
2026-03-30,0.681490
2026-03-31,0.649070
2026-04-01,0.680621
2026-04-02,0.653187
2026-04-03,0.665220
2026-04-06,0.640782
2026-04-07,0.661816
2026-04-08,0.641094
2026-04-09,0.654680
2026-04-10,0.668762
2026-04-13,0.658134
2026-04-14,0.625007
2026-04-15,0.647367
2026-04-16,0.684424
2026-04-17,0.661925
2026-04-20,0.650046
2026-04-21,0.649771
2026-04-22,0.650136
2026-04-23,0.666520
2026-04-24,0.667761
2026-04-27,0.693331
2026-04-28,0.682680
2026-04-29,0.697442
2026-04-30,0.714484
2026-05-01,0.696590
2026-05-04,0.724672
2026-05-05,0.704037
2026-05-06,0.663246
2026-05-07,0.682796
2026-05-08,0.658212
2026-05-11,0.680731
2026-05-12,0.716809
2026-05-13,0.728872
2026-05-14,0.704210
2026-05-15,0.818423
2026-05-18,0.826874
2026-05-19,0.876658
2026-05-20,0.806958
2026-05-21,0.776998
2026-05-22,0.725107
2026-05-26,0.700140
2026-05-27,0.687693
2026-05-28,0.659368
2026-05-29,0.660669
2026-06-01,0.658511
2026-06-02,0.634355
2026-06-03,0.657698
2026-06-04,0.655819
2026-06-05,0.664031
2026-06-08,0.681574
2026-06-09,0.665982
2026-06-10,0.686478
2026-06-11,0.616601
2026-06-12,0.633895
2026-06-15,0.627786
2026-06-16,0.580624
2026-06-17,0.534188
2026-06-18,0.503399
2026-06-22,0.526912
2026-06-23,0.538551
2026-06-24,0.460079
2026-06-25,0.463760
2026-06-26,0.470701
2026-06-29,0.455428
2026-06-30,0.506231
2026-07-01,0.542420
2026-07-02,0.584109
2026-07-06,0.587556
2026-07-07,0.624316
2026-07-08,0.642132
2026-07-09,0.645367
2026-07-10,0.643111
2026-07-13,0.657603
2026-07-14,0.674603
2026-07-15,0.678802
2026-07-16,0.685579
2026-07-17,0.647943
2026-07-20,0.681268
2026-07-21,0.687861
2026-07-22,0.699966
2026-07-23,0.714312
2026-07-24,0.700047
2026-07-27,0.659017
2026-07-28,0.643616
2026-07-29,0.767728
2026-07-30,0.779643
2026-07-31,0.833222
2026-08-03,0.783954
2026-08-04,0.747984
2026-08-05,0.751369
2026-08-06,0.770645
2026-08-07,0.775912
2026-08-10,0.816793
2026-08-11,0.814602
2026-08-12,0.822024
2026-08-13,0.799671
2026-08-14,0.848130
2026-08-17,0.890392
2026-08-18,0.866300
2026-08-19,0.767373
2026-08-20,0.811452
2026-08-21,0.835549
2026-08-24,0.783816
2026-08-25,0.733471
2026-08-26,0.745216
2026-08-27,0.753193
2026-08-28,0.723581
2026-08-31,0.759361
2026-09-01,0.778978
2026-09-02,0.719798
2026-09-03,0.753531
2026-09-04,0.676658
2026-09-08,0.755788
2026-09-09,0.703380
2026-09-10,0.756351
2026-09-11,0.713714
2026-09-14,0.693065
2026-09-15,0.705250
2026-09-16,0.665824
2026-09-17,0.606784
2026-09-18,0.631990
2026-09-21,0.575840
2026-09-22,0.571718
2026-09-23,0.641800
2026-09-24,0.726513
2026-09-25,0.771522
2026-09-28,0.789744
2026-09-29,0.843823
2026-09-30,0.885008
2026-10-01,0.904732
2026-10-02,0.913670
